# Resource object code (Python 3)
# Created by: object code
# Created by: The Resource Compiler for Qt version 6.8.1
# WARNING! All changes made in this file will be lost!

from PyQt6.QtCore import qRegisterResourceData, qUnregisterResourceData

qt_resource_data = b"\
\x00\x00\x0aI\
\x89\
PNG\x0d\x0a\x1a\x0a\x00\x00\x00\x0dIHDR\x00\
\x00\x00`\x00\x00\x00`\x08\x06\x00\x00\x00\xe2\x98w8\
\x00\x00\x00\x09pHYs\x00\x00\x0b\x13\x00\x00\x0b\x13\
\x01\x00\x9a\x9c\x18\x00\x00\x05\xc8iTXtXML\
:com.adobe.xmp\x00\x00\
\x00\x00\x00<?xpacket beg\
in=\x22\xef\xbb\xbf\x22 id=\x22W5M\
0MpCehiHzreSzNTc\
zkc9d\x22?> <x:xmpm\
eta xmlns:x=\x22ado\
be:ns:meta/\x22 x:x\
mptk=\x22Adobe XMP \
Core 6.0-c002 79\
.164460, 2020/05\
/12-16:04:17    \
    \x22> <rdf:RDF \
xmlns:rdf=\x22http:\
//www.w3.org/199\
9/02/22-rdf-synt\
ax-ns#\x22> <rdf:De\
scription rdf:ab\
out=\x22\x22 xmlns:xmp\
=\x22http://ns.adob\
e.com/xap/1.0/\x22 \
xmlns:dc=\x22http:/\
/purl.org/dc/ele\
ments/1.1/\x22 xmln\
s:photoshop=\x22htt\
p://ns.adobe.com\
/photoshop/1.0/\x22\
 xmlns:xmpMM=\x22ht\
tp://ns.adobe.co\
m/xap/1.0/mm/\x22 x\
mlns:stEvt=\x22http\
://ns.adobe.com/\
xap/1.0/sType/Re\
sourceEvent#\x22 xm\
p:CreatorTool=\x22A\
dobe Photoshop 2\
1.2 (Windows)\x22 x\
mp:CreateDate=\x222\
024-09-13T23:33:\
01+03:00\x22 xmp:Mo\
difyDate=\x222024-0\
9-13T23:47:56+03\
:00\x22 xmp:Metadat\
aDate=\x222024-09-1\
3T23:47:56+03:00\
\x22 dc:format=\x22ima\
ge/png\x22 photosho\
p:ColorMode=\x223\x22 \
xmpMM:InstanceID\
=\x22xmp.iid:e3d76c\
84-1dc9-724c-888\
a-205c8f9988c2\x22 \
xmpMM:DocumentID\
=\x22adobe:docid:ph\
otoshop:649356fa\
-9e14-014d-8003-\
3a1f54dfd8bf\x22 xm\
pMM:OriginalDocu\
mentID=\x22xmp.did:\
9f634c04-3880-ac\
43-bb67-0d205ef1\
1295\x22> <xmpMM:Hi\
story> <rdf:Seq>\
 <rdf:li stEvt:a\
ction=\x22created\x22 \
stEvt:instanceID\
=\x22xmp.iid:9f634c\
04-3880-ac43-bb6\
7-0d205ef11295\x22 \
stEvt:when=\x222024\
-09-13T23:33:01+\
03:00\x22 stEvt:sof\
twareAgent=\x22Adob\
e Photoshop 21.2\
 (Windows)\x22/> <r\
df:li stEvt:acti\
on=\x22saved\x22 stEvt\
:instanceID=\x22xmp\
.iid:e3d76c84-1d\
c9-724c-888a-205\
c8f9988c2\x22 stEvt\
:when=\x222024-09-1\
3T23:47:56+03:00\
\x22 stEvt:software\
Agent=\x22Adobe Pho\
toshop 21.2 (Win\
dows)\x22 stEvt:cha\
nged=\x22/\x22/> </rdf\
:Seq> </xmpMM:Hi\
story> </rdf:Des\
cription> </rdf:\
RDF> </x:xmpmeta\
> <?xpacket end=\
\x22r\x22?>\xa6I;\x10\x00\x00\x04'IDA\
Tx\x9c\xed\x9dAv\xe28\x10@\xbf\xe6\xcd\x16\xae\
0\xe2$qV\xe1\x16cN\x92\xf4I`n\x01+\
\xdc'A}\x85p\x00\xcf\xc2v\x93\x90\xc6\x92l\xd9\
%B\xfd\xf7\xfc\xd2\x1d\xd9\xa2\xd0W\x95qZJ\x9b\
\xba\xaeQ\xe4\xf8K:\x80GG\x05\x08\xa3\x02\x84Q\
\x01\xc2\xa8\x00aT\x800*@\x98\xbf\xa5\x03\x88e\
y0%\xf0\xd4\xfe\xb5h\xbf:\xa0\x02~\x02\xee\xfd\
\xa5v3\x875\x18s/\x0fb\xcb\x83y\x05\xde\x02\
O\x7f\x03\xfe\xbb\x07\x11\xd9\x0bX\x1eL\x01\xbcr\x99\
\xed\xa1T\xc0&w\x09Y\xdf\x03\xdars$~\xf0\
i\xaf9\xb5\x99\x93-\xd9f\xc0\xf2`,pJ\xd4\
\xdd*\xd7L\xc89\x03\xb6\x09\xfb:\xb6B\xb3#K\
\x01m\xd9(\x12vi\x81\x7f\x13\xf6\x97\x8c\xecJP\
\xe2\xd2sMv\xa5(\xc7\x0c(\x02\xceq\xc0\x06X\
\xb5\xc7s\xfb\xbd\x14}\xcfJ\x8e\x0fb\xffx\xda\xdd\
\xfbK\xbd\xba\xfe\x1e\xb0Z\x1e\xcc\x89\xa6\xdc\xdc\xe2\x09\
\xd8\x0d\x8el\x02\xee1\x03~\xf4\xb4m<\xd7\xda\xa8\
Hf \xc7{@o@\xef/\xb5\x99\xf2\xfa\xb9\xc9\
1\x03\x1e\x0a\x15 \x8c\x0a\x10F\x05\x08\xa3\x02\x84Q\
\x01\xc2\xa8\x00aT\x800*@\x18\x15 \x8c\x0a\x10\
F\x05\x08\xa3\x02\x84Q\x01\xc2\xa8\x00aT\x800*\
@\x18\x15 \x8c\x0a\x10F\x05\x08\xa3\x02\x84Q\x01\xc2\
\xa8\x00aT\x800\xc9\x05\x18cN\xc6\x98\xba\xe7\xb0\
\xc6\x18n\x1dx\xd6x.\x0f\xb7\xaf\x0fX\x82\xee\xfa\
^\xbb\x8d\xad/\xf6\xe4\xab\xd8r\xcc\x00\xe7i\xb7=\
m\xc5\xc8\xbe}\x8c\xbd\xfe\x0bS\x08p\x9ev;\xf2\
\xfa\xedb\x7f\xb3\x0f\xdfv\xa4\xca\xd3~\xab\xdf\xc9\x90\
\xc8\x00\xebi\xff\x19p\xfdq\xb1\xa7\xe8D,\xf6\x94\
\x8b=\xbe\x95\xd1\x00\xbfF\xc6\xe6<\xed\xd1L\xb1<\
\xddy\xda\xbd\xcb\xcf\xdb\xc3\xf6\x9cci6\xef\xb1\xd8\
\x07\xc5\x04\xc0y\xed]\x9a\x1e\x12[R$JP\xd1\
\xd7x^S1\xcd\x1a\xfe\xb7\x80sJO\xbb\x1b\x1d\
\xc5\x15\xc9\x97\xa7\x1bc\x0a\xda\xd9\xd9\xc3\x0a\xcf\x9b\x09\
,)\xa1\xb8\xf3\x9a\xebM\x1d\xd7X\xfc[\xa3\x9e\xeb\
\xba\xae\x92D\xd42E\x06T\x8c\xcc\x82\x96\xd0mG\
!\xf86n\x80\x7f\x13\x9f\xc3\x7f\x13\x8ff\xaa\x9bp\
\xe5i\x7f\xc53\xbb\xcfk\x1cM)r#c\xd9\xb4\
e\xcdG\xe9i\x0f\xe9#\x9a\xa9\x04\x84|\x92\xf1n\
\x1b=\xaf\xf9A3{\xdd\x80\x18*\xe09\xe0\xc6\x0b\
\x01\x13b`\x0c^\xa6\xb8\x07t\x7f\xf4\xd5pGD\
\x99Y\xec\xd9\xd2\x94\xae\xbe>;\xdeZy!X\xfc\
\xb5\xdf\xd1\xdc\xb7H=^S\xee\x92\xdc\xd1\xff\xc9\xc3\
\xd2dA\xd0@\x9d\xd7l\x16\xfb\xdf\xf7\x8e'.2\
,\x97R\xf5\x0b\xa8\xda\xf2\x15J\xc8\x8e\xfc]D\x7f\
q\xd4u\x9d\xf4\xb8\xe2\x04\xd4\x9eC\xf2\x97i\xbc\xf6\
\xc4\xf5\xf1\xf8M\xf2\xf1\x9aX@\xe8\x1b,\xa7\x19\xdf\
^\x8a\xc0\xd8>M\x90{\x13`\x09\xcb\x82\xb9%\x14\
\x811}\xb97\xdc\x9b\x00\x08\xcf\x82\xb9\xcaQL<\
\xc5\xf5\xc5\xf7( \xf6M\x87|$\x1c\xca12\x8e\
/\xdc\xab\x00\x08/E]\xea\x97\xa4\x13QF\xbc\xf6\
\x1fKO\xc7=\x0b\xb0\xc4I\xa8ifl\xc9p\x11\
\xe5\x80\xd7<\xd1\xf3\xa3\x92\xd4\xe35\xe5\x83\xd8\x9f\xb0\
4\x83j\x07t]q\xf9\xd5\x94py\x80s\x5c\x9e\
\x07,\x9f\x9f\x11bq4O\xde\xd5\xad\x13R\x8f\xd7\
\x9c\x19\xd0a\x89\x9f\x95s\x1c\xbd3\x7f\xb2\xf1\x12\x10\
\x90\xa3\x84\xa0\xc1\xffN\x02:\x09\xdb\x0c\x06\xff\x18\x13\
\xf4w\x12\xd0Q\x22\x97\x0dEl\xb0\xdfQ\x00\x5c\xb2\
a.\x11\xdb\xa1\x81~W\x01\x1d\x05\xd3\x8a\xd82\xf2\
\xd9\x22\xf5x\xcd\xfd14\x86\x92\xe6\xc7\xd5\x96q\x83\
\xb6\xa3\xf9\xe8\xba\x1b\x19\x0f@\x8aI\xf6\x89\x9c\x05|\
\xa4h\xbf>\xe1_\xdd\xb0\xa3\x19\xf0\x8a\x09\xfe\x15\xeb\
Q\x05|\xc4\x17\xf0\xa4\x01\xa4\x1e\xaf\x1c\xd7\x86>\x14\
*@\x18\x15 \x8c\x0a\x10F\x05\x08\xa3\x02\x84Q\x01\
\xc2\xa8\x00aT\x800*@\x18\x15 Lv\xff\x81\
\xc3\xa3\xa1\x19 \x8c\x0a\x10F\x05\x08\xa3\x02\x84Q\x01\
\xc2\xa8\x00aT\x800*@\x18\x15 \x8c\x0a\x10F\
\x05\x08\xf3?\x05GP\x89\x0eD\xed\x89\x00\x00\x00\x00\
IEND\xaeB`\x82\
\x00\x00\x05g\
\x89\
PNG\x0d\x0a\x1a\x0a\x00\x00\x00\x0dIHDR\x00\
\x00\x00`\x00\x00\x00`\x08\x06\x00\x00\x00\xe2\x98w8\
\x00\x00\x00\x01sRGB\x00\xae\xce\x1c\xe9\x00\x00\x05\
!IDATx^\xed\x9ckR\x221\x10\xc7;\
\xa3\x17\xd8BQ>-\x9eD<\xc9\xeaI\xd4\x93\xe8\
\x9eD=\xc9\xce~BQ\xca\x0b\xc8d+\xc3C\x96\
\x82\xe9N\xe8NG\xab\xa9\xb2\xca*\xf2\x18\xfe\xbf~\
%$8\xb0\x97\xaa\x02Nuv\x9b\x1c\x0c\x80\xb2\x11\
\x18\x00\x03\xa0\xac\x80\xf2\xf4\xe6\x01\x06@Y\x01\xe5\xe9\
\xcd\x03\x0c\x80\xb2\x02\xca\xd3\x9b\x07\x18\x00e\x05\x94\xa7\
7\x0f0\x00\xca\x0a(Oo\x1e`\x00\x94\x15P\x9e\
\xde<\xc0\x00(+\xa0<\xbdy\x80\x01PV@y\
z\xf3\x00\x03\x80+0\x1e\xbf\x0f\xa1j~\x85\x96\x95\
\x83\xa1\x07?\x04pC\x00\x08\x7f\xf5|\x04_;p\
\xed\xff\x0d\xf8'p\xbe\x1e\x1c\x1f?\xe2\xa3\xeb\xb6(\
\xd2\x03Z\xc1\x0f?\x86\xd0T\xe7\xce\xc1\xcd\x1e\x12\xd5\
\x0e\xe01\x00\x19\xf4\x8f\xee\xf7\x18G\xackQ\x00\x96\
\x96\xbe\xa7\xe8\xbb\xc4\xaa\xbd\x87\xfb\xc1I\xefVL\xcd\
\x84\x81\x8b\x010~\x99^\x0b\x09\xbf)KQ \xd4\
\x01\x8c'o\x97\x0e\xdc]\x82\xf1\xec\xdb\xa5\x08\x10\xaa\
\x002Z\xfdNX\xde\xc3\x8dfXR\x03\xf0<y\
{\x00p\xa3}\xcd\x98\xa7\xbf\x7f<\xed\x1f]\xf0\x8c\
\x157Jv\x00!\xd1\xba\x83\xd9]9\xe2\xaf\x04\xab\
\xfd\xac\xba\x18\x0c~,\xca\xda8!S[g\x050\
\x17\xbf\xf9\x93\xf8\xb0m\xcc\x06\xe7\xff\x86\x1a\x1f>\x0e\
\xeb V[9\x85W([\xbd\x0b\x7f?\x9d\xf3\xa3\
D\xc0\xd9!d\x05\x90\x10v\x92\x13e\x0b\xe6`6\
r\xe0\xae\x17\x0b6*\xf7\xfa\xb4\xdf;\xa36\xde\xb7\
]6\x00\x91\xe2'\x0b\xbf)\xc8\xda\xda\xe2\x92\x0a\xc2\
\x01\xdc\x9f\xf4{W\xfb\x8aK\xe9\x9f\x05@\x5c\xb5#\
\x93\x10c\x17y\xb9\xaa#q\x00\xe3\xd7\xd7\x91\xf3\xd5\
\x03\xc5\x1ar|\xe8\x18c\xf0\xe0\xaf\xa4\xb70\xc4\x01\
<O\xa6!\xe9\xce\x13e\xc7\xcb\xbb\xe6\x22\xd7\xe6Y\
\xc4\xe2O<\x1f\x88\x02\xa0Z[N\xf1\x976@\x85\
 \xed\x95\xa2\x00\x9e'S\x8fZ\xbe\xe2J\x94h \
\xa2^ \x06\xe0e2\xbd\xf3\x00\xa1\xf2\xe8\x0a<j\
+\xd0\x95'\x106\x01%\xab\x221\x00\x14\xeb?\xed\
\xf7\xc4\xe6\xc7<o\x05`\xbe8\x0cEBW\x9e\x12\
\xf3\x02\x11\x01(\xf15G\x85A\x86@\xd8\x91\x95\xca\
S\x22\x00\x08\xe1G\xcc\xa2\xa8\xa2\xaf\xb7\xa3\xedO\xc9\
\xacOD\x00`\xa5gI\xd6\x1fQ\x15\x89\x18\x0d;\
\x00R\xf8\x99Ug\xb9w\x1d1\xcf\xa0l\x14J\x84\
!~\x00hU!\xe3\xca\x98\xc0\x94\xf7\xb1\xfd*\x89\
5\x01;\x00,\xfeK\x96t\x14\x91\xbb\xda`\xeb\x02\
\x89g\xcf\x0e\xa0\xc4\xf8\xbf\xca\x03\xe8\xbe\x15\xbf\xf7\xb2\
\x03@\xdd8\xe3\x9eO\xacG\xe0\x1b\x87_\x02@\xf7\
\xe6\x9b/0\x01o,\xca\xba\xbe\xb1c\xaf\x84\x04<\
\xa0{\xff\xa7\x84\xd5\xef.\xcf TB\x06 6\xac\
\xc4\xb6\xc7\xb6P\xb8\x0dH\xc2\x03:\xf7\xff-\x04\xfd\
o\x12\x02\x00\xba\xcf\xfbH,fb\xad|g\x08\xb2\
*\x88K\xca\xb4q\xb0U\xfc\xf7X\x07(~\x01\x83\
a\xd1XD\xb2\x87 l5\x19.T\xe4<w\x83\
\x89\xbe\xfe>\xba\x89(`<\xfc\x00\xd08\x0aPj\
\x1e\xc0* \x89\x02\x82\x1d@\xb0(\x0dK\x8a\xb1\xf4\
mm\xb1\xf8\x1f\xfap\x97\xa0aL!\x00\xe8\xc9\xe7\
\xe2\xc2\x10f4\x12\x09X\x0c\x00\xbe\xa7\x02P\xd2\xa6\
\x1c\xc5\xfa\xa5\x9eW\xc4\x03\x08K\xfa\x00\xbf\x18/\xc0\
b\xbfT\xf8\x11\xf3\x8000\xa1\x1a\x0a\xf1/\xdb!\
\xd8]9\x02\xdb\xbd]\x88$\xf6\x9c\x22\x1e\xd0\x02 \
\xde\x05\x90\xf8\x96\x89\x9a\x90)F\x22i\xfd\xa2\x1e\xd0\
B \x1c\xf7\x08\xed\xa4\xe2k\x17\x08J\x9ej\x9fM\
\xa0\xf6_\x7f.1\x0fX\xf3\x02\xec\xd0S\x9b\x0fr\
\xde\xe1\xa5\x8a\x9f#O\x89\x02\x88\xf1\x82\x1c\xd6F\xcd\
MK\x0b\xcd\xb1`\x14\x07\x10\xfd\xa1\x85\x5c\x9ev\xf8\
\xea38H\x87\x9e\xe5Ly\x00\x8c\xdf\x87\xd5As\
\x8d\x1f\xd6]\x09\xc0\x1a\x92\xa8\xc9vM\xfel\x87\x86\
\xb3\x00\xf8\xcc\x07\xd1\xd7S\xe77#\x9b\xeaw\xecA\
\xae\x94\xbba\x0b\x00Y\xd7'\xd9\x00D&\xe5m\x05\
L\xc45\xd5\xf6X<z+g\xcb$\xdf\xfb\x9a*\
\x03\x04j\x89\x9f\xd2.\xbb\xf8\xe2\xeb\x80]*\xc4\xde\
XLQ3\xae\x0f\xffy\x1f\xea\xfcYC\xd0\xfaC\
\x95\x02!W\xb5\xb3\x0b\x88\x1a\x80\xe5\x03-V\xcb\xb1\
\xb7\xd9\xa9\x06\xd6\xd5\xae\xf6\xe0o\xa5\xaf\xa1b\x0f\xaa\
\x0e`\x99\x17\xc2o\xc2\xd9\x0f6a\xb8\x84\xdf\x97\x0e\
K\xda\xe1f\x9b|Ex\xc0\xe6\x83-\x7fh\xa3\x02\
w\x1e\xb1x\xeb,]\xb5CM\xb19\x80\xe2T\xeb\
@B\xfb\xae\x9f\xadl\xfc\xe2g,\xab\xe6)\xd7\xcd\
{\xcag\xf8\xd2\x00\xf6\xf9\x80\xa5\xf7-2\x04\x95.\
\x1a\xe7\xf3\x19\x00N5\x13\xc62\x00\x09\xa2qv1\
\x00\x9cj&\x8ce\x00\x12D\xe3\xecb\x008\xd5L\
\x18\xcb\x00$\x88\xc6\xd9\xc5\x00p\xaa\x990\x96\x01H\
\x10\x8d\xb3\x8b\x01\xe0T3a,\x03\x90 \x1ag\x17\
\x03\xc0\xa9f\xc2X\x06 A4\xce.\x06\x80S\xcd\
\x84\xb1\x0c@\x82h\x9c]\x0c\x00\xa7\x9a\x09c\x19\x80\
\x04\xd18\xbb\x18\x00N5\x13\xc62\x00\x09\xa2qv\
\xf9\x07t\xfe\xbb\x7fWt\x82\xb5\x00\x00\x00\x00IE\
ND\xaeB`\x82\
\x00\x00\x02H\
\x89\
PNG\x0d\x0a\x1a\x0a\x00\x00\x00\x0dIHDR\x00\
\x00\x00`\x00\x00\x00`\x08\x06\x00\x00\x00\xe2\x98w8\
\x00\x00\x00\x01sRGB\x00\xae\xce\x1c\xe9\x00\x00\x02\
\x02IDATx^\xed\x9a\xc1IDQ\x10\x045\
\x06A\xcc?:\x11\x8cA1\x01\xeb04\x85ny\
mvf^\xd7\xeb\xf9\xfb\x17\x9f\x9f\xfaS\x1dxV\
\xbb\xd7\xfc)\x00\xf2%\x08@\x00d\x07\xe4\xf6% \
\x00\xb2\x03r\xfb\x12\x10\x00\xd9\x01\xb9}\x09\x08\x80\xec\
\x80\xdc\xbe\x04\x04@v@n_\x02\x02 ; \xb7\
/\x01\x01\x90\x1d\x90\xdb\x97\x80\x00\xc8\x0e\xc8\xedK@\
\x00d\x07\xe4\xf6% \x00\xb2\x03r\xfb\x12\xf0\xdf\x01\
\xbc\x7f|~\xc9g<\xb5\x7f{}\x99^\xd2i\xf1\
\x9f\x93\x07\xe0w\xfe\x01\x80|\x94\x80\xd3\x02\xb9\x7f8\
\x00w\x0fO\x15\x02p\xb2\xef\xfe\xe1\x00\xdc=<U\
\x08\xc0\xc9\xbe\xfb\x87\xff=\x80\xf5\x01\x09\x01}M^\
\xcf\xa7\x7f\x0d]\x1f0\x00\xf0&\x1c\x00\xba\x22G\xdd\
\x8e8\x8do\xcf\xd7\x0a\x92\x13\x1a\x80\x00l\x7fml\
\x05\xc97,\x00\x01\xf8\xf5\x0e\xf4\x0c\x90/H\x00\x02\
\xd0C\x98\x9eS'\xdd~\xd1\xa1\xe1\xed\xf9ZA\xad\
\xa0V\x10\xa5\xf4\xa4\xdb\x11\xa7\xe1\xed\xf9ZA\xad\xa0\
V\x10\xa5\xf4\xa4\xdb\x11\xa7\xe1\xed\xf9ZA\xad\xa0V\
\x10\xa5\xf4\xa4\xdb\x11\xa7\xe1\xed\xf9ZA\xad\xa0V\x10\
\xa5\xf4\xa4\xdb\x11\xa7\xe1\xed\xf9ZA\xad\xa0V\x10\xa5\
\xf4\xa4\xdb\x11\xa7\xe1\xed\xf9ZA\xad\xa0V\x10\xa5\xf4\
\xa4\xdb\x11\xa7\xe1\xed\xf9ZA\x8f\xbe\x82\xe8\x86\xda\xfa\
\xfa\xbf\xb7\xf5\x04\xd8\x06S\xff\x00\x90Cc=\x00c\
\x83\xa9|\x00\xc8\xa1\xb1\x1e\x80\xb1\xc1T>\x00\xe4\xd0\
X\x0f\xc0\xd8`*\xff\xe7\x01\xd0\x01\x1f]\x9f\xbf\x07\
<\xba\xc1t\xfe\x00\x90Cc=\x00c\x83\xa9|\x00\
\xc8\xa1\xb1\x1e\x80\xb1\xc1T>\x00\xe4\xd0X\x0f\xc0\xd8\
`*\x1f\x00rh\xac\x07`l0\x95\x0f\x0094\
\xd6\x0306\x98\xca\x07\x80\x1c\x1a\xeb\x01\x18\x1bL\xe5\
\x03@\x0e\x8d\xf5\x00\x8c\x0d\xa6\xf2\x01 \x87\xc6z\x00\
\xc6\x06S\xf9\x00\x90Cc=\x00c\x83\xa9|\x00\xc8\
\xa1\xb1\x1e\x80\xb1\xc1T>\x00\xe4\xd0X\x0f\xc0\xd8`\
*\xff\x0d\x8f\xe3@p\xfb\xab\xee\xe4\x00\x00\x00\x00I\
END\xaeB`\x82\
\x00\x00\x04\xbb\
\x89\
PNG\x0d\x0a\x1a\x0a\x00\x00\x00\x0dIHDR\x00\
\x00\x00`\x00\x00\x00`\x08\x06\x00\x00\x00\xe2\x98w8\
\x00\x00\x00\x01sRGB\x00\xae\xce\x1c\xe9\x00\x00\x04\
uIDATx^\xed\x9c\x8b\x91\xd40\x10Du\
\x99@$@$\x1c\x91\x00\x91\x00\x91\xc0E\x02D\x02\
4\xb5\xa2t\xbbk\xf7H\xf2h\xc6T\xbb\x8a\xda+\
\xaco\xbf\xf9Hk\xad\x1f\x8a\xaeP\x05\x1eB{W\
\xe7E\x00\x82\x8d@\x00\x04 X\x81\xe0\xee\xe5\x01\x02\
\x10\xac@p\xf7\xf2\x00\x01\xe8V\xe0\xb1\x94\xf2\xeaR\
\xeb\xf5\xe5\xf3G)\xe5[)\xe5\xa9\x94\x82\xbf\xf1\xef\
\x14\xd7\x99<\xe0\xfd\x1fE?\x18UE\xb9/g\x00\
q\x06\x00\xb0r\x88_\xad\xdd\xc8\xe0\xafG\xbc\xcb\x0e\
!;\x00\x84\x9bOV\xc57\xca\xc1\x1b>N\xb6\xe1\
V=3\x80\x17\xa5\x94\xef\x07\xcd\xfceVO\xc8\x0c\
\xe0\xeb@\xd8\xd9\xe2\x85\xa4\xfc&#\x84\xac\x00z\x12\
\xae\xd5IR\x86\xa2\x8c\x00\x8e\x0c=\xd7p\xd2\x85\xa2\
\x8c\x00,\x89\x17!\x05\x89\x15+\x1d\x5c\x80\x86d\x8d\
\xcf\xbd\x0b\xab\xa2\xcfV\x97YQ.#\x00\x16~ \
>,\xf9\xde\x85\xa4\xbd\x07\x01\xe2\x03B\x9a+#\x00\
\x96|\xf7\xac\x18{\x05\xd4\xdf\xba\xe01H\xc6i\xae\
\x8c\x00~\x11u\xd8\x98g\xeb/\x85\xc3&\xb3t0\
\x97\xcef\x05\x9c\xad\xbft\xce\x02\xb0T\xee\xdb\xce\x04\
@\x00n\x14\x98\x0d!\xb3\xf5\x97\x22\x91\x07,\x95[\
!\x08\x0a\xa42\xbaT\x83\xd1*(\xd8\x1d\x05@\x00\
\x96+\xa0\x10\xb4\x5c\xf2\xe7\x1d\x0a\x80\x00h\x1f\x10l\
\x03\x02 \x00\x81\x0a(\x07\x04\x8a\x9fnW\xa8}@\
\xb05\x08\x80\x00,W@9`\xb9\xe4\xda\x88\xa52\
\xbaT\x83Q\x0e\x08vG\x01\x10\x80\xe5\x0a(\x04-\
\x97\xdc?\x09\xb3\xe3\x81\xec\x80\xecL}v\xb0w\xef\
X#\x94a\xf5\x0f\xdf\xbczx\xc0\x8c\x80\x98 ;\
\x9a\x88\xa3\x85\xf5P\xee\xb5\xfd\xb2\x83\xbd\xech\x22\x03\
\xc0\x00v\xfb\x93\x07\x80\x19\x011\x01\x9cr\x86\x90[\
\xd7\xde\x8f-\x18|\xf6\x1b\x01v\xb6\xf4\xbf\x00\xc0\x8e\
\x883+\x06\x18\x08Q\x7f\x80\x87\xbfQ\x07\xa7\xaag\
\x8f\xa7\xb3\xbe\x99\x07\xa5\xf0\x00f\xc1\x16+\xb4\x9c\xf5\
\xef\x9e\xac\xe1H\x0a;\x1a\x7f\xf8\xf1v\x8f\x10\xc4&\
a\xb1\x22\xd6\xc6\x88\xf8\x0c<\xda\x9c\x0da\xdd\xe3\xf2\
\x00\xc0\xe2(\x06\xc9VB\x161z&k\x89\xdd,\
\x01\xa3\xbf\xbd\x05@\xcfx\xfe\x95\xf5\x00`\x11\x8f\xe5\
\x81\xba$DBgq\xdd2q\x8bp\xcc\xeb,\x10\
-cyV\xc6\x0b\x00\xcb\x03\xd6\x9f\x8dB\x14$\xc6\
\x19\x08\x16\xd8\x16\xa39<\xfe\x1f\xbe\xa9h\xd0\xb2\xd5\
\x04\x8aZb2\xca!\xa4\x8d$e\xe4\x9a\xf6\x87|\
{\xd6\xc9\xac\xbfg\xbc]^\xe0\xe5\x01\x16\x8b\xb2z\
A\x9d\x10 \x00\x86\xc5\x1b\xacpk\xa8c\xbf\xc8w\
\x09?\x9e\x1e\x80\xb6=\xac\xaa\xbe\xb0\x03\xaf\xab\xa90\
\x00\x04\xe1\x01\x22\xfd\xbc\xec\x92{^W\xc36\x8en\
\xd6\xef\x0d\xc0\xe2\x05\xae\x933\xc4\x02\x8b\x91\xb8\xea\xe4\
\x19\x82\xac^\x80r\xd6Di\xd0\xd4\x5c\xc4\xb2\x5cv\
7\x10o\x00\x08\x0f\xd6\xa5\xe4J\x08V\xf1\xddb\x7f\
5\x13o\x00=^\xe0nm\x97I[\xc3\x0e\x8a[\
\xf6\x0ff\x97\xbbWp\x05\x80\x11\x08^\xaf\x1b\xb3$\
\xdc\xaaS\xcfJj\x18\xc2*\x00\xd6\x84\x5c'\xd2\xbe\
\x8c\xa3gE\xb3%\x84e_\xd2\xd6u\x0f=+C\
P\xed\xab'\x1f\xd4:\xd8L\xc1\x1b\xf09\x02\xc2\xfa\
5\xf5\xb5\xf8\xc8G[\x0f}\x86\xad=2\x04\xcd@\
ha\xd4WS\xe2\xff*\x10|\x02n\xfd\xd7\xee\x11\
z\xc5\xaa\xcf\x19\x96\x88\xef\xba\xbe\xdd\x99\xf9\x88'\xf4\
\x0a9R~\xb9\xf8Q\x00\xd0o6\x08!\xe2G\x02\
\xa8\x10\xea\xb7\x9d#\x16{T\x1d\xcb\x03\xa2\xa3\xfa\xba\
ig\xe5*ho\x85by\x9e\xeb!\x82\xfb:\x9f\
\x0d:\x03\x80\xd6\x1b\xac\xdfv\xb2y\xb1\xfb.\xdf\xed\
\xb3N3\xac\x82\xd8\x18\x01\xe0m\xc7\xd7\xce\xac\xbd\xeb\
\xfb\x10\x1e\xcf\x08F\x96\xb4\xbd}\x99\xcag\xf1\x80{\
\x83\xc5\x1a\x1e0\xea\xf2\xd24\xa1;\x85 :\xde\xaa\
\x9e\xeam\x89u\x9c\x99\x01\xb4Z\xb6\xcf\x01\xd8\x1b\xd4\
\xab\xe0\xa3\x9b\xb7Q\xd0C\xf5\xce\x02\xa0\x9d\xdc\xa9^\
\xc8\xc4\xa8\x08\x00S\xc8\xf9\xbe\x008\x0b\xcc\x9a\x17\x00\
\xa6\x90\xf3}\x01p\x16\x985/\x00L!\xe7\xfb\x02\
\xe0,0k^\x00\x98B\xce\xf7\x05\xc0Y`\xd6\xbc\
\x000\x85\x9c\xef\x0b\x80\xb3\xc0\xacy\x01`\x0a9\xdf\
?#\x00gI\xd66/\x00k\xf5\xbe\xe9M\x00\x04\
 X\x81\xe0\xee\xe5\x01\x02\x10\xac@p\xf7\xf2\x00\x01\
\x08V \xb8{y\x80\x00\x04+\x10\xdc\xbd<@\x00\
\x82\x15\x08\xee\xfe7\xb9\xf2\xf7a~!\xd6\x9a\x00\x00\
\x00\x00IEND\xaeB`\x82\
\x00\x00\x025\
\x89\
PNG\x0d\x0a\x1a\x0a\x00\x00\x00\x0dIHDR\x00\
\x00\x00`\x00\x00\x00`\x08\x06\x00\x00\x00\xe2\x98w8\
\x00\x00\x00\x01sRGB\x00\xae\xce\x1c\xe9\x00\x00\x01\
\xefIDATx^\xed\xdcaJ\x031\x18\x84\xe1\
\xf4\x0c\x82x\xff\xd3\x89\xe0\x19\x94\xfe\xb4B\xc3\x90l\
\xa7\xabO\x7fgw\xb6\xf3f\xe6K\x8b\xf62\xbc\xaa\
\x0e\x5c\xaa\xea\xc4\x07\x00\xe5M\x00\x00\x00e\x07\xca\xf2\
\x12\x00@\xd9\x81\xb2\xbc\x04\x00Pv\xa0,/\x01\x00\
\x94\x1d(\xcbK\x00\x00e\x07\xca\xf2\x12\x00@\xd9\x81\
\xb2\xbc\x04\x00Pv\xa0,/\x01\x00\x94\x1d(\xcbK\
\xc0_\x03\xf0\xfe\xf1\xf9u\xe4{z{}\xb9\xbbi\
\xda\xfa\xe9{\xdf\x9e\x80\xb6\x01m}\x00\xca\x09\x04\x00\
\x003 I\x81\x19\x90\xb85\xc6\x98\x1d\x02\xc2\xdb\xed\
\xff\xbb\xa0\xf6\x10l\xeb\x03`\x06\xdc\x9f\x01\xb3\x08\xcf\
v\xf0\xb3_\xff\xf4\x09xv\x03W7\x00\x00\x93\x0a\
:z\x03\x00\x00\x80\x19\x90\xa4\xe0\xe1\x9f\x03\x8e\xae\x80\
\xd5\x0e_\xbd>1\xff\xba\x16\x80\x1b\xc7\x00(w8\
\x00\x00\xa4-\xf6s\xfd\xea\x0e:\xfb\xf5\xa9{f\x80\
\x19\xf0\xb7\x12$\x01\xe5\x19\x02\x00\x00>\x09')0\
\x84\x0daC8I\xcct\xed\xd9\xcf\xf1\xab\xcf?5\
\xe8f\x81\x0aRA*(M\xcd\xdd\xf5\xab\x11>\xfb\
\xf5\xa9\x99*H\x05\xa9\xa045*h\xa3c*H\
\x05\xa9\xa0\x8d\x81\x1a\xe3\xec\xa7\x98\xd5\xe7O\xcdTA\
*H\x05\xa5\xa9q\x0a\xda\xe8\x98\x0aRA*hc\
\xa0\x9c\x82R3U\x90\x0aRAij\x9c\x826:\
\xa6\x82T\x90\x0a\xda\x18(\xa7\xa0\xd4L\x15\xf4\xdf*\
(\xdd!\xb7\xebW\xff\xc5\xe9h\xfd\xf4\xfe\x0fO@\
\xfa\x80\x00\x84\x8e\xcd\xbeO\x0fo\xf7k\xb9\x04L\x1c\
\x04 \xdbb*(\xf3\xcb\xcf\xd5\xa8 \x15\xb4\xb55\
\xb6\xde\xec\xca\xc6\x0c\xc8:m;\x80L\xdej\x00\xca\
{\x00\x00\x00\xca\x0e\x94\xe5%\x00\x80\xb2\x03ey\x09\
\x00\xa0\xec@Y^\x02\x00(;P\x96\x97\x00\x00\xca\
\x0e\x94\xe5%\x00\x80\xb2\x03ey\x09\x00\xa0\xec@Y\
^\x02\x00(;P\x96\x97\x00\x00\xca\x0e\x94\xe5\xbf\x01\
`F\x00\x8e\xc1\x8f\xd9U\x00\x00\x00\x00IEND\
\xaeB`\x82\
\x00\x00\x00\xde\
<\
svg xmlns=\x22http:\
//www.w3.org/200\
0/svg\x22 height=\x222\
4px\x22 viewBox=\x220 \
-960 960 960\x22 wi\
dth=\x2224px\x22 fill=\
\x22#000000\x22><path \
d=\x22m256-200-56-5\
6 224-224-224-22\
4 56-56 224 224 \
224-224 56 56-22\
4 224 224 224-56\
 56-224-224-224 \
224Z\x22/></svg>\
\x00\x00\x02\xbe\
\x89\
PNG\x0d\x0a\x1a\x0a\x00\x00\x00\x0dIHDR\x00\
\x00\x00`\x00\x00\x00`\x08\x06\x00\x00\x00\xe2\x98w8\
\x00\x00\x00\x01sRGB\x00\xae\xce\x1c\xe9\x00\x00\x02\
xIDATx^\xed\x9c\xcdm\xc2@\x14\x84w\
M\x05\x11\x22\x89o\x94B)P\x09I%(\x95\x84\
R\xb8\x99\x18P*\x08\x1b\xadLr@\x112\x1b[\
\xf3~\xc6g\x9b1\xf3\xed\x8c\xbc\xcf\x88\x18x@\x1d\
\x88Pu\x8a\x07\x02\x00/\x02\x02 \x00\xb0\x03`y\
&\x80\x00\xc0\x0e\x80\xe5\x99\x00\x02\x00;\x00\x96g\x02\
\x08\x00\xec\x00X\x9e\x09 \x00\xb0\x03`y&\x80\x00\
\xc0\x0e\x80\xe5\x99\x00\x02\x00;\x00\x96g\x02\x08\x00\xec\
\x00X\x9e\x09 \x00\xb0\x03`y&\x80\x00\xc0\x0e\x80\
\xe5\x99\x00\xeb\x00\xf6\xed)\xdd\xfa\x8e\xcf\x8f\xd3\x9b\x8b\
`\xdf\x1e\xdf\xd3\xd7dU\xd7\x0f;\xb0W\xa3\xc8\x8f\
\x9e\x80\xff\x03\xe8\x00\xa6\x14^\xc2\xb9z\xb3\x06B\x0d\
\x80\xcb\xf2\xdb\xa5x^\xd5\xb3\xd9v\x94\xe5\x08\xf8P\
m\x00.\x16\xa5\xad\x95ZR\x0a\xa0\xe3`\xa1\x96T\
\x03\xb0PK\x16\x00\xa8\xae%C\x00t\xd6\x929\x00\
\xdaj\xc9*\x005\xb5d\x1c\x80\xfcZr\x01@r\
-y\x02 \xb2\x96\x1c\x02\x90UK\xea\x01\xa4\x90V\
1\xc4u\x08a^0\xca\x81\xcf\x96\xd4\x03\xc8\xe3\xec\
\xa6\xf9\x9cW\x93\xf3:\x85\xb0,\x80\x90\x87\x1a\xb0\xd9\
\x92\x09\x00?\xa67\x87\xc3\x22\xa6jS\x98\x06\xc8l\
\xc9\x14\x80_\x10\xedq\xa9\xa5\x96L\x02\xc8 \xb4\xd4\
\x92Y\x00Zj\xc9<\x00\xe9\xb5\xe4\x06\x80\xd4Zr\
\x05@b-\xb9\x04 \xa9\x96\x08 \xc4\xbco(9\
\x06\xd9E\xbb\x04\xd0m\xd8\xf2\xf8\x22.J\x9c\xcf?\
\x06\xa8\x9f\xa6\xaf%\xd7^_\xe3\x0e\xc0G{\xdaH\
\x1aY\xb8\x01\xd0t\xbbch\xdd\xfc\x95\x18\xf3\x00$\
\xd5\x8d;\x00\xd2\xea\xc6\x0d\x00\xa9uc\x1e\x80\xf4\xba\
1\x0d@C\xdd\x98\x04py%)\xee\xe9\xa6\xef\x1e\
A\xfdSP\xdf/z}\xde\x90\x9b\xa9\xd2{\xc8\xd7\
9\x04\x80{\xffk\xb2\x82\xeeX}\x83\xccn\xee\xd0\
\xebu\xaa\x8b\x04H\xa9\x1b\x87\x09\x90U7\x9e\x00\x88\
\xac\x1b\x17\x00$\xd7\x8dq\x00\xf2\xeb\xc6*\x005u\
c\x0e\x80\xb6\xba1\x04@g\xddX\x00\xa0\xbanT\
\x03\xb0P7J\x01\xf0\xefjz\xcd4xR\x99\x03\
\xa3\xcf\x82\xcan\xcb\xcfU\x04\x00fM\x00\x04\x00v\
\x00,\xcf\x04\x10\x00\xd8\x01\xb0<\x13@\x00`\x07\xc0\
\xf2L\x00\x01\x80\x1d\x00\xcb3\x01\x04\x00v\x00,\xcf\
\x04\x10\x00\xd8\x01\xb0<\x13@\x00`\x07\xc0\xf2L\x00\
\x01\x80\x1d\x00\xcb3\x01\x04\x00v\x00,\xcf\x04\x10\x00\
\xd8\x01\xb0<\x13\x00\x06\xf0\x0d\xc85\xa9\x7fD\xeb\x00\
\xdc\x00\x00\x00\x00IEND\xaeB`\x82\
\x00\x00\x078\
\x89\
PNG\x0d\x0a\x1a\x0a\x00\x00\x00\x0dIHDR\x00\
\x00\x00d\x00\x00\x00!\x08\x06\x00\x00\x00/w\x0e\x8b\
\x00\x00\x00\x09pHYs\x00\x00.#\x00\x00.#\
\x01x\xa5?v\x00\x00\x06YiTXtXML\
:com.adobe.xmp\x00\x00\
\x00\x00\x00<?xpacket beg\
in=\x22\xef\xbb\xbf\x22 id=\x22W5M\
0MpCehiHzreSzNTc\
zkc9d\x22?> <x:xmpm\
eta xmlns:x=\x22ado\
be:ns:meta/\x22 x:x\
mptk=\x22Adobe XMP \
Core 6.0-c002 79\
.164460, 2020/05\
/12-16:04:17    \
    \x22> <rdf:RDF \
xmlns:rdf=\x22http:\
//www.w3.org/199\
9/02/22-rdf-synt\
ax-ns#\x22> <rdf:De\
scription rdf:ab\
out=\x22\x22 xmlns:xmp\
=\x22http://ns.adob\
e.com/xap/1.0/\x22 \
xmlns:dc=\x22http:/\
/purl.org/dc/ele\
ments/1.1/\x22 xmln\
s:photoshop=\x22htt\
p://ns.adobe.com\
/photoshop/1.0/\x22\
 xmlns:xmpMM=\x22ht\
tp://ns.adobe.co\
m/xap/1.0/mm/\x22 x\
mlns:stEvt=\x22http\
://ns.adobe.com/\
xap/1.0/sType/Re\
sourceEvent#\x22 xm\
p:CreatorTool=\x22A\
dobe Photoshop 2\
1.2 (Windows)\x22 x\
mp:CreateDate=\x222\
024-09-14T00:16:\
22+03:00\x22 xmp:Mo\
difyDate=\x222024-0\
9-14T00:26:21+03\
:00\x22 xmp:Metadat\
aDate=\x222024-09-1\
4T00:26:21+03:00\
\x22 dc:format=\x22ima\
ge/png\x22 photosho\
p:ColorMode=\x223\x22 \
photoshop:ICCPro\
file=\x22sRGB IEC61\
966-2.1\x22 xmpMM:I\
nstanceID=\x22xmp.i\
id:3e4e1324-a8c1\
-ca45-b8e5-ea16f\
4b601af\x22 xmpMM:D\
ocumentID=\x22adobe\
:docid:photoshop\
:65b5eac7-5a21-b\
e41-ad2f-ecbc7c2\
6ae66\x22 xmpMM:Ori\
ginalDocumentID=\
\x22xmp.did:deec2f3\
d-c007-0a4f-82ec\
-70f15d5f6bcc\x22> \
<xmpMM:History> \
<rdf:Seq> <rdf:l\
i stEvt:action=\x22\
created\x22 stEvt:i\
nstanceID=\x22xmp.i\
id:deec2f3d-c007\
-0a4f-82ec-70f15\
d5f6bcc\x22 stEvt:w\
hen=\x222024-09-14T\
00:16:22+03:00\x22 \
stEvt:softwareAg\
ent=\x22Adobe Photo\
shop 21.2 (Windo\
ws)\x22/> <rdf:li s\
tEvt:action=\x22con\
verted\x22 stEvt:pa\
rameters=\x22from a\
pplication/vnd.a\
dobe.photoshop t\
o image/png\x22/> <\
rdf:li stEvt:act\
ion=\x22saved\x22 stEv\
t:instanceID=\x22xm\
p.iid:3e4e1324-a\
8c1-ca45-b8e5-ea\
16f4b601af\x22 stEv\
t:when=\x222024-09-\
14T00:26:21+03:0\
0\x22 stEvt:softwar\
eAgent=\x22Adobe Ph\
otoshop 21.2 (Wi\
ndows)\x22 stEvt:ch\
anged=\x22/\x22/> </rd\
f:Seq> </xmpMM:H\
istory> </rdf:De\
scription> </rdf\
:RDF> </x:xmpmet\
a> <?xpacket end\
=\x22r\x22?>v\xeeqG\x00\x00\x00\x85ID\
ATh\x81\xed\xda\xd1\x09\x021\x10@\xc1\xac\xd8\xb8\
\x95\xaf\xdfW\x80\xe7Sf\x1a\xd8\xc0#\x81\x84\xcc\xee\
\x1e:\x1e\xdf^\x00W\x82\xc4\x08\x12#H\x8c 1\
\x82\xc4\x08\x12#H\x8c 1\x82\xc4\x08\x12\xf3\xbcc\
\xc8\xcc\xfc\xc5\x83\xd9\xee\xce\xa7g\xd8!1\x82\xc4\x08\
\x12#H\x8c 1\x82\xc4\x08\x12s\xcb=\xe4\x9c\xf3\
\xbai\xce\xcf\x1b\x9f\x1cZ\x1cY1\x82\xc4\x08\x12#\
H\x8c 1\x82\xc4\x08\x12#H\x8c 1\x82\xc4\x08\
\x12\xf3\x06\x93\xa1\x0a\xc0\x8e\xef\x08q\x00\x00\x00\x00I\
END\xaeB`\x82\
\x00\x00\x00\x9a\
<\
svg xmlns=\x22http:\
//www.w3.org/200\
0/svg\x22 height=\x222\
4px\x22 viewBox=\x220 \
-960 960 960\x22 wi\
dth=\x2224px\x22 fill=\
\x22#e8eaed\x22><path \
d=\x22m280-400 200-\
200 200 200H280Z\
\x22/></svg>\
\x00\x00\x04]\
\x89\
PNG\x0d\x0a\x1a\x0a\x00\x00\x00\x0dIHDR\x00\
\x00\x00`\x00\x00\x00`\x08\x06\x00\x00\x00\xe2\x98w8\
\x00\x00\x00\x01sRGB\x00\xae\xce\x1c\xe9\x00\x00\x04\
\x17IDATx^\xed\xdc\xedq\xd40\x10\x06`\
\xa5\x13\xe8\x04*\x81T\x02T\x02TB)\x90J \
;sb<\x1e\xd9\xda\x95\xf6\xe3\xdd\xcc\xfao\xe4\x93\
\xf4>\xf6I\xd6\xc9yju\x84&\xf0\x14Z{U\
\xde\x0a \xf8\x22(\x80\x02\x08N \xb8\xfa\xba\x03\x0a\
 8\x81\xe0\xea\xeb\x0e(\x80\xad\x04\xbe\xb7\xd6\xfe\xb4\
\xd6\xbem}J\xe0\xc9\x99\xef\x00\x0a\xff\xf3#\xbb\xaf\
Y\x11\xb2\x02\x1c\xc3\xef\xd7oJ\x84\x8c\x00\xa3\xf0\xd3\
\x22d\x03\xb8\x0b?%B&\x00N\xf8\xe9\x10\xb2\x00\
H\xc2O\x85\x90\x01`%\xfc4\x08\xe8\x00;\xe1\xa7\
@@\x06\xd0\x08\x1f\x1e\x01\x15@3|h\x04D\x00\
\x8b\xf0a\x11\xd0\x00,\xc3\x87D@\x02\xf0\x08\x1f\x0e\
\x01\x05\xc03|(\x04\x04\x00I\xf8\xb4\xf4\xfcn\xb2\
z\xcc)\x03\x83\x10\x0d \x0d\xff}k\xed\xef\x04\x80\
\xca\xfcb@A D\x03|yM\x81\x96\x91g\x07\
]\xd5\x14,\x1d3\x00\xea\x13\xdd%\x5c\x84\xe7\xd7\xf2\
?f\x0d\xb0\xfa{4\x00\xf5k\x86p\x0c\x9f\x0b@\
\xe58\x08\xa1\xe1S#\x11\x00\xee\x10\xce\xe1K\x00f\
\x08\xe1\xe1#\x01\x8c\x10F\xe1K\x01\xae\x10 \xc2G\
\x038\x22\x5c\x85\xbf\x02pF\x80\x09\x1f\x11\xa0#\xdc\
\xedr\xe0\x0c\xc2\xa31\x93\xc6\x84\x0f\x91\x03\xee\xa8Q\
\x1ec\x00\x0d\xb2thm\x1dY\x05\x90Nd\x5c\xb6\
\xbcX\x03\xf4y>}\xa5\xd0TO\x03\xc1\x03\xc0m\
\xcb\x8b%\xc0\xf9!K\x0b\xc1\x1a\xc0u\xcb\x8b\x15\xc0\
\xd5\x13\xae\x06\x82%\x80\xfb\x96\x17\x0b\x80\xd9\xf2\xc2.\
\x82\x15\xc0\xac\xdd4\x86\xa8o\xfe\xd2\x06\xe0t\x82:\
\xd2\xf7s\xae,\x01X\x00\xcc\x9e\xc6\x8f\x03\xb8*\x82\
&\x007\xfc\x0e\xd0\xd7v\xa4\xb3\x13\x0b\x00\xce\xb2\x85\
\x09\x82\x16\x80W\xf8\xab\x0fb\x1c\xe4\x10\x04\x0d\x00\xcf\
\xf0-\x01fkG#\xc4\xed\xaf\xa3]\x00\xef\xf0\xad\
\x01\xdc\x11v\x00\x22\xc2\xf7\x00pEX\x05\x88\x0a\xdf\
\x0b\xc0\x0da\x05 2|O\x00\x17\x04)\x80$|\
\xce\xcc\xe3-\x96\x11\x0d\xcc\x12\x80\x0a\x9f\x7f\xb9\xb0\x11\
\xb8\x00\x15>?\xfc^\x92\x85\xc0\x01\xa8\xf0\xe5\xe1\xb3\
\x118\x00\x92u\x92\xf5\xa6\xbe\xcd3\xa7?\x7fr\x00\
(\x9aB\x90_ \xd3\xf0\xe9#\xb9\x00\x85 \x03`\
\x85/\x05(\x04\x1e\x02;\xfc\x15\x00)\x02\xad\xfb\x7f\
|\xac\xff\xf3\x9a?/e\xb1\x1c}U+\xad\x90\xd2\
$\x84vSp\x0eQ\xf8\xab\x00\xd1\x08^\x00\xe6\xe1\
\xef\x00D\x22x\x00\xb8\x84\xbf\x0b\x10\x85`\x0d\xe0\x16\
\xbe\x06@\x04\x82%\x80k\xf8Z\x00\xde\x08V\x00\xee\
\xe1k\x02x\x22X\x00\x84\x84\xaf\x0d E\x10O\xd9\
\x1e\xf3@\x0b\x00\xfa\xcf[4\xdd\xe4\x1c\xab\xed\x1e~\
\xb6\xe4I\x98\xd38.\xc2N',\x00<\xda\xed\x06\
0\xeb\xccN\xf8\xf4\xd9V\x00\xd6\xedv\x05\xb8\xea\xcc\
n\xf8\xd6\x00\x96\xedv\x078wF#|\x0f\x00\xab\
v\x87\x00\xf4\xce\xbc(\xbe\x99b\xf9\x15t\x0c\x89\x96\
\xe05\xdb\x1d\x06\xc0\x1d\xbc{9\xea\xf8\xcf\x9b\x05\xbc\
U\x00\x9aj~RzID\xda\xa7\xcb\xf2\x16\xb3\xa0\
\x9d\xc6\x1d\xdf\xa8\xb9ZE]\x01\xa0\xf0\x7f?\x1a\xc6\
\xfa\xadv\xa7\x13\x92s\x91\x00Fo\xd4\x8c\x10\xa4\x00\
\xc7\xf0{60\x08(\x00wo\xd4\x9c\x11$\x00\xa3\
\xf0\xa1\x10\x10\x00f\xbb.\xce?\xeap\x01\xee\xc2\x87\
A\x88\x06\x98\x85\xdf\x83:\x22p\x008\xe1C D\
\x03Hv[t\x84>\x98^\x8du\xf4\xe6\xcd\xac\xcc\
\xf1\x5c\xad\xe7\x13\xc9\xd8\xfb\xbfl4\xc0\xec\xf1\xff\xdc\
)\xc9?c\xe2\x04\x12\x1a>5\x10\x01@\x8a\xc0\x09\
\x96S&<|$\x00o\x04\x88\xf0\xd1\x00\xbc\x10`\
\xc2G\x04\xb0F\x80\x0a\x1f\x15\xc0\x0a\x01.|d\x00\
m\x04\xc8\xf0\xd1\x01\xb4\x10`\xc3\xcf\x00\xb0\x8b\x00\x1d\
~\x16\x80U\x04\xf8\xf03\x01H\x11R\x84\x9f\x0d\x80\
\x8b\x90&\xfc\x8c\x003\x84T\xe1g\x05\xb8BH\x17\
~f\x803B\xca\xf0\xb3\x03t\x04\xf3\xad#\x9c\xa5\
\xd5\xd52(\xcb\xd1\xab\xedO\x7f^\x01\x04\x13\x16@\
\x01\x04'\x10\x5c}\xdd\x01\x05\x10\x9c@p\xf5u\x07\
\x14@p\x02\xc1\xd5\xff\x03Y\xd7(pQ\x19bF\
\x00\x00\x00\x00IEND\xaeB`\x82\
\x00\x02\x94\x94\
\x00\
\x01\x00\x00\x00\x14\x01\x00\x00\x04\x00@GDEF\x81\
\x1a\xa58\x00\x00\x07\x9c\x00\x00\x05\xc6GPOS\xbb\
Ox\xf7\x00\x00VT\x00\x00\x9aNGSUB\xef\
n\xe2\x80\x00\x00\x0dd\x00\x00\x06VHVAR\x8a\
\xb1t\xac\x00\x00#\xe0\x00\x00\x0a\x1dOS/2\xaf\
\x19w\x94\x00\x00\x02P\x00\x00\x00`STAT\x86\
To9\x00\x00\x02\xb0\x00\x00\x00tavar+\
q \x01\x00\x00\x01|\x00\x00\x00\x22cmap\x90\
\xb3\x83\xa2\x00\x00\x1a\x88\x00\x00\x09Xfvar\x8d\
4i\x92\x00\x00\x01\xfc\x00\x00\x00Tgasp\x00\
\x00\x00\x10\x00\x00\x01T\x00\x00\x00\x08glyf\xc1\
8>\x22\x00\x00\xf0\xa4\x00\x00\xab\x04gvar8\
Va\xfb\x00\x01\x9b\xa8\x00\x00\xf8\xechead\x19\
\xe5\xe7>\x00\x00\x01\xc4\x00\x00\x006hhea\x08\
\xae\x05\x83\x00\x00\x01\xa0\x00\x00\x00$hmtx\xe6\
\x86k\xd4\x00\x00.\x00\x00\x00\x0d\x94loca5\
\xd6`C\x00\x00\x13\xbc\x00\x00\x06\xccmaxp\x03\
v\x00\xcf\x00\x00\x01\x5c\x00\x00\x00 namev\
a\xa7\xc4\x00\x00\x03$\x00\x00\x04vpost\x0b\
\x03|\xaf\x00\x00;\x94\x00\x00\x1a\xbfpreph\
\x06\x8c\x85\x00\x00\x01L\x00\x00\x00\x07\xb8\x01\xff\x85\xb0\
\x04\x8d\x00\x00\x01\x00\x01\xff\xff\x00\x0f\x00\x01\x00\x00\x03\
e\x00e\x00\x07\x00h\x00\x05\x00\x01\x00\x00\x00\x00\x00\
\x00\x00\x00\x00\x00\x00\x00\x00\x04\x00\x01\x00\x01\x00\x00\x00\
\x00\x00\x01\x00\x06\xc0\x00\xc0\x00\xe0\x00\xd8\x00\x00\x00\x00\
\x00\x15U!\x08*\xab2`@\x00@\x00\x00\x00\x00\
\x01\x00\x00\x04\xa9\xfe\xdf\x00\x00\x04\xec\xff;\xfeR\x04\
\xc7\x00\x01\x00\x00\x00\x00\x00\x00\x00\x00\x00\x00\x00\x00\x00\
\x00\x03e\x00\x01\x00\x00\x00\x04\x1a^wY\x00\xf7_\
\x0f<\xf5\x00\x03\x03\xe8\x00\x00\x00\x00\xd5\xea\xa0e\x00\
\x00\x00\x00\xe0\xde\xe7\xa6\xff;\xfe\xe1\x04\xc7\x05\x11\x00\
\x00\x00\x06\x00\x02\x00\x00\x00\x00\x00\x00\x00\x01\x00\x00\x00\
\x10\x00\x02\x00\x01\x00\x14\x00\x06\x00\x08wght\x00\
\xc8\x00\x00\x01\x90\x00\x00\x02\xbc\x00\x00\x00\x00\x01\x00\x01\
\x01\x00\x00\x00\xc8\x00\x00\x01\x02\x00\x00\x01,\x00\x00\x01\
\x03\x00\x00\x01\x90\x00\x00\x01\x04\x00\x00\x01\xf4\x00\x00\x01\
\x05\x00\x00\x02X\x00\x00\x01\x06\x00\x00\x02\xbc\x00\x00\x00\
\x04\x01\xd1\x01\x90\x00\x05\x00\x00\x02\x8a\x02X\x00\x00\x00\
K\x02\x8a\x02X\x00\x00\x01^\x002\x01[\x00\x00\x00\
\x00\x00\x00\x00\x00\x00\x00\x00\x00\xa0\x00\x02\xff@\x00 \
K\x00\x00\x00\x00\x00\x00\x00\x00newt\x00\xc0\x00\
\x0d\xfb\x02\x04\xa9\xfe\xdf\x00\x00\x05-\x01y \x00\x01\
\x97\x00\x00\x00\x00\x02B\x03*\x00\x00\x00 \x00\x03\x00\
\x01\x00\x01\x00\x08\x00\x01\x00\x00\x00\x14\x00\x06\x00\x00\x00\
\x1c\x00\x02wght\x01\x00\x00\x00\x00\x0c\x00\x18\x00\
$\x004\x00@\x00L\x00\x01\x00\x00\x00\x00\x01\x01\x00\
\xc8\x00\x00\x00\x01\x00\x00\x00\x00\x01\x02\x01,\x00\x00\x00\
\x03\x00\x00\x00\x02\x01\x03\x01\x90\x00\x00\x02\xbc\x00\x00\x00\
\x01\x00\x00\x00\x00\x01\x04\x01\xf4\x00\x00\x00\x01\x00\x00\x00\
\x00\x01\x05\x02X\x00\x00\x00\x01\x00\x00\x00\x00\x01\x06\x02\
\xbc\x00\x00\x00\x00\x00\x15\x01\x02\x00\x03\x00\x01\x04\x09\x00\
\x00\x00\xaa\x02\xca\x00\x03\x00\x01\x04\x09\x00\x01\x00\x0c\x02\
\xbe\x00\x03\x00\x01\x04\x09\x00\x02\x00\x0e\x02\xb0\x00\x03\x00\
\x01\x04\x09\x00\x03\x002\x02~\x00\x03\x00\x01\x04\x09\x00\
\x04\x00\x1c\x02b\x00\x03\x00\x01\x04\x09\x00\x05\x00V\x02\
\x0c\x00\x03\x00\x01\x04\x09\x00\x06\x00\x1c\x01\xf0\x00\x03\x00\
\x01\x04\x09\x00\x08\x00\x18\x01\xd8\x00\x03\x00\x01\x04\x09\x00\
\x09\x00\x18\x01\xd8\x00\x03\x00\x01\x04\x09\x00\x0b\x002\x01\
\xa6\x00\x03\x00\x01\x04\x09\x00\x0c\x002\x01\xa6\x00\x03\x00\
\x01\x04\x09\x00\x0d\x01\x22\x00\x84\x00\x03\x00\x01\x04\x09\x00\
\x0e\x006\x00N\x00\x03\x00\x01\x04\x09\x00\x19\x00\x0c\x02\
\xbe\x00\x03\x00\x01\x04\x09\x01\x00\x00\x0c\x00B\x00\x03\x00\
\x01\x04\x09\x01\x01\x00\x14\x00.\x00\x03\x00\x01\x04\x09\x01\
\x02\x00\x0a\x00$\x00\x03\x00\x01\x04\x09\x01\x03\x00\x0e\x02\
\xb0\x00\x03\x00\x01\x04\x09\x01\x04\x00\x0c\x00\x18\x00\x03\x00\
\x01\x04\x09\x01\x05\x00\x10\x00\x08\x00\x03\x00\x01\x04\x09\x01\
\x06\x00\x08\x00\x00\x00B\x00o\x00l\x00d\x00S\x00\
e\x00m\x00i\x00B\x00o\x00l\x00d\x00M\x00\
e\x00d\x00i\x00u\x00m\x00L\x00i\x00g\x00\
h\x00t\x00E\x00x\x00t\x00r\x00a\x00L\x00\
i\x00g\x00h\x00t\x00W\x00e\x00i\x00g\x00\
h\x00t\x00h\x00t\x00t\x00p\x00s\x00:\x00\
/\x00/\x00s\x00c\x00r\x00i\x00p\x00t\x00\
s\x00.\x00s\x00i\x00l\x00.\x00o\x00r\x00\
g\x00/\x00O\x00F\x00L\x00T\x00h\x00i\x00\
s\x00 \x00F\x00o\x00n\x00t\x00 \x00S\x00\
o\x00f\x00t\x00w\x00a\x00r\x00e\x00 \x00\
i\x00s\x00 \x00l\x00i\x00c\x00e\x00n\x00\
s\x00e\x00d\x00 \x00u\x00n\x00d\x00e\x00\
r\x00 \x00t\x00h\x00e\x00 \x00S\x00I\x00\
L\x00 \x00O\x00p\x00e\x00n\x00 \x00F\x00\
o\x00n\x00t\x00 \x00L\x00i\x00c\x00e\x00\
n\x00s\x00e\x00,\x00 \x00V\x00e\x00r\x00\
s\x00i\x00o\x00n\x00 \x001\x00.\x001\x00\
.\x00 \x00T\x00h\x00i\x00s\x00 \x00l\x00\
i\x00c\x00e\x00n\x00s\x00e\x00 \x00i\x00\
s\x00 \x00a\x00v\x00a\x00i\x00l\x00a\x00\
b\x00l\x00e\x00 \x00w\x00i\x00t\x00h\x00\
 \x00a\x00 \x00F\x00A\x00Q\x00 \x00a\x00\
t\x00:\x00 \x00h\x00t\x00t\x00p\x00s\x00\
:\x00/\x00/\x00s\x00c\x00r\x00i\x00p\x00\
t\x00s\x00.\x00s\x00i\x00l\x00.\x00o\x00\
r\x00g\x00/\x00O\x00F\x00L\x00h\x00t\x00\
t\x00p\x00:\x00/\x00/\x00w\x00w\x00w\x00\
.\x00s\x00a\x00n\x00s\x00o\x00x\x00y\x00\
g\x00e\x00n\x00.\x00c\x00o\x00m\x00V\x00\
e\x00r\x00n\x00o\x00n\x00 \x00A\x00d\x00\
a\x00m\x00s\x00O\x00s\x00w\x00a\x00l\x00\
d\x00-\x00R\x00e\x00g\x00u\x00l\x00a\x00\
r\x00V\x00e\x00r\x00s\x00i\x00o\x00n\x00\
 \x004\x00.\x001\x000\x003\x00;\x00g\x00\
f\x00t\x00o\x00o\x00l\x00s\x00[\x000\x00\
.\x009\x00.\x003\x003\x00.\x00d\x00e\x00\
v\x008\x00+\x00g\x000\x002\x009\x00e\x00\
1\x009\x00f\x00]\x00O\x00s\x00w\x00a\x00\
l\x00d\x00 \x00R\x00e\x00g\x00u\x00l\x00\
a\x00r\x004\x00.\x001\x000\x003\x00;\x00\
n\x00e\x00w\x00t\x00;\x00O\x00s\x00w\x00\
a\x00l\x00d\x00-\x00R\x00e\x00g\x00u\x00\
l\x00a\x00r\x00R\x00e\x00g\x00u\x00l\x00\
a\x00r\x00O\x00s\x00w\x00a\x00l\x00d\x00\
C\x00o\x00p\x00y\x00r\x00i\x00g\x00h\x00\
t\x00 \x002\x000\x001\x006\x00 \x00T\x00\
h\x00e\x00 \x00O\x00s\x00w\x00a\x00l\x00\
d\x00 \x00P\x00r\x00o\x00j\x00e\x00c\x00\
t\x00 \x00A\x00u\x00t\x00h\x00o\x00r\x00\
s\x00 \x00(\x00h\x00t\x00t\x00p\x00s\x00\
:\x00/\x00/\x00g\x00i\x00t\x00h\x00u\x00\
b\x00.\x00c\x00o\x00m\x00/\x00g\x00o\x00\
o\x00g\x00l\x00e\x00f\x00o\x00n\x00t\x00\
s\x00/\x00O\x00s\x00w\x00a\x00l\x00d\x00\
F\x00o\x00n\x00t\x00)\x00\x00\x00\x01\x00\x03\x04\
$\x00\x00\x03n\x00\x00\x03(\x00\x00\x00\x12\x00\x01\x00\
\x00\x03\x06\x00\x04\x00\x00\x02\xf4\x00\x00\x02\xd8\x00\x00\x00\
*\x00\x00\x00\x18\x00\x02\x00\x02\x00\x02\x00\x00\x00\x01\xff\
\xcb\x00\x93\x00\x96\x00\x00\x01R\x00\x00\x00\x02\x00\x00\x00\
\x01\x9a \x9b\x1c\xa4\x17\xa5%\xab\x16\xb03\xb6c\xb8\
7\xbaE\xbaH\xbcJ\xbcX\xbdB\xc0[\xc6\x22\xc9\
G\xca/\xca0\xcb.\xcf\xdf\xd0/\xd02\xd0:\xd0\
=\xd0U\xd4\x0e\xd42\xd4C\xd5\x0c\xd61\xd75\xd8\
a\xd97\xda\x0d\xdb\x1b\xdb(\xdc\x12\xdc-\xdc@\xdd\
!\xdd5\xde\x14\xde3\xe0\x11\xe0\x16\xe0\x17\xe0\x1e\xe1\
\x22\xe1$\xe1<\xe2\x1c\xe3\x0a\xe3\x0e\xe3\x1f\xe34\xe3\
6\xe4\x16\xe4\x1d\xe4$\xe5\x10\xe5 \xe5#\xe6\x17\xe6\
\x19\xe6\x1f\xe6(\xe7\x17\xe7\x19\xe7\x1d\xe8\x0c\xe8\x15\xe8\
\x1d\xe8\x1e\xe8\x1f\xe8\x22\xe8$\xe9\x13\xe9\x14\xe9\x19\xe9\
\x1a\xe9\x1b\xe9\x1d\xe9\x1f\xe9 \xe9$\xe9-\xe91\xea\
\x0e\xea\x19\xea\x1a\xea\x1c\xea\x1d\xea \xeb\x0f\xeb\x18\xeb\
\x1a\xeb\x1b\xeb\x1c\xeb\x1d\xeb!\xeb(\xec\x08\xec\x12\xec\
\x16\xec\x18\xec\x1a\xec\x1b\xec\x1d\xec5\xed\xf8\xed\x18\xed\
\x1d\xed!\xee\x10\xee\x13\xee\x15\xee\x17\xee\x18\xee\x1c\xee\
\x1d\xee!\xee$\xee1\xef\xf6\xef\x17\xef#\xf0\x10\xf0\
\x12\xf0\x19\xf1\x10\xf1\x16\xf1\x17\xf1\x18\xf1$\xf2\x12\xf2\
\x16\xf2\x1b\xf2\x1d\xf3\x0a\xf3\x15\xf3\x17\xf3\x18\xf3 \xf3\
!\xf4\xf0\xf4\x05\xf4\x0c\xf4\x17\xf4\x1d\xf4\x1e\xf5\x05\xf5\
\x14\xf5\x16\xf5\x1c\xf5%\xf6\xe9\xf6\xea\xf6\x06\xf6\x08\xf6\
\x0d\xf6\x0f\xf6\x10\xf6\x15\xf6\x17\xf6\x18\xf6\x1b\xf7\x0d\xf7\
\x13\xf7\x16\xf7\x19\xf7%\xf8\xf5\xf8\xfa\xf8\xfd\xf8\x08\xf8\
\x0c\xf8\x10\xf8\x1c\xf8&\xf8'\xf9\xd4\xf9\x02\xf9\x09\xf9\
\x0a\xf9\x0c\xf9\x14\xf9\x15\xf9\x1a\xfa\xfe\xfa\x09\xfa\x10\xfa\
\x19\xfa\x1e\xfa(\xfb\xea\xfb\xf4\xfb\x07\xfb\x08\xfb\x09\xfb\
\x16\xfb\x1d\xfb\x1f\xfc\x06\xfc\x16\xfc/\xfd\xe8\xfd\xf7\xfd\
\xfc\xfd\x04\xfd\x05\xfd!\xfd$\xfd`\xfe\xfe\xfe\xff\xfe\
\x02\xfe\x03\xfe \xff\x01\xff\x02\xff\x1e\x01\xfe\x01\xff\x01\
\x01\x01\x10\x02\xfb\x02\xfc\x02\xfd\x02\xfe\x02\x13\x03\xf4\x03\
\xf7\x03\xfb\x03\xfc\x03.\x04\xf9\x04\xfa\x04\xfb\x04\x09\x04\
\x17\x05\xf7\x05\xf8\x05\xf9\x05\x07\x06\xf6\x06\xf7\x06\x17\x07\
\xec\x07\xf4\x07\xf5\x07\xf6\x07\x0d\x08\xf4\x08\x06\x08\x08\x08\
\x0b\x08\x0c\x09\xf1\x09\xf3\x09\x09\x09'\x0a\xf0\x0a\xf1\x0a\
\xf9\x0a\xfb\x0a\x07\x0a\x08\x0a\x0c\x0a\x10\x0b\xee\x0b\x0a\x0b\
\x18\x0c\xff\x0c\x02\x0c\x14\x0d\xeb\x0d\xed\x0d\xfc\x0d\x05\x0e\
\x0b\x0e\x0d\x0f\xe8\x0f\x05\x0f\x0d\x0f\x0f\x10\xe7\x10\x06\x10\
\x07\x11\xe6\x11\x05\x12\xfe\x12\x06\x12\x0e\x13\x05\x14\xd8\x14\
\xe1\x14\xf8\x14\x01\x14\x05\x14\x08\x14\x0f\x14\x10\x15\x01\x15\
\x16\x17\x03\x17\x0b\x17\x12\x18\x13\x19\x02\x19\x13\x1a\x07\x1a\
\x14\x1b\xd7\x1b\x08\x1b\x15\x1c\x16\x1d\x01\x1e\xd1\x1e\xf8\x1e\
\x06\x1e\x08\x1e\x0f\x1e\x17\x1f\xf2\x1f\x02!\xcc\x22\x1a#\
\x1a&\xd8&\x06'\xc4'\xc5(\x08)\x10)\x16+\
\xbd1\xd6<.\x00\x14\x00\x00\x00\x01\x00\x01\xc3\xca\xe9\
\xeb\xf0\xf2\xf3\xf4\xf6\xf8\xfb\xff\x02\x08\x10\x13\x17\x1f'\
3\x00\x0a\x00\x00\x00\x01\x00\x00\xb0\xe6\xf2\xf6\xfa\xff\x0a\
\x14\x1e#\x00\x01\x00\x02\xc0\x00\xc0\x00\x00\x00\x00\x00@\
\x00@\x00\x00\x01\x00\x03\x00\x00\x006\x00\x00\x00&\x00\
\x00\x00\x10\x00\x02\x00\x03\x032\x036\x00\x00\x038\x03\
A\x00\x05\x03K\x03S\x00\x0f\x00\x01\x00\x06\x03C\x03\
D\x03E\x03F\x03H\x03I\x00\x02\x00\x02\x032\x03\
6\x00\x00\x038\x03A\x00\x05\x00\x12\x00\x07\x00\xa6\x00\
\x88\x00j\x00L\x00<\x00,\x00\x1c\x00\x02\x00\x01\x01\
\xb4\x01\xba\x00\x00\x00\x01\x00\x04\x00\x03\x01\x02\x00\x06\x00\
\x02\x00$\x80\x00\x00\x01\x00\x04\x00\x03\x00\xf6\x00\x06\x00\
\x02\x00.\x80\x00\x00\x01\x00\x04\x00\x03\x01h\x00\x06\x00\
\x02\x00\x1a\x80\x00\x00\x02\x00\x12\x00\x06\x00\x03\x02\x05\x00\
\x06\x00\x02\x00\x07\x80\x00\x00\x03\x01\x03\x00\x06\x00\x02\x00\
\x22\x80\x00\x00\x02\x00\x12\x00\x06\x00\x03\x02\x84\x00\x06\x00\
\x02\x00\x0f\x80\x00\x00\x03\x01B\x00\x06\x00\x02\x00=\x80\
\x00\x00\x02\x00\x12\x00\x06\x00\x03\x01\xeb\x00\x06\x00\x02\x00\
%\x80\x00\x00\x03\x00\xf5\x00\x06\x00\x02\x00t\x80\x00\x00\
\x01\x00\x04\x00\x03\x01\x0e\x00\x06\x00\x02\x00/\x80\x00\x00\
\x02\x00E\x00\x01\x00(\x00\x01\x00*\x00,\x00\x01\x00\
.\x00A\x00\x01\x00C\x00O\x00\x01\x00Q\x00m\x00\
\x01\x00o\x00w\x00\x01\x00y\x00\x99\x00\x01\x00\x9b\x00\
\xa8\x00\x01\x00\xaa\x00\xff\x00\x01\x01\x01\x01\x03\x00\x01\x01\
\x05\x01\x18\x00\x01\x01\x1a\x01&\x00\x01\x01(\x019\x00\
\x01\x01;\x01?\x00\x01\x01A\x01F\x00\x01\x01H\x01\
P\x00\x01\x01R\x01r\x00\x01\x01t\x01\x81\x00\x01\x01\
\x84\x01\xb3\x00\x01\x01\xb4\x01\xba\x00\x02\x01\xbd\x01\xbd\x00\
\x01\x01\xbf\x01\xc1\x00\x01\x01\xc7\x01\xd1\x00\x01\x01\xd3\x01\
\xd5\x00\x01\x01\xd7\x01\xdb\x00\x01\x01\xdd\x01\xde\x00\x01\x01\
\xe4\x01\xe4\x00\x01\x01\xe8\x01\xe8\x00\x01\x01\xea\x01\xec\x00\
\x01\x01\xf4\x01\xf4\x00\x01\x01\xf6\x01\xf6\x00\x01\x01\xf9\x01\
\xfa\x00\x01\x02\x02\x02\x05\x00\x01\x02\x07\x02\x08\x00\x01\x02\
\x0b\x02\x0f\x00\x01\x02\x11\x02\x11\x00\x01\x02\x13\x02(\x00\
\x01\x02+\x02,\x00\x01\x02.\x02.\x00\x01\x020\x02\
1\x00\x01\x023\x023\x00\x01\x026\x027\x00\x01\x02\
9\x029\x00\x01\x02=\x02G\x00\x01\x02K\x02K\x00\
\x01\x02M\x02N\x00\x01\x02P\x02Q\x00\x01\x02S\x02\
T\x00\x01\x02Z\x02Z\x00\x01\x02^\x02^\x00\x01\x02\
`\x02b\x00\x01\x02j\x02j\x00\x01\x02l\x02l\x00\
\x01\x02o\x02o\x00\x01\x02{\x02{\x00\x01\x02}\x02\
\x82\x00\x01\x02\x84\x02\x85\x00\x01\x02\x8b\x02\x9e\x00\x01\x02\
\xa1\x02\xa2\x00\x01\x02\xa4\x02\xa4\x00\x01\x02\xa6\x02\xa6\x00\
\x01\x02\xd0\x02\xd0\x00\x01\x02\xe9\x02\xe9\x00\x01\x02\xfb\x02\
\xfc\x00\x01\x03\x03\x03\x05\x00\x01\x03\x0a\x03\x0b\x00\x01\x03\
\x11\x03\x12\x00\x01\x032\x036\x00\x03\x038\x03T\x00\
\x03\x00\x00\x00\x01\x00\x00\x00\x0a\x00\xc4\x01j\x00\x02D\
FLT\x00\xa0latn\x00\x0e\x00|\x00\x08A\
ZE \x00dCAT \x00LCRT \x00\
dKAZ \x00dMOL \x004ROM\
 \x004TAT \x00dTRK \x00d\x00\
\x00\xff\xff\x00\x09\x00\x00\x00\x01\x00\x02\x00\x04\x00\x05\x00\
\x06\x00\x09\x00\x0a\x00\x0b\x00\x00\xff\xff\x00\x09\x00\x00\x00\
\x01\x00\x02\x00\x04\x00\x05\x00\x06\x00\x08\x00\x0a\x00\x0b\x00\
\x00\xff\xff\x00\x09\x00\x00\x00\x01\x00\x02\x00\x04\x00\x05\x00\
\x06\x00\x07\x00\x0a\x00\x0b\x00\x00\xff\xff\x00\x08\x00\x00\x00\
\x01\x00\x03\x00\x04\x00\x05\x00\x06\x00\x0a\x00\x0b\x00\x04\x00\
\x00\x00\x00\xff\xff\x00\x08\x00\x00\x00\x01\x00\x02\x00\x04\x00\
\x05\x00\x06\x00\x0a\x00\x0b\x00\x0caalt\x00\xa0c\
ase\x00\x9accmp\x00\x8cccmp\x00\
|dlig\x00vfrac\x00plig\
a\x00jlocl\x00dlocl\x00^l\
ocl\x00Xordn\x00Psups\x00\
J\x00\x00\x00\x01\x00\x11\x00\x00\x00\x02\x00\x13\x00\x15\x00\
\x00\x00\x01\x00\x0e\x00\x00\x00\x01\x00\x0f\x00\x00\x00\x01\x00\
\x0d\x00\x00\x00\x01\x00\x18\x00\x00\x00\x01\x00\x12\x00\x00\x00\
\x01\x00\x17\x00\x00\x00\x06\x00\x01\x00\x02\x00\x08\x00\x0a\x00\
\x0c\x00\x0c\x00\x00\x00\x05\x00\x01\x00\x02\x00\x08\x00\x0a\x00\
\x0c\x00\x00\x00\x01\x00\x16\x00\x00\x00\x01\x00\x00\x00\x19\x04\
\x9a\x04<\x03t\x03\x5c\x03>\x03 \x03>\x03 \x02\
\xd2\x02\xbe\x02\x86\x02\xbe\x02\x04\x01\xf0\x01\xce\x01\x92\x01\
\x84\x01l\x010\x00\xe8\x00\xc6\x00\xa4\x00\x9c\x00r\x00\
4\x00\x04\x00\x08\x00\x01\x00\x08\x00\x01\x00Z\x00\x01\x00\
\x08\x00\x05\x00&\x00\x1e\x00\x18\x00\x12\x00\x0c\x01\xba\x00\
\x02\x01A\x01\xb9\x00\x02\x01*\x01\xb4\x00\x02\x01\x1c\x01\
\xb7\x00\x03\x01\x1c\x01A\x01\xb5\x00\x03\x01\x1c\x01*\x00\
\x04\x00\x08\x00\x01\x00\x08\x00\x01\x00\x1c\x00\x01\x00\x08\x00\
\x02\x00\x0c\x00\x06\x01\xb8\x00\x02\x019\x01\xb6\x00\x03\x01\
\x1c\x019\x00\x01\x00\x01\x01\x1c\x00\x01\x00\x00\x00\x01\x02\
,\x00\x04\x00\x00\x00\x01\x00\x08\x00\x01\x00\x14\x00\x01\x00\
\x08\x00\x01\x00\x04\x02\xfa\x00\x03\x01R\x02\xc1\x00\x01\x00\
\x01\x00q\x00\x01\x00\x00\x00\x01\x00\x08\x00\x02\x00\x0e\x00\
\x04\x01\xbb\x01\xbc\x01\xbb\x01\xbc\x00\x01\x00\x04\x00\x01\x00\
y\x00\xda\x01R\x00\x06\x00\x00\x00\x02\x00$\x00\x0a\x00\
\x03\x00\x01\x004\x00\x01\x00\x12\x00\x00\x00\x01\x00\x00\x00\
\x14\x00\x01\x00\x02\x00y\x01R\x00\x03\x00\x01\x00\x1a\x00\
\x01\x00\x12\x00\x00\x00\x01\x00\x00\x00\x14\x00\x01\x00\x02\x00\
\x01\x00\xda\x00\x02\x00\x01\x02\xaa\x02\xb3\x00\x00\x00\x04\x00\
\x00\x00\x01\x00\x08\x00\x01\x00,\x00\x02\x00\x16\x00\x0a\x00\
\x01\x00\x04\x02\xb7\x00\x03\x02\xce\x02\xae\x00\x02\x00\x0e\x00\
\x06\x02\xb5\x00\x03\x02\xce\x02\xac\x02\xb6\x00\x03\x02\xce\x02\
\xae\x00\x01\x00\x02\x02\xab\x02\xad\x00\x01\x00\x00\x00\x01\x00\
\x08\x00\x01\x00\x06\x00\x0d\x00\x02\x00\x01\x02\xab\x02\xae\x00\
\x00\x00\x01\x00\x00\x00\x01\x00\x08\x00\x01\x00\x16\x00\x06\x00\
\x06\x00\x00\x00\x01\x00\x08\x00\x01\x00\x08\x00\x01\x00\x0e\x00\
\x01\x00\x01\x02\xca\x00\x02\x00\x16\x00\x06\x00\x01\x00g\x00\
\x01\x00\x01\x00g\x00\x01\x00\x00\x00\x10\x00\x01\x01A\x00\
\x01\x00\x01\x01A\x00\x01\x00\x00\x00\x10\x00\x01\x00\x00\x00\
\x01\x00\x08\x00\x02\x00\x0e\x00\x04\x00\xa7\x00\xae\x01\x80\x01\
\x88\x00\x01\x00\x04\x00\xa5\x00\xad\x01~\x01\x87\x00\x01\x00\
\x00\x00\x01\x00\x08\x00\x01\x00\x06\x00\x07\x00\x01\x00\x01\x01\
*\x00\x02\x00\x10\x00\x01\x00\x0a\x00\x00\x00\x01\x00\x1c\x00\
\x0b\x00r\x00l\x00f\x00`\x00Z\x00T\x00N\x00\
H\x00B\x00<\x006\x00\x01\x00\x0b\x00'\x00,\x00\
h\x00m\x00r\x00v\x01\x03\x01F\x01O\x01\xb9\x01\
\xba\x00\x02\x01\x1c\x01A\x00\x02\x01\x1c\x01*\x00\x02\x01\
J\x01:\x00\x02\x01A\x01:\x00\x02\x00\xfe\x01\xb2\x00\
\x02\x00q\x01:\x00\x02\x00q\x00b\x00\x02\x00g\x01\
:\x00\x02\x00g\x00b\x00\x02\x00%\x01\xb2\x00\x02\x00\
%\x00\xd8\x00\x06\x00\x10\x00\x02\x00\x1e\x00\x0c\x00\x00\x00\
\x03\x00\x01\x00$\x00\x01\x00\x86\x00\x00\x00\x01\x00\x00\x00\
\x0b\x00\x03\x00\x00\x00\x01\x00t\x00\x01\x00\x12\x00\x01\x00\
\x00\x00\x0b\x00\x01\x00\x02\x03S\x03T\x00\x01\x00\x10\x00\
\x01\x00\x0a\x00\x00\x00\x02\x00P\x00\x02\x03S\x03T\x00\
\x06\x00\x10\x00\x02\x004\x00\x0c\x00\x00\x00\x03\x00\x01\x00\
\x12\x00\x01\x00:\x00\x00\x00\x01\x00\x00\x00\x09\x00\x02\x00\
\x03\x00\x01\x00\xd9\x00\x00\x01\xbd\x022\x00\xd9\x02\xa8\x02\
\xa8\x01O\x00\x03\x00\x01\x00\x12\x00\x01\x00\x12\x00\x00\x00\
\x01\x00\x00\x00\x09\x00\x01\x00\x02\x038\x03B\x00\x02\x00\
\x10\x00\x01\x00\x0a\x00\x00\x00\x01\x00\x08\x00\x01\x00\x0e\x00\
\x01\x00\x01\x017\x00\x02\x01+\x03G\x00\x02\x00\x10\x00\
\x01\x00\x0a\x00\x00\x00\x01\x00\x08\x00\x01\x00\x0e\x00\x01\x00\
\x01\x012\x00\x02\x01+\x03C\x00\x01\x00\x10\x00\x01\x00\
\x0a\x00\x00\x00\x01\x00\x06\x00\x01\x00\x01\x00\x02\x01*\x01\
:\x00\x06\x00\x10\x00\x01\x00\x0a\x00\x00\x00\x02\x00\xb2\x00\
\xae\x00\x92\x00p\x00\x05\x00\x00\x00^\x00:\x00\x16\x00\
^\x00\x02\x00\x16\x00\x06\x00\x00\x00\x01\x00\x02\x00\x02\x00\
\x01\x00\x01\x00\x00\x00\x06\x00\x00\x00\x01\x00\x01\x00\x01\x00\
\x01\x00\x00\x00\x04\x00\x02\x00\x16\x00\x06\x00\x00\x00\x01\x00\
\x02\x00\x02\x00\x01\x00\x01\x00\x00\x00\x07\x00\x00\x00\x01\x00\
\x01\x00\x01\x00\x01\x00\x00\x00\x05\x00\x01\x00\x04\x00\x00\x00\
\x01\x00\x01\x00\x01\x00\x01\x00\x00\x00\x03\x00\x02\x00\x05\x03\
2\x036\x00\x01\x038\x03A\x00\x01\x03C\x03C\x00\
\x02\x03F\x03G\x00\x02\x03I\x03I\x00\x02\x00\x02\x00\
\x04\x01*\x01*\x00\x04\x012\x012\x00\x03\x017\x01\
7\x00\x02\x01:\x01:\x00\x01\x00\x02\x00\x00\x00\x01\x00\
\x04\x01*\x012\x017\x01:\x00\x04\x00\x00\x00\x01\x00\
\x08\x00\x01\x00N\x00\x02\x00,\x00\x0a\x00\x04\x00\x1c\x00\
\x16\x00\x10\x00\x0a\x03N\x00\x02\x03<\x03M\x00\x02\x03\
>\x03L\x00\x02\x034\x03K\x00\x02\x035\x00\x04\x00\
\x1c\x00\x16\x00\x10\x00\x0a\x03R\x00\x02\x03<\x03Q\x00\
\x02\x03>\x03P\x00\x02\x034\x03O\x00\x02\x035\x00\
\x01\x00\x02\x038\x03:\x00\x01\x00\x00\x00\x01\x00\x08\x00\
\x02\x00&\x00\x10\x01\xbb\x01\xbc\x00\xa7\x00\xae\x01\xbb\x01\
1\x01\xbc\x01\x80\x01\x88\x02\xb8\x02\xb9\x02\xba\x02\xbb\x02\
\xd0\x03S\x03T\x00\x01\x00\x10\x00\x01\x00y\x00\xa5\x00\
\xad\x00\xda\x01*\x01R\x01~\x01\x87\x02\xab\x02\xac\x02\
\xad\x02\xae\x02\xca\x038\x03B\x00\x00\x00\x00\x00\x14\x00\
,\x008\x00D\x00P\x00`\x00l\x00x\x00\x88\x00\
\x94\x00\xa0\x00\xac\x00\xbc\x00\xc8\x00\xd4\x00\xe4\x00\xf0\x00\
\xfc\x01\x08\x01\x14\x01 \x01,\x018\x01D\x01P\x01\
`\x01l\x01\x8d\x01\x99\x01\xd5\x01\xe1\x02\x1a\x02&\x02\
2\x02>\x02J\x02V\x02|\x02\x88\x02\x98\x02\xa4\x02\
\xd3\x02\xdf\x02\xeb\x02\xfb\x03*\x03?\x03K\x03W\x03\
c\x03o\x03{\x03\x8b\x03\x97\x03\xa3\x03\xb3\x03\xbf\x03\
\xcb\x03\xd7\x03\xe3\x03\xef\x03\xfb\x04\x07\x04\x13\x04\x1f\x04\
+\x04h\x04\x9f\x04\xab\x04\xbe\x04\xca\x05\x07\x05\x13\x05\
\x1f\x05+\x057\x05C\x05O\x05\x92\x05\xa8\x05\xcb\x05\
\xd7\x05\xe3\x05\xef\x05\xfb\x06\x07\x06\x13\x06\x1f\x06+\x06\
7\x06C\x06N\x06Z\x06f\x06r\x06~\x06\x89\x06\
\x95\x06\xae\x06\xba\x06\xd3\x06\xdf\x06\xeb\x06\xf9\x07\x05\x07\
\x11\x07\x1d\x07)\x075\x07A\x07Z\x07v\x07\x82\x07\
\x97\x07\xa3\x07\xaf\x07\xbb\x07\xc7\x07\xd3\x07\xdf\x08\x01\x08\
9\x08E\x08Q\x08]\x08i\x08y\x08\x85\x08\x91\x08\
\xa1\x08\xad\x08\xb9\x08\xc9\x08\xd9\x08\xe5\x08\xf1\x08\xfd\x09\
\x09\x09\x19\x09)\x099\x09I\x09Y\x09e\x09q\x09\
}\x09\x89\x09\xc8\x09\xd4\x09\xe0\x09\xf0\x0a!\x0aG\x0a\
S\x0ax\x0a\xc0\x0a\xea\x0a\xf6\x0b\x02\x0b\x0e\x0b\x1a\x0b\
&\x0bi\x0bu\x0b\x81\x0b\x8d\x0b\x99\x0b\xa5\x0b\xb1\x0b\
\xe6\x0b\xf7\x0c\x0f\x0c\x1b\x0c'\x0c3\x0c?\x0cc\x0c\
o\x0c{\x0c\x87\x0c\x93\x0c\x9f\x0c\xab\x0c\xb7\x0c\xc3\x0c\
\xcf\x0c\xdb\x0c\xeb\x0c\xfb\x0d\x0b\x0d\x1b\x0d+\x0d7\x0d\
C\x0dO\x0d[\x0dg\x0ds\x0d\x85\x0d\xa1\x0d\xad\x0d\
\xb9\x0d\xc5\x0d\xd1\x0d\xec\x0e\x01\x0e\x0d\x0e\x19\x0e%\x0e\
1\x0e=\x0eI\x0eU\x0ea\x0eu\x0e\x81\x0e\x8d\x0e\
\x99\x0e\xe3\x0e\xef\x0e\xfb\x0f\x07\x0f\x17\x0f#\x0f/\x0f\
?\x0fK\x0fW\x0fc\x0fs\x0f\x7f\x0f\x8b\x0f\x9b\x0f\
\xa7\x0f\xb3\x0f\xbf\x0f\xcb\x0f\xd7\x0f\xe3\x0f\xef\x0f\xfb\x10\
\x07\x10\x17\x10#\x10\x98\x10\xa4\x10\xdc\x10\xe8\x11\x1e\x11\
*\x116\x11B\x11N\x11Z\x11\x8e\x11\x9a\x11\xd5\x11\
\xe1\x11\xed\x11\xfd\x12N\x12\x88\x12\x94\x12\xa0\x12\xac\x12\
\xb8\x12\xc4\x12\xd4\x12\xe0\x12\xec\x12\xfc\x13\x08\x13\x14\x13\
 \x13,\x138\x13D\x13P\x13\x5c\x13h\x13t\x13\
\xae\x13\xe6\x13\xf2\x14\x17\x14#\x14\xa3\x14\xaf\x14\xbb\x14\
\xc7\x14\xd3\x15b\x15n\x15\xf7\x16\x19\x16C\x16O\x16\
[\x16m\x16y\x16\x84\x16\x8f\x16\x9a\x16\xa5\x16\xb0\x16\
\xbb\x16\xc6\x16\xd1\x16\xdc\x16\xe7\x16\xf2\x16\xfd\x17\x08\x17\
\x14\x177\x17T\x17_\x17w\x17\x83\x17\x8f\x17\xa6\x17\
\xb2\x17\xbe\x17\xca\x17\xd5\x17\xe1\x17\xed\x18\x04\x18<\x18\
H\x18j\x18v\x18\x82\x18\x8e\x18\x9a\x18\xa6\x18\xb2\x18\
\xdf\x19\x14\x19 \x19,\x198\x19D\x19T\x19`\x19\
l\x19|\x19\x88\x19\x94\x19\xa4\x19\xb4\x19\xc0\x19\xcc\x19\
\xd8\x19\xe4\x19\xf4\x1a\x04\x1a\x14\x1a$\x1a4\x1a@\x1a\
L\x1aX\x1ad\x1a\xa2\x1a\xae\x1a\xba\x1a\xca\x1b-\x1b\
e\x1bq\x1b\xa9\x1b\xdd\x1b\xfb\x1c\x07\x1c\x13\x1c\x1e\x1c\
*\x1c6\x1cw\x1c\x83\x1c\x8f\x1c\x9b\x1c\xa7\x1c\xb3\x1c\
\xbf\x1c\xfd\x1d\x1e\x1dC\x1do\x1d{\x1d\x87\x1d\x93\x1d\
\x9f\x1d\xc1\x1d\xcd\x1d\xd9\x1d\xe5\x1d\xf1\x1d\xfd\x1e\x09\x1e\
\x15\x1e!\x1e-\x1e9\x1eI\x1eY\x1ei\x1ey\x1e\
\x89\x1e\x95\x1e\xa1\x1e\xad\x1e\xb9\x1e\xc5\x1e\xd1\x1e\xe3\x1e\
\xff\x1f\x0b\x1f\x17\x1f#\x1f/\x1fH\x1fj\x1fv\x1f\
\x82\x1f\x8e\x1f\x9a\x1f\xa6\x1f\xb2\x1f\xbe\x1f\xca\x1f\xde\x1f\
\xea\x1f\xf6 \x02 \x0e V b \xa7 \xb3 \
\xe1!\x0d!I!|!\x84!\xab!\xb3!\xc2!\
\xce!\xde!\xf8\x22\x0d\x22E\x22q\x22y\x22\x85\x22\
\x91\x22\xb8#\x0a#\x1f#+#7#g#\x81#\
\x8d#\xaf#\xb7#\xbf#\xc7#\xd9#\xe1#\xe9#\
\xf1$\x1f$+$\x8b$\x93$\xb6$\xcd$\xe3$\
\xff%\x16%;%h%\x8f%\xca%\xfa&\x02&\
?&{&\x87&\x93&\xac&\xd4'\x15'@'\
x'\xa3'\xd1'\xd9'\xfc(/(\x87(\xac(\
\xcc(\xed)\x0d)/)N)\x89)\xa7*\x03*\
C*_*g*\x84*\xab*\xc6*\xf4+\x1f+\
B+r+\xc1,\x22,*,6,k,\x94,\
\xbd,\xda-\x08-+-7-C-K-W-\
_-k-w-\x83-\x8b-\x97-\xa3-\xaf-\
\xed-\xf9.\x05.\x11.\x1d.).5.A.\
g.\x9e.\xc1/\x13/K/S/~/\xad/\
\xd40\x020\x0a0W0\x8f0\x9d0\xa90\xb90\
\xcd0\xe31\x191B1J1V1b1\x891\
\xca1\xdf1\xeb1\xf72'2@2L2l2\
\x872\x9c2\xa42\xb62\xbe2\xc62\xd72\xdf2\
\xeb353=3^3u3\x8b3\xa73\xbe3\
\xea4\x1d4F4\x814\xb94\xc14\xfb545\
<5G5O5z5\xb85\xe86$6V6\
\x826\x8a6\xab6\xda7!7A7`7\x817\
\xa07\xbd7\xd67\xee8%8z8\xb78\xce8\
\xe38\xfe9\x1d989_9\x889\x909\xb8:\
\x04:b:n:y:\xa7:\xce:\xf3;\x10;\
7;Y;d;p;x;\x83;\x8b;\x97;\
\xa3;\xaf;\xb7;\xc3;\xcf;\xdb<\x17<#<\
/<;<G<S<_<k<\x94<\xc6<\
\xe7=(=W=_=\x91=\xd0=\xf6>\x08>\
)>a>{>\xa9>\xf9?\x13?J?\x96?\
\xa7@\x00@J@X@h@x@\x88@\x99@\
\xc3A\x01A\x1aA\x1aA\x1aA\x1aA.A@A\
KA`ArA\x8dA\xa3A\xb6A\xcaA\xfcB\
/B;BWBuB\xa8B\xb5B\xc2B\xceB\
\xdaB\xe6B\xf2B\xfaC\x06C+COC\x88C\
\xc1C\xd2C\xe3C\xecC\xf9D\x05D\x11D)D\
@D\x5cDvD\x87D\x97D\xa9D\xb6D\xf0D\
\xfcE|E\xe2E\xfcFhF\xd4G-GSG\
\x7fG\x8cG\x9fG\xacG\xc0G\xd4H\x16H1H\
hH\xa7H\xafH\xf4I1IyI\xc9J\x15J\
VJ\x9eJ\xb8K\x01KRKsK\xa7K\xcfK\
\xf8L*L:LvL\xa2L\xdeM\x0fM&M\
FMuM\x97M\xa3M\xbcM\xc9M\xddM\xeaN\
\x04N\x1cN/NJN[NmN\x84N\x9bN\
\xb5N\xc0N\xe8N\xf7O\x09O=O\x88O\xb6O\
\xc8O\xdeO\xf2P\x16PmP\xc8QHQ`Q\
yQ\x8bQ\x97Q\xa4Q\xb1Q\xc4Q\xd9Q\xeaQ\
\xfbR\x14R9R^RjR\x8dR\xa0R\xbcR\
\xd1R\xe4R\xf0R\xf9S\x0eS3SYSbS\
kSwS\x96S\xb5S\xe8S\xf3T\x0bT#T\
OT[TlT\x7fT\x91T\x9dT\xaaT\xb7T\
\xc0T\xd1T\xd9T\xeaU\x06U,UTU`U\
iUrUzU\x82\x00\x00\x00\x02\x00\x00\x00\x03\x00\
\x00\x00\x14\x00\x03\x00\x01\x00\x00\x00\x14\x00\x04\x09D\x00\
\x00\x00\xce\x00\x80\x00\x06\x00N\x00\x0d\x00/\x009\x00\
~\x00\xac\x01\x7f\x01\x8f\x01\x92\x01\xa1\x01\xb0\x01\xb7\x01\
\xce\x01\xd4\x01\xeb\x01\xef\x01\xf5\x02\x1b\x02\x1f\x02-\x02\
3\x027\x02Y\x02\x92\x02\xbc\x02\xc7\x02\xc9\x02\xdd\x03\
\x04\x03\x0c\x03\x0f\x03\x12\x03\x1b\x03$\x03(\x03.\x03\
1\x035\x03\xa0\x03\xc0\x04\x1a\x04#\x04:\x04C\x04\
_\x04c\x04k\x04u\x04\xff\x05\x13\x05\x1d\x05)\x05\
/\x1e\x03\x1e\x0b\x1e\x1f\x1eA\x1eW\x1ea\x1ek\x1e\
\x85\x1e\x9e\x1e\xf9 \x10 \x14 \x1a \x1e \x22 \
& 0 3 : D R t \xa1 \
\xa4 \xa7 \xa9 \xae \xb2 \xb5 \xba \xbd!\
\x13!\x16!\x22!+!.\x22\x02\x22\x05\x22\x0f\x22\
\x12\x22\x15\x22\x1a\x22\x1e\x22+\x22H\x22`\x22e%\
\xca'\xe9\xfb\x02\xff\xff\x00\x00\x00\x0d\x00 \x000\x00\
:\x00\xa0\x00\xae\x01\x8f\x01\x92\x01\xa0\x01\xaf\x01\xb7\x01\
\xc4\x01\xd3\x01\xe4\x01\xee\x01\xf1\x01\xfa\x02\x1e\x02*\x02\
0\x027\x02Y\x02\x92\x02\xbb\x02\xc6\x02\xc9\x02\xd8\x03\
\x00\x03\x06\x03\x0f\x03\x11\x03\x1b\x03#\x03&\x03.\x03\
1\x035\x03\xa0\x03\xc0\x04\x00\x04\x1b\x04$\x04;\x04\
D\x04b\x04j\x04r\x04\x8a\x05\x10\x05\x1c\x05$\x05\
.\x1e\x02\x1e\x0a\x1e\x1e\x1e@\x1eV\x1e`\x1ej\x1e\
\x80\x1e\x9e\x1e\xa0 \x10 \x13 \x18 \x1c   \
& 0 2 9 D R t \xa1 \
\xa3 \xa6 \xa9 \xab \xb1 \xb4 \xb8 \xbc!\
\x13!\x16!\x22!*!.\x22\x02\x22\x05\x22\x0f\x22\
\x11\x22\x15\x22\x19\x22\x1e\x22+\x22H\x22`\x22d%\
\xca'\xe8\xfb\x01\xff\xff\x02\xb1\x00\x00\x02z\x00\x00\x00\
\x00\x00\x00\xfe\xb3\x01V\x00\x00\x00\x00\xfe\x8c\x00\x00\x00\
\x00\x00\x00\x00\x00\x00\x00\x00\x00\x00\x00\x00\x00\x00\x00\xff\
\x04\xfe\xc0\xfe\x88\x00\x00\x00\x00\x00\x92\x00\x00\x00\x00\x00\
\x00\x000\x00/\x00'\x00 \x00\x1f\x00\x1a\x00\x18\x00\
\x15\xff\x08\xfe\xe9\x00\x00\xfd\xb7\x00\x00\xfe\x0d\x00\x00\x00\
\x00\x00\x00\x00\x00\x00\x00\x00\x00\x00\x00\x00\x00\x00\x00\x00\
\x00\x00\x00\x00\x00\x00\x00\x00\x00\x00\x00\x00\x00\x00\x00\xe2\
\x0b\x00\x00\xe2\xc4\xe2\xbf\x00\x00\x00\x00\x00\x00\xe2\x9f\xe2\
\xff\xe2\xc0\xe2\xab\xe2p\xe2\xc3\xe2G\xe2]\x00\x00\xe2\
d\xe2i\x00\x00\x00\x00\x00\x00\x00\x00\x00\x00\xe1\xe4\xe1\
\xe4\xe1\xce\x00\x00\xe1\xcb\xe1+\xe1!\xe1\x1a\x00\x00\xe1\
\x01\x00\x00\xe1\x09\xe0\xfd\xe0\xda\xe0\xbc\x00\x00\xddf\xda\
\xd7\x06\xb8\x00\x01\x00\x00\x00\xcc\x00\x00\x00\xe8\x01p\x01\
\x88\x00\x00\x00\x00\x03&\x03(\x00\x00\x03(\x03<\x03\
>\x03L\x03N\x03V\x03\x98\x03\x9a\x03\xa0\x00\x00\x00\
\x00\x00\x00\x03\xa0\x03\xa2\x00\x00\x03\xa2\x03\xac\x03\xb4\x00\
\x00\x00\x00\x00\x00\x00\x00\x00\x00\x00\x00\x00\x00\x00\x00\x00\
\x00\x00\x00\x03\xac\x00\x00\x03\xde\x00\x00\x04\x08\x04>\x04\
@\x04B\x04H\x052\x058\x05:\x05D\x05F\x05\
H\x05J\x05L\x05N\x05P\x05R\x05T\x00\x00\x05\
\x5c\x00\x00\x00\x00\x06\x0a\x06\x0e\x06\x12\x00\x00\x00\x00\x00\
\x00\x00\x00\x00\x00\x00\x00\x00\x00\x00\x00\x06\x06\x00\x00\x00\
\x00\x06\x04\x06\x0a\x06\x0c\x06\x0e\x06\x12\x00\x00\x00\x00\x00\
\x00\x06\x0e\x00\x00\x00\x00\x00\x00\x00\x00\x06\x08\x00\x00\x06\
\x08\x00\x00\x00\x00\x00\x00\x00\x00\x06\x02\x00\x00\x00\x00\x00\
\x00\x00\x00\x02\xbc\x02\xc6\x02\xe6\x02\xcd\x03\x00\x03.\x02\
\xeb\x02\xe7\x02\xd6\x02\xd7\x02\xcc\x03\x17\x02\xc2\x02\xd1\x02\
\xc1\x02\xce\x02\xc3\x02\xc4\x03\x1e\x03\x1b\x03\x1d\x02\xc8\x02\
\xea\x00\x01\x00\x1d\x00\x1f\x00%\x00.\x00E\x00G\x00\
O\x00S\x00b\x00d\x00g\x00o\x00q\x00y\x00\
\x98\x00\x9b\x00\x9c\x00\xa2\x00\xaa\x00\xb0\x00\xc6\x00\xc7\x00\
\xcc\x00\xcd\x00\xd6\x02\xda\x02\xcf\x02\xdb\x03%\x02\xd5\x03\
W\x00\xda\x00\xf6\x00\xf8\x00\xfe\x01\x05\x01\x1c\x01\x1e\x01\
&\x01*\x01:\x01=\x01A\x01H\x01J\x01R\x01\
q\x01t\x01u\x01{\x01\x84\x01\x8a\x01\xa0\x01\xa1\x01\
\xa6\x01\xa7\x01\xb0\x02\xd8\x02\xf4\x02\xd9\x03#\x02\xbd\x02\
\xc7\x02\xfd\x03\x0f\x02\xff\x03\x13\x02\xf5\x02\xed\x03U\x02\
\xee\x01\xbb\x02\xe2\x03$\x02\xef\x03`\x02\xf1\x03!\x02\
\xb9\x02\xba\x03X\x03,\x02\xec\x02\xca\x03a\x02\xb8\x01\
\xbc\x02\xe3\x02\xb6\x02\xb5\x02\xb7\x02\xc9\x00\x13\x00\x02\x00\
\x0a\x00\x1a\x00\x11\x00\x18\x00\x1b\x00\x22\x00<\x00/\x00\
2\x009\x00\x5c\x00U\x00W\x00Y\x00-\x00w\x00\
\x87\x00z\x00|\x00\x95\x00\x83\x03\x19\x00\x93\x00\xb8\x00\
\xb1\x00\xb4\x00\xb6\x00\xce\x00\x9a\x01\x82\x00\xec\x00\xdb\x00\
\xe3\x00\xf3\x00\xea\x00\xf1\x00\xf4\x00\xfb\x01\x13\x01\x06\x01\
\x09\x01\x10\x013\x01,\x01.\x010\x01\x04\x01P\x01\
`\x01S\x01U\x01n\x01\x5c\x03\x1a\x01l\x01\x92\x01\
\x8b\x01\x8e\x01\x90\x01\xa8\x01s\x01\xaa\x00\x16\x00\xef\x00\
\x03\x00\xdc\x00\x17\x00\xf0\x00 \x00\xf9\x00#\x00\xfc\x00\
$\x00\xfd\x00!\x00\xfa\x00(\x00\xff\x00)\x01\x00\x00\
?\x01\x16\x000\x01\x07\x00:\x01\x11\x00@\x01\x17\x00\
1\x01\x08\x00K\x01\x22\x00I\x01 \x00M\x01$\x00\
L\x01#\x00R\x01)\x00P\x01'\x00a\x018\x00\
_\x016\x00V\x01-\x00`\x017\x00Z\x01+\x00\
T\x019\x00c\x01<\x00f\x01?\x01@\x00i\x01\
B\x00k\x01D\x00j\x01C\x00l\x01E\x00n\x01\
G\x00s\x01K\x00u\x01N\x00t\x01M\x01L\x00\
x\x01Q\x00\x91\x01j\x00{\x01T\x00\x8f\x01h\x00\
\x97\x01p\x00\x9d\x01v\x00\x9f\x01x\x00\x9e\x01w\x00\
\xa3\x01|\x00\xa6\x01\x7f\x00\xa5\x01~\x00\xa4\x01}\x00\
\xad\x01\x87\x00\xac\x01\x86\x00\xab\x01\x85\x00\xc5\x01\x9f\x00\
\xc2\x01\x9c\x00\xb2\x01\x8c\x00\xc4\x01\x9e\x00\xc0\x01\x9a\x00\
\xc3\x01\x9d\x00\xc9\x01\xa3\x00\xcf\x01\xa9\x00\xd0\x00\xd7\x01\
\xb1\x00\xd9\x01\xb3\x00\xd8\x01\xb2\x01\x83\x00\x89\x01b\x00\
\xba\x01\x94\x00'\x00,\x01\x03\x00h\x00m\x01F\x00\
r\x00v\x01O\x00\x09\x00\xe2\x00\xb3\x01\x8d\x00N\x01\
%\x00J\x01!\x00e\x01>\x00\x92\x01k\x00D\x01\
\x1b\x00&\x00+\x01\x02\x00H\x01\x1f\x00\x19\x00\xf2\x00\
\x1c\x00\xf5\x00\x94\x01m\x00\x10\x00\xe9\x00\x15\x00\xee\x00\
8\x01\x0f\x00>\x01\x15\x00X\x01/\x00^\x015\x00\
\x82\x01[\x00\x90\x01i\x00\xa0\x01y\x00\xa1\x01z\x00\
\xb5\x01\x8f\x00\xc1\x01\x9b\x00\xa7\x01\x80\x00\xae\x01\x88\x00\
Q\x01(\x00\x84\x01]\x00\x96\x01o\x00\x85\x01^\x00\
\xd4\x01\xae\x03d\x03c\x03Z\x03\x5c\x03]\x03V\x03\
^\x03b\x03_\x03Y\x034\x035\x038\x03<\x03\
=\x03:\x033\x032\x03>\x03;\x036\x039\x01\
\xc8\x01\xc9\x01\xf1\x01\xc1\x01\xe9\x01\xe8\x01\xeb\x01\xec\x01\
\xed\x01\xe6\x01\xe7\x01\xee\x01\xd1\x01\xce\x01\xdb\x01\xe2\x01\
\xbd\x01\xbe\x01\xbf\x01\xc0\x01\xc6\x01\xc7\x01\xca\x01\xcb\x01\
\xcc\x01\xcd\x01\xd0\x01\xdc\x01\xdd\x01\xdf\x01\xde\x01\xe0\x01\
\xe1\x01\xe5\x01\xe4\x01\xe3\x01\xea\x01\xef\x01\xf0\x023\x02\
4\x025\x026\x02<\x02=\x02@\x02A\x02B\x02\
C\x02F\x02R\x02S\x02U\x02T\x02V\x02W\x02\
[\x02Z\x02Y\x02`\x02e\x02f\x02>\x02?\x02\
g\x027\x02_\x02^\x02a\x02b\x02c\x02\x5c\x02\
]\x02d\x02G\x02D\x02Q\x02X\x01\xf2\x02h\x01\
\xf3\x02i\x01\xf4\x02j\x01\xf5\x02k\x01\xcf\x02E\x02\
/\x02\xa5\x020\x02\xa6\x01\xc2\x028\x01\xc4\x02:\x01\
\xc5\x02;\x01\xf6\x02l\x01\xf7\x02m\x01\xf8\x02n\x01\
\xf9\x02o\x01\xfa\x02p\x01\xfb\x02q\x01\xfc\x02r\x01\
\xfd\x02s\x01\xfe\x02u\x02\x00\x02v\x02\x01\x02w\x02\
\x02\x02x\x02\x03\x02y\x02\x04\x02z\x02\x05\x02{\x02\
\x06\x02|\x02\x07\x02}\x02\x08\x02~\x02\x09\x02\x7f\x02\
\x0b\x02\x81\x02\x0c\x02\x82\x02\x0d\x02\x0e\x02\x84\x02\x0f\x02\
\x85\x02\x10\x02\x86\x02\x11\x02\x87\x02\x12\x02\x88\x02\x13\x02\
\x89\x02\x14\x02\x8a\x02\x83\x02\x15\x02\x8b\x02\x16\x02\x8c\x02\
\x17\x02\x8d\x02\x18\x02\x8e\x02\x19\x02\x8f\x02\x1a\x02\x90\x02\
\x1b\x02\x91\x02\x1c\x02\x92\x02\x1d\x02\x93\x02\x1e\x02\x94\x02\
\x1f\x02\x95\x02 \x02\x96\x02!\x02\x97\x02\x22\x02\x98\x02\
#\x02\x99\x02$\x02\x9a\x02%\x02\x9b\x02&\x02\x9c\x02\
'\x02\x9d\x01\xc3\x029\x02(\x02\x9e\x02)\x02\x9f\x02\
*\x02\xa0\x02+\x02\xa1\x02,\x02\xa2\x02-\x02\xa3\x02\
.\x02\xa4\x01\xff\x02t\x02\x0a\x02\x80\x021\x021\x02\
2\x02\xa7\x00\x1e\x00\xf7\x00*\x01\x01\x00F\x01\x1d\x00\
p\x01I\x00\x99\x01r\x00\xa8\x01\x81\x00\xaf\x01\x89\x00\
\xcb\x01\xa5\x00\xc8\x01\xa2\x00\xca\x01\xa4\x00\x12\x00\xeb\x00\
\x14\x00\xed\x00\x0b\x00\xe4\x00\x0d\x00\xe6\x00\x0e\x00\xe7\x00\
\x0f\x00\xe8\x00\x0c\x00\xe5\x00\x04\x00\xdd\x00\x06\x00\xdf\x00\
\x07\x00\xe0\x00\x08\x00\xe1\x00\x05\x00\xde\x00;\x01\x12\x00\
=\x01\x14\x00A\x01\x18\x003\x01\x0a\x005\x01\x0c\x00\
6\x01\x0d\x007\x01\x0e\x004\x01\x0b\x00]\x014\x00\
[\x012\x00\x86\x01_\x00\x88\x01a\x00}\x01V\x00\
\x7f\x01X\x00\x80\x01Y\x00\x81\x01Z\x00~\x01W\x00\
\x8a\x01c\x00\x8c\x01e\x00\x8d\x01f\x00\x8e\x01g\x00\
\x8b\x01d\x00\xb7\x01\x91\x00\xb9\x01\x93\x00\xbb\x01\x95\x00\
\xbd\x01\x97\x00\xbe\x01\x98\x00\xbf\x01\x99\x00\xbc\x01\x96\x00\
\xd2\x01\xac\x00\xd1\x01\xab\x00\xd3\x01\xad\x00\xd5\x01\xaf\x02\
\xe0\x02\xe1\x02\xdc\x02\xde\x02\xdf\x02\xdd\x02\xf6\x02\xf8\x02\
\xcb\x03\x03\x03\x07\x03\x01\x03\x02\x03\x06\x03\x11\x03\x0c\x03\
\x04\x03\x05\x02\xfc\x03\x10\x03\x0e\x03\x08\x03\x09\x03\x0d\x02\
\xfb\x02\xe9\x03*\x03\x18\x03\x14\x03+\x03 \x03\x1f\x00\
\x01\x00\x00\x00\x00\x06\xe2\x00\x00\x00\x14\x00\x00\x00\x00\x00\
\x00\x00\x00\x00\x18\x03e\x04O\x04\xe9\x04\xe9\x04\xe9\x04\
\xe9\x04\xe9\x04\xe9\x04\xe9\x04\xe9\x04\xe9\x04\xe9\x04\xe9\x04\
\xe9\x04\xe9\x04\xe9\x04\xe9\x04\xe9\x04\xe9\x04\xe9\x04\xe9\x04\
\xe9\x04\xe9\x04\xe9\x04\xe9\x04\xe9\x04\xe9\x04\xe9\x054\x05\
4\x04\xbe\x04\xbe\x04\xda\x04\xda\x04\xda\x04\xda\x04\xda\x04\
\xda\x05*\x04\xf2\x04\xf2\x05*\x05#\x05*\x04\xcb\x04\
\xcb\x05L\x05\x18\x05\x18\x05\x18\x05\x18\x05\x18\x05\x18\x05\
\x18\x05\x18\x05\x18\x05\x18\x05\x18\x05\x18\x05\x18\x05\x18\x05\
\x18\x05\x18\x05\x18\x05\x18\x05\x18\x05\x18\x04\xf0\x05J\x05\
J\x05/\x05/\x04\xe3\x04\xe3\x04\xe3\x04\xe3\x04\xe3\x04\
\xe3\x04\xe3\x04\xe3\x05\x05\x04\xfe\x05\x05\x05\x05\x04\x9c\x04\
#\x04\x9c\x04\x9c\x04\x9c\x04\x9c\x04\x9c\x04\x9c\x04\x9c\x04\
\x9c\x04\x9c\x04\x9c\x04\x9c\x04\x9c\x04\x9c\x04\xbb\x04\xbb\x04\
\xc1\x04\xc1\x04\xc1\x04\xe6\x04R\x04\xe6\x04\xe6\x04\xe6\x04\
\xe6\x04k\x04\xe7\x04\xd4\x04\xd4\x05\x1c\x04v\x05\x1c\x05\
\x1c\x05\x1c\x04\xa4\x05\x1c\x05D\x04\xf0\x04\xf0\x04\xf0\x04\
\xf0\x04\xf0\x04\xf0\x04\xf0\x04\xf0\x04\xf0\x04\xf0\x04\xf0\x04\
\xf0\x04\xf0\x04\xf0\x04\xf0\x04\xf0\x04\xf0\x04\xf0\x04\xf0\x04\
\xf0\x04\xf0\x04\xf0\x04\xf0\x04\xf0\x04\xf0\x04\xf0\x05\x0e\x05\
\x0e\x04\xf0\x04\xf0\x04A\x05C\x05C\x05@\x05\x08\x05\
'\x05'\x05'\x05'\x05'\x05'\x04\xf6\x04\xf6\x04\
\xf6\x04\xf6\x04\xf6\x04\xf6\x04\xf6\x04\xa5\x05<\x05<\x05\
<\x05<\x05<\x05<\x05(\x05(\x05(\x05(\x05\
(\x05(\x05(\x05(\x05(\x05(\x05(\x05(\x05\
(\x05(\x05(\x05(\x05(\x05(\x05(\x05(\x05\
(\x05(\x04\xdf\x04\xed\x04\xed\x04\xed\x04\xed\x04\xed\x04\
\xce\x05\x01\x05\x01\x05\x01\x05\x01\x05\x01\x05\x01\x05\x01\x05\
\x01\x05\x01\x05\x14\x05\x14\x05\x14\x05\x14\x04\xb2\x04\xb2\x04\
\xb2\x04\xb2\x04\xb2\x04\xb2\x04\xb2\x04\xb2\x04\xb2\x04\xb2\x04\
\xb2\x04\xb2\x04\xb2\x04\xb2\x04\xb2\x04\xb2\x04\xb2\x04\xb2\x04\
\xb2\x04\xb2\x04\xb2\x04\xb2\x04\xb2\x04\xb2\x04\xb2\x04\xb2\x04\
~\x04~\x04s\x04s\x04\xbd\x04\xbd\x04\xbd\x04\xbd\x04\
\xbd\x04\xbd\x04\x7f\x04\x1e\x04\x8e\x04\x7f\x048\x048\x04\
\xa1\x04\x9b\x04\x9b\x04\x9b\x04\x9b\x04\x9b\x04\x9b\x04\x9b\x04\
\x9b\x04\x9b\x04\x9b\x04\x9b\x04\x9b\x04\x9b\x04\x9b\x04\x9b\x04\
\x9b\x04\x9b\x04\x9b\x04\x9b\x04\x9b\x04\x9b\x04V\x04V\x04\
\xcd\x04\xcd\x05\x1e\x05\x1e\x05\x1e\x05\x1e\x05\x1e\x05\x1e\x05\
\x1e\x053\x04g\x04d\x04g\x04g\x04\xaa\x04\x9d\x04\
\x9d\x04\x9d\x04\x9d\x04\x9d\x04\x9d\x04\x9d\x04\xaa\x04\x9d\x04\
\x9d\x04\x9d\x04\x9d\x04\xaa\x04\x9d\x04:\x04\xd3\x04\xd5\x04\
\xd5\x04\x85\x04\x85\x04\x85\x05\x06\x04\x91\x04\x91\x04\x1d\x04\
\x91\x04>\x044\x04\xfd\x04Z\x04Z\x04{\x04{\x04\
[\x04{\x04{\x04'\x04{\x02\x05\x04\x9e\x04\x9e\x04\
\x9e\x04\x9e\x04\x9e\x04\x9e\x04\x9e\x04\x9e\x04\x9e\x04\x9e\x04\
\x9e\x04\x9e\x04\x9e\x04\x9e\x04\x9e\x04\x9e\x04\x9e\x04\x9e\x04\
\x9e\x04\x9e\x04\x9e\x04\x9e\x04\x9e\x04\x9e\x04\x9e\x04\x9e\x04\
\xa2\x04\xa2\x04\x9e\x04\x9e\x04U\x04\x83\x04\x83\x04u\x04\
\x7f\x04\xb7\x04\xb7\x04\xb7\x04\xb7\x04\xb7\x04\xb7\x05\x09\x05\
\x09\x05\x09\x05\x09\x05\x09\x05\x09\x05\x09\x04\xcc\x04\xc3\x04\
\x88\x02\x06\x04\x11\x04\x88\x04\x88\x04\x88\x04\x8b\x04\x8b\x04\
\x8b\x04\x8b\x04\x8b\x04\x8b\x04\x8b\x04\x8b\x04\x8b\x04\x8b\x04\
\x8b\x04\x8b\x04\x8b\x04\x8b\x04\x8b\x04\x8b\x04\x8b\x04\x8b\x04\
\x8b\x04\x8b\x04\x8b\x04\x8b\x04\xd2\x04\xf3\x04\xf3\x04\xf3\x04\
\xf3\x04\xf3\x05\x19\x05\x10\x05\x10\x05\x10\x05\x10\x05\x10\x05\
\x10\x05\x10\x05\x10\x05\x10\x04\xf4\x04\xf4\x04\xf4\x04\xf4\x04\
C\x04e\x04\x1a\x04\x08\x04\x14\x04D\x040\x02\x04\x04\
^\x04\xe9\x04\xea\x04\xbe\x04\xf5\x04\xf5\x05:\x05\x12\x05\
,\x04\xd6\x04B\x05\x18\x05\x18\x05\x18\x04E\x04\x9a\x04\
\xe2\x04\xe2\x04\xe2\x04q\x04\xae\x04\xae\x04\xeb\x04\xd4\x05\
\x05\x04\xf0\x04\xd8\x05C\x04\xda\x05<\x02\x07\x02\x07\x04\
7\x04\xce\x04\x82\x04;\x04|\x04\x22\x04\xbc\x04\xc8\x04\
S\x04\xe4\x04\xdb\x04\xc7\x04\xf6\x04\xf8\x04\xf9\x04\x99\x04\
\x99\x04\xb9\x04 \x04p\x05\x0c\x04(\x04\xa5\x04L\x05\
\x0f\x00\x01\x08\x00\x04\xfc\x05&\x04\x03\x04\xaf\x04\xf7\x04\
\x94\x05?\x05\x03\x04\xb6\x04\x01\x04\xda\x05<\x05\x01\x05\
\x16\x05\x04\x04z\x046\x04\x84\x04\x89\x04Q\x04,\x04\
\x18\x04\x9c\x04E\x04\x8c\x04}\x05\x05\x04\x93\x04\x8a\x04\
b\x04\xe9\x04\xe9\x054\x05\x18\x04\xf0\x04\xf0\x04E\x04\
\x9a\x05J\x04\xe2\x04\xe2\x04\xf0\x05\x0f\x05\x0f\x04\xf9\x02\
\x07\x02\x07\x02\x07\x04\x82\x04S\x05-\x04\xa9\x04\xce\x04\
\x9a\x04\xeb\x04\xed\x04\xac\x05C\x04i\x04\xc4\x04\xb2\x05\
>\x04\xad\x05$\x05$\x052\x05$\x04\xc0\x04I\x04\
?\x04\x9b\x04\x9b\x04\x9b\x04*\x05\x11\x04r\x04r\x04\
r\x04%\x04\x97\x04\x97\x04\x96\x04c\x04\xc9\x04\x9e\x04\
\xb3\x04\x83\x04\xbd\x05\x0b\x05\x10\x05\x10\x04+\x05\x19\x04\
Y\x041\x04)\x04\x1b\x04\x95\x04\xa0\x04\x10\x04\xb0\x08\
\x03\x04o\x05\x09\x04\xfa\x04\xdc\x04\xaa\x04\x9d\x04\xd3\x04\
m\x08\x02\x04\x80\x04l\x04\xdd\x043\x04\xa3\x04\xd9\x04\
\x1c\x05\x11\x04T\x04\x0a\x04N\x04\xde\x04j\x05\x0d\x04\
`\x04\x9f\x04\x05\x04\xbd\x05\x0b\x05\x1a\x05\x0a\x04\xec\x04\
W\x04&\x04\x5c\x04g\x04.\x04\x13\x04M\x04y\x04\
*\x042\x04K\x04\xc9\x04n\x04Y\x04-\x04\xb2\x04\
\xb2\x04~\x04\x9b\x04\x9b\x04\x9b\x04*\x05\x11\x04V\x04\
r\x04r\x04\x9e\x04\xa3\x04\xa3\x04\xdc\x05\x10\x05\x10\x05\
\x10\x04Y\x04\x10\x04\xe1\x04\xcf\x05\x1b\x05\x11\x04\x96\x04\
\xf3\x04\x86\x04\x83\x04J\x05B\x04\x0e\x02\x02\x04x\x05\
H\x05E\x05F\x05=\x050\x02\x03\x02\x00\x05;\x04\
t\x06\x03\x06\x01\x051\x04\x04\x04!\x04\x0d\x04\x09\x04\
\xa8\x04\xa8\x04\xa8\x05\x00\x05\x00\x05\x22\x05)\x055\x05\
%\x04\xc2\x05!\x05\x1f\x00\x02\x04\xee\x05I\x04\x0c\x04\
\x98\x04\xc5\x04\xab\x04\xab\x04\x16\x04\xfb\x06\x05\x06\x00\x04\
\xfb\x05\x02\x04\xca\x056\x049\x04\x17\x04F\x04\xa7\x04\
\xe0\x04\x07\x04\x06\x04\x12\x04\x87\x04\x8d\x04\x81\x04<\x05\
N\x05K\x04\x19\x04a\x05+\x04\xe9\x04\x0b\x059\x05\
\x1d\x04\x92\x02\x00\x04\xff\x08\x04\x04@\x04$\x04\x02\x04\
\xbf\x05\x13\x04\x90\x02\x08\x05\x07\x0a\x01\x04\xe8\x04\xc1\x04\
\xda\x05.\x04\xda\x04\xb1\x04\xa6\x04\x8e\x05\x15\x05/\x04\
\xe3\x04\xf6\x06\x04\x04\xb8\x05*\x05 \x05\x1c\x08\x01\x02\
\x01\x057\x04\xd7\x04\xb8\x05<\x05<\x04\xed\x04\xb5\x05\
I\x05A\x04\xab\x04h\x04\x8f\x04w\x05\x17\x04\xef\x04\
\xef\x04\xba\x04\xba\x04\xba\x04\xba\x04h\x04=\x04=\x04\
\xb4\x04\x1f\x04\x0f\x04\xd0\x04X\x05B\x04\xe5\x04{\x04\
\xc6\x04_\x06\x02\x0a\x00\x04f\x0a\x01\x0a\x01\x0a\x01\x0a\
\x01\x0a\x01\x0a\x01\x0a\x01\x0a\x01\x0a\x01\x0a\x01\x0a\x01\x0a\
\x01\x0a\x01\x0a\x01\x0a\x01\x0a\x01\x0a\x01\x0a\x01\x0a\x01\x0a\
\x01\x0a\x01\x0a\x01\x0a\x01\x0a\x01\x0a\x01\x0a\x01\x0a\x01\x0a\
\x01\x0a\x01\x0a\x01\x0a\x01\x0a\x01\x0a\x01\x0a\x01\x0a\x01\x0a\
\x01\x04\xd1\x058\x045\x04/\x04\x15\x04\xf1\x05M\x04\
P\x05G\x05;\x00\x00\x05M\x04G\x04H\x04\x00\x04\
]\x00\x01\x00\x00\x03+\x00\x06\x00\x00\x03 \x00\x00\x03\
\x0f\x00\x00\x00g\x00\x00\x00K\x00\x00\x002\x00\x00\x00\
 \x00\x02\x00\x02\x00\x02\x00\x00\x00\x01\xfe\x9f\x00\xb3\x00\
\x00\x00\x00\x00\x05\x00\x01\x00\x02\x00\x01\x00\x00\x00\x8b\xa5\
\x00\xcd\xbc\x00\x80\xc4\x00\x97\xcb\x00\x86\xd1\x00\x06\x00\x01\
\x00\x02\x00\x00\x00\x01\xfe\xc2\x15\xff\x00\xa3\xff\x01s\xff\
\x10\xce\xfft/\xffw\xff\x01O\x00\x00\x00\x02\x00\x00\
\x00\x01\x80\x10\x83w\x847\x8b_\x8f$\x91{\x926\
\x93&\x93R\x961\x9bZ\x9d.\x9es\xa00\xa0>\
\xa0F\xa0u\xa4i\xa5M\xa5^\xa6c\xa8Z\xab-\
\xad:\xadx\xae^\xaej\xaf`\xafc\xb0c\xb0r\
\xb2!\xb2(\xb24\xb2b\xb2e\xb3&\xb3@\xb4C\
\xb4k\xb5%\xb6W\xb7Q\xb7[\xb7p\xb85\xb8D\
\xb9\x1e\xb9$\xb9>\xb9P\xb9Q\xb9T\xbb\x1d\xbbA\
\xbba\xbbj\xbcJ\xbcK\xbd7\xbe\x0d\xbf\x22\xbfO\
\xbfX\xc0W\xc1#\xc1B\xc1C\xc2<\xc2w\xc3\xf8\
\xc3\x01\xc3.\xc35\xc3T\xc3U\xc3h\xc3u\xc3z\
\xc4\xf1\xc4A\xc4C\xc4^\xc5g\xc5p\xc6\x14\xc6\x1b\
\xc6[\xc7\x11\xc7?\xc7I\xc7T\xc7V\xc8\xfb\xc9\x0d\
\xc92\xc9G\xca+\xca2\xca5\xcaA\xcaC\xcb\x15\
\xcb@\xcc\x22\xcc%\xccE\xccU\xcd5\xcd=\xcdF\
\xcd_\xcdj\xce,\xce3\xce;\xcf\xf5\xcf/\xcfQ\
\xcfg\xd0\x07\xd0&\xd03\xd0D\xd0K\xd0O\xd1\x1b\
\xd1=\xd1T\xd2!\xd2:\xd2;\xd2N\xd2Q\xd2W\
\xd3\x1a\xd3+\xd38\xd3;\xd3@\xd3K\xd4\x1a\xd4.\
\xd4T\xd5!\xd5-\xd5.\xd56\xd5D\xd5H\xd5R\
\xd5b\xd6\x19\xd6\x1d\xd6.\xd61\xd65\xd68\xd6:\
\xd6K\xd6M\xd71\xd75\xd7;\xd7H\xd7T\xd8\xfa\
\xd8\x0e\xd8\x1b\xd8\x1f\xd8$\xd85\xd8W\xd8Z\xd9@\
\xd9H\xd9N\xda\x05\xda3\xdaC\xdap\xdb\x12\xdb5\
\xdb>\xdb\x5c\xdc\x18\xdc\x19\xdc0\xdc4\xdc9\xdc@\
\xdd\x17\xdd9\xddH\xddo\xde!\xdeT\xdf0\xdf2\
\xdf5\xdf>\xdfB\xe0(\xe0h\xe1\x1b\xe1!\xe2!\
\xe2'\xe2.\xe4\x19\xe4$\xe4'\xe4,\xe4/\xe4B\
\xe4G\xe5!\xe52\xe60\xe64\xe6@\xe6f\xe6g\
\xe7\x15\xe7\x1a\xe7\x22\xe7-\xe7/\xe7A\xe8\x17\xe8.\
\xe85\xe8:\xe8;\xe8<\xe8K\xe8O\xe9\xe0\xe9\x02\
\xe9\x1b\xe9/\xe9?\xe9F\xea\x09\xea-\xeaI\xeb)\
\xeb/\xeb2\xeb8\xeb@\xec\x15\xec.\xecC\xed\xeb\
\xed\x02\xed\x07\xed\x0c\xed\x18\xed&\xed+\xed1\xedN\
\xee\x1d\xee-\xee2\xee7\xee;\xee=\xeeN\xef \
\xef.\xef8\xefK\xefM\xf0\x05\xf0\x10\xf0?\xf1\x19\
\xf1n\xf2(\xf25\xf2;\xf2=\xf3!\xf4\x1d\xf4=\
\xf5\x1d\xf5,\xf51\xf58\xf5<\xf5>\xf5F\xf5K\
\xf5Q\xf6-\xf63\xf6;\xf6Q\xf6]\xf6^\xf7E\
\xf8+\xf9#\xf90\xf99\xfaB\xfaI\xfaQ\xfbD\
\xfbE\xfbU\xfc\xdc\xfcT\xff$\x01 \x01!\x01-\
\x01=\x02;\x03\xff\x035\x05[\x07%\x08%\x0a)\
\x0b\xe9\x0b$\x132\x15/'\xf0+-CTQ\x0d\
\x00\x09\x00\x00\x00\x01\x00\x01\x16\x1d!5CX]f\
s\x00\x03\x00\x00\x00\x01\x00\x00\xc3\xce\xef\x00\x01\x00\x02\
\xc0\x00\xc0\x00\x00\x00\x00\x00@\x00@\x00\x00\x00\x00\x02\
\xaa\x00Z\x01\xec\x00\x13\x01\xec\x00\x13\x01\xec\x00\x13\x01\
\xec\x00\x13\x01\xec\x00\x13\x01\xec\x00\x13\x01\xec\x00\x13\x01\
\xec\x00\x13\x01\xec\x00\x13\x01\xec\x00\x13\x01\xec\x00\x13\x01\
\xec\x00\x13\x01\xec\x00\x13\x01\xec\x00\x13\x01\xec\x00\x13\x01\
\xec\x00\x13\x01\xec\x00\x13\x01\xec\x00\x13\x01\xec\x00\x13\x01\
\xec\x00\x13\x01\xec\x00\x13\x01\xec\x00\x13\x01\xec\x00\x13\x01\
\xec\x00\x13\x01\xec\x00\x13\x01\xec\x00\x13\x02{\xff\xcd\x02\
{\xff\xcd\x02\x0c\x00?\x02\x0c\x00?\x02\x03\x000\x02\
\x03\x000\x02\x03\x000\x02\x03\x000\x02\x03\x000\x02\
\x03\x000\x02\x0f\x00?\x03\xad\x00?\x03\xad\x00?\x02\
\x0f\x00?\x02\x11\x00\x11\x02\x0f\x00?\x03j\x00?\x03\
j\x00?\x02\x06\x00\x0e\x01\x97\x00?\x01\x97\x00?\x01\
\x97\x00?\x01\x97\x00?\x01\x97\x00?\x01\x97\x00?\x01\
\x97\x00?\x01\x97\x00?\x01\x97\x00?\x01\x97\x00?\x01\
\x97\x00\x1b\x01\x97\x00?\x01\x97\x00?\x01\x97\x00?\x01\
\x97\x00?\x01\x97\x00?\x01\x97\x00?\x01\x97\x00?\x01\
\x97\x00?\x01\x97\x00?\x02\x17\x00,\x01\xc8\x00\x1e\x01\
\xc8\x00\x1e\x01\x87\x00?\x01\x87\x00?\x02\x17\x000\x02\
\x17\x000\x02\x17\x000\x02\x17\x000\x02\x17\x000\x02\
\x17\x000\x02\x17\x000\x02\x17\x000\x021\x00?\x02\
1\x00\x10\x021\x00?\x021\x00?\x00\xf8\x00E\x02\
%\x00E\x00\xf8\x00E\x00\xf8\xff\xf9\x00\xf8\xff\xef\x00\
\xf8\xff\xb7\x00\xf8\xff\xf0\x00\xf8\x00E\x00\xf8\x00E\x00\
\xf8\xff\xf4\x00\xf8\x00,\x00\xf8\xff\xf8\x00\xf8\x00\x1c\x00\
\xf8\xff\xf4\x00\xf8\xff\xe6\x01-\x00\x07\x01-\x00\x07\x01\
\xef\x00?\x01\xef\x00?\x01\xef\x00?\x01\x8d\x00?\x02\
\xba\x00?\x01\x8d\x00?\x01\x8d\x00?\x01\x8d\x00?\x01\
\x8d\x00?\x02s\x00?\x01\x8d\xff\xfa\x02\x94\x00=\x02\
\x94\x00=\x02\x10\x00?\x03=\x00?\x02\x10\x00?\x02\
\x10\x00?\x02\x10\x00?\x02\xf6\x00?\x02\x10\x00?\x02\
\x13\x00?\x02\x1b\x000\x02\x1b\x000\x02\x1b\x000\x02\
\x1b\x000\x02\x1b\x000\x02\x1b\x000\x02\x1b\x000\x02\
\x1b\x000\x02\x1b\x000\x02\x1b\x000\x02\x1b\x000\x02\
\x1b\x000\x02\x1b\x000\x02\x1b\x000\x02\x1b\x000\x02\
\x1b\x000\x02\x1b\x000\x02\x1b\x000\x02\x1b\x000\x02\
\x1b\x000\x02\x1b\x000\x02\x1b\x000\x02\x1b\x000\x02\
\x1b\x000\x02\x1b\x000\x02\x1b\x000\x02\x1c\x000\x02\
\x1c\x000\x02\x1b\x000\x02\x1b\x000\x02\xab\x000\x01\
\xe0\x00?\x01\xe0\x00?\x01\xf7\x00?\x02\x1d\x000\x02\
\x07\x00?\x02\x07\x00?\x02\x07\x00?\x02\x07\x00?\x02\
\x07\x00?\x02\x07\x00?\x01\xd9\x00'\x01\xd9\x00'\x01\
\xd9\x00'\x01\xd9\x00'\x01\xd9\x00'\x01\xd9\x00'\x01\
\xd9\x00'\x02\x1b\x008\x01\x9d\x00\x0f\x01\x9d\x00\x0f\x01\
\x9d\x00\x0f\x01\x9d\x00\x0f\x01\x9d\x00\x0f\x01\x9d\x00\x0f\x02\
\x1f\x008\x02\x1f\x008\x02\x1f\x008\x02\x1f\x008\x02\
\x1f\x008\x02\x1f\x008\x02\x1f\x008\x02\x1f\x008\x02\
\x1f\x008\x02\x1f\x008\x02\x1f\x008\x02\x1f\x008\x02\
\x1f\x008\x02\x1f\x008\x02\x1f\x008\x02\x1f\x008\x02\
\x1f\x008\x02\x1f\x008\x02\x1f\x008\x02\x1f\x008\x02\
\x1f\x008\x02\x1f\x008\x01\xf9\x00\x17\x02\xd9\x00$\x02\
\xd9\x00$\x02\xd9\x00$\x02\xd9\x00$\x02\xd9\x00$\x01\
\xe2\x00\x0d\x01\xe1\x00\x0c\x01\xe1\x00\x0c\x01\xe1\x00\x0c\x01\
\xe1\x00\x0c\x01\xe1\x00\x0c\x01\xe1\x00\x0c\x01\xe1\x00\x0c\x01\
\xe1\x00\x0c\x01\xe1\x00\x0c\x01\xa1\x00&\x01\xa1\x00&\x01\
\xa1\x00&\x01\xa1\x00&\x01\x99\x00\x19\x01\x99\x00\x19\x01\
\x99\x00\x19\x01\x99\x00\x19\x01\x99\x00\x19\x01\x99\x00\x19\x01\
\x99\x00\x19\x01\x99\x00\x19\x01\x99\x00\x19\x01\x99\x00\x19\x01\
\x99\x00\x19\x01\x99\x00\x19\x01\x99\x00\x19\x01\x99\x00\x19\x01\
\x99\x00\x19\x01\x99\x00\x05\x01\x99\x00\x19\x01\x99\x00\x19\x01\
\x99\x00\x19\x01\x99\x00\x19\x01\x99\x00\x19\x01\x99\x00\x19\x01\
\x99\x00\x19\x01\x99\x00\x19\x01\x99\x00\x19\x01\x99\x00\x19\x02\
\x8b\x00*\x02\x8b\x00*\x01\xbf\x008\x01\xbf\x008\x01\
\x9b\x00+\x01\x9b\x00+\x01\x9b\x00+\x01\x9b\x00+\x01\
\x9b\x00+\x01\x9b\x00+\x01\xba\x00+\x02\x0e\x00+\x01\
\xc6\x00+\x01\xba\x00+\x03\x15\x00+\x03\x15\x00+\x01\
\xd7\x004\x01\xa5\x00+\x01\xa5\x00+\x01\xa5\x00+\x01\
\xa5\x00+\x01\xa5\x00+\x01\xa5\x00+\x01\xa5\x00+\x01\
\xa5\x00+\x01\xa5\x00+\x01\xa5\x00+\x01\xa5\x00\x0e\x01\
\xa5\x00+\x01\xa5\x00+\x01\xa5\x00+\x01\xa5\x00+\x01\
\xa5\x00+\x01\xa5\x00+\x01\xa5\x00+\x01\xa5\x00+\x01\
\xa5\x00+\x01\xa5\x00+\x01\xca\x00\x1e\x01\xca\x00\x1e\x01\
\x1f\x00\x13\x01\x1f\x00\x13\x01\xb9\x00\x14\x01\xb9\x00\x14\x01\
\xb9\x00\x14\x01\xb9\x00\x14\x01\xb9\x00\x14\x01\xb9\x00\x14\x01\
\xb9\x00\x14\x01\xb3\xff\xf1\x01\xbd\x009\x01\xbd\xff\xfa\x01\
\xbd\x009\x01\xbd\xff\xe2\x00\xe5\x00=\x00\xe0\x00=\x00\
\xe0\x00=\x00\xe0\xff\xf0\x00\xe0\xff\xe6\x00\xe0\xff\xae\x00\
\xe0\xff\xe7\x00\xe0\x00=\x00\xe5\x00=\x00\xe0\xff\xeb\x00\
\xe0\x00#\x00\xe0\xff\xef\x00\xe0\x00\x13\x00\xe5\xff\xea\x00\
\xe0\xff\xdd\x01\xcb\x00=\x00\xe6\xff\xed\x00\xe6\xff\xed\x00\
\xe6\xff\xed\x01\xad\x008\x01\xad\x008\x01\xad\x008\x01\
\xae\x00;\x00\xe5\x00@\x00\xe5\x00@\x015\x00@\x00\
\xe5\x00?\x01\x1c\x00@\x01\xcb\x00@\x01\x0b\x00\x11\x02\
\xa8\x006\x02\xa8\x006\x01\xb7\x006\x01\xb7\x006\x01\
\xf5\x00\x0a\x01\xb7\x006\x01\xb7\x006\x02\x9d\x006\x01\
\xb7\x006\x01\x84\x00,\x01\xa9\x00,\x01\xa9\x00,\x01\
\xa9\x00,\x01\xa9\x00,\x01\xa9\x00,\x01\xa9\x00,\x01\
\xa9\x00,\x01\xa9\x00,\x01\xa9\x00,\x01\xa9\x00\x10\x01\
\xa9\x00,\x01\xa9\x00,\x01\xa9\x00,\x01\xa9\x00,\x01\
\xa9\x00,\x01\xa9\x00,\x01\xa9\x00,\x01\xa9\x00,\x01\
\xa9\x00,\x01\xa9\x00,\x01\xa9\x00,\x01\xa9\x00,\x01\
\xa9\x00,\x01\xa9\x00,\x01\xa9\x00,\x01\xa9\x00,\x01\
\xa8\x00,\x01\xa8\x00,\x01\xa9\x00,\x01\xa9\x00,\x02\
\xad\x009\x01\xbe\x006\x01\xbe\x006\x01\xbf\x007\x01\
\xbb\x00,\x01A\x009\x01A\x009\x01A\x00,\x01\
A\x008\x01A\xff\xf3\x01A\x004\x01v\x00\x19\x01\
v\x00\x19\x01v\x00\x19\x01v\x00\x19\x01v\x00\x19\x01\
v\x00\x19\x01v\x00\x19\x02\x03\x00;\x01\x1f\x00\x13\x01\
4\x00\x16\x00\xf4\x00\x16\x01K\x00\x16\x014\x00\x16\x01\
4\x00\x16\x014\x00\x16\x01\xb8\x002\x01\xb8\x002\x01\
\xb8\x002\x01\xb8\x002\x01\xb8\x002\x01\xb8\x00\x17\x01\
\xb8\x002\x01\xb8\x002\x01\xb8\x002\x01\xb8\x002\x01\
\xb8\x002\x01\xb8\x002\x01\xb8\x002\x01\xb8\x002\x01\
\xb8\x002\x01\xb8\x002\x01\xb8\x002\x01\xb8\x002\x01\
\xb8\x002\x01\xb8\x002\x01\xb8\x002\x01\xb8\x002\x01\
\x81\x00\x0f\x02L\x00\x1c\x02L\x00\x1c\x02L\x00\x1c\x02\
L\x00\x1c\x02L\x00\x1c\x01\x85\x00\x09\x01\x88\x00\x0c\x01\
\x88\x00\x0c\x01\x88\x00\x0c\x01\x88\x00\x0c\x01\x88\x00\x0c\x01\
\x88\x00\x0c\x01\x88\x00\x0c\x01\x88\x00\x0c\x01\x88\x00\x0c\x01\
[\x00 \x01[\x00 \x01[\x00 \x01[\x00 \x02\
\x1d\x00\x13\x02\xe0\x00\x13\x03\xc6\x00\x13\x03\x08\x00\x13\x02\
\xd1\x00\x13\x01\xeb\x00\x13\x02\x03\x00\x13\x01u\x00(\x01\
\xa3\x007\x01\xec\x00\x13\x01\xee\x00?\x02\x0c\x00?\x01\
\x87\x00?\x01\x87\x00?\x01y\x00?\x01\x82\x00?\x01\
\x99\x00\x0e\x02\x1a\x00?\x02s\x00\x0b\x01\x97\x00?\x01\
\x97\x00?\x01\x97\x00?\x02\xa4\x00\x04\x01\xe0\x00\x19\x02\
!\x00?\x02!\x00?\x02!\x00?\x02:\x00?\x01\
\xfc\x00?\x01\xfc\x00?\x02E\x00\x02\x02\x94\x00=\x02\
1\x00?\x02\x1b\x000\x02<\x00?\x01\xe0\x00?\x02\
\x03\x000\x01\x9d\x00\x0f\x01\xc4\x00\x13\x01\xc4\x00\x13\x02\
\x96\x000\x01\xe2\x00\x0d\x02'\x002\x02n\x00?\x02\
\xee\x00?\x03\x16\x00?\x02#\x00?\x01\xee\x00?\x02\
\xd8\x00?\x027\x00\x05\x03D\x00\x0e\x03\x0e\x00?\x01\
\xd9\x00'\x01\xf7\x000\x02\x07\x001\x00\xf8\x00E\x00\
\xf8\xff\xf0\x01-\x00\x07\x02y\x00\x0a\x02\xcf\x00?\x02\
!\x00\x0d\x02z\x00\x0d\x01\xf8\xff\xf6\x02\x8f\x00\x04\x02\
\x1c\x000\x02N\x00\x17\x02\xc1\x00\x04\x01\xe0\x00\x19\x02\
\x0d\x00?\x02^\x00?\x01\xfc\xff\xf0\x02U\x00\x15\x02\
I\x00?\x02\xc2\x00?\x03g\x00?\x02F\x00?\x02\
\xc2\x00<\x02\x03\x000\x01\x9d\x00\x0f\x01\xe1\x00\x0c\x01\
\xdd\x00\x0c\x01\xf9\x00\x0d\x02\xd1\x00\x0f\x02>\x001\x02\
1\x002\x02&\x00?\x02L\x00?\x02\xb7\x00\x0f\x02\
\xad\x00\x0f\x00\xf8\x00E\x02\xa4\x00\x04\x02\x0d\x00?\x02\
]\x00\x02\x021\x00?\x02I\x00?\x02&\x001\x02\
\xae\x00=\x01\xec\x00\x13\x01\xec\x00\x13\x02{\xff\xcd\x01\
\x97\x00?\x02\x17\x00,\x02\x17\x00,\x02\xa4\x00\x04\x01\
\xe0\x00\x19\x01\xc8\x00\x1e\x02!\x00?\x02!\x00?\x02\
\x1b\x000\x02\x1c\x000\x02\x1c\x000\x02\x07\x001\x01\
\xc4\x00\x13\x01\xc4\x00\x13\x01\xc4\x00\x13\x02'\x002\x02\
\xd8\x00?\x01\x99\x00\x0e\x01\xf4\x00\x0d\x01\xe2\x00\x0d\x01\
\xe0\x00(\x02E\x00\x02\x02\xd9\x00$\x01\xf5\xff\xf6\x01\
\xe0\x00?\x02^\x00\x14\x02\x5c\x00\x02\x01\x99\x00\x19\x01\
\xb6\x004\x01\x9f\x006\x01\x22\x006\x01\x22\x006\x01\
(\x007\x01\x22\x006\x01B\x00\x14\x01\xc9\x00?\x02\
\x0e\x00 \x01\xa5\x00+\x01\xa5\x00+\x01\xa5\x00+\x02\
C\x00\x04\x01w\x00\x1d\x01\xc9\x006\x01\xc9\x006\x01\
\xc9\x006\x01\xed\x006\x01\x9f\x006\x01\x9f\x006\x01\
\xe5\x00\x11\x02\x11\x003\x01\xcb\x006\x01\xa9\x00,\x01\
\xbc\x006\x01\xbe\x006\x01\x9b\x00+\x01Z\x00\x0b\x01\
\x88\x00\x0c\x01\x88\x00\x0c\x02^\x00+\x01\x85\x00\x09\x01\
\xb1\x00%\x01\xe7\x006\x02q\x006\x02\x87\x006\x01\
\xbe\x006\x01\x9f\x006\x02o\x006\x01\xe0\xff\xfc\x02\
\x93\x00\x05\x02v\x006\x01v\x00\x19\x01\x8d\x00,\x01\
\x9c\x00*\x00\xe5\x00=\x00\xe0\xff\xe7\x00\xe6\xff\xed\x01\
\xc9\xff\xfb\x02=\x006\x01\xb0\x00\x0a\x01\xc9\xff\xfb\x01\
\xad\xff\xf6\x02\x12\x00\x03\x01\xa8\x00,\x01\xa6\x00\x0f\x02\
U\x00\x04\x01w\x00\x1d\x01\xb6\x006\x01\xf0\x006\x01\
\xcc\x00\x12\x01\xe0\x00\x0b\x01\xe5\x006\x02\x16\x006\x01\
\xd6\x006\x02\xa5\x006\x02i\x00'\x01\x9b\x00+\x01\
Z\x00\x0b\x01\x84\x00\x0c\x01\x89\x00\x0c\x01\xa7\x00\x09\x02\
.\x00\x0b\x01\xca\x00%\x01\xbb\x00\x12\x01\xbd\x009\x01\
\xdb\x009\x021\x00\x10\x02\x13\x00\x10\x00\xeb\x00@\x02\
C\x00\x04\x01\xcd\x006\x01\xff\x00\x11\x01\xcb\x006\x01\
\xe5\x006\x01\xb1\x00%\x02.\x003\x01\x99\x00\x19\x01\
\x99\x00\x19\x02\x8b\x00*\x01\xa5\x00+\x01\xa5\x00+\x01\
\xa5\x00+\x02C\x00\x04\x01w\x00\x1d\x01\xca\x00\x1e\x01\
\xc9\x006\x01\xc9\x006\x01\xa9\x00,\x01\xa8\x00,\x01\
\xa8\x00,\x01\x9c\x00*\x01\x88\x00\x0c\x01\x88\x00\x0c\x01\
\x88\x00\x0c\x01\xb1\x00%\x02o\x006\x01`\x00\x14\x01\
\x9a\x00\x09\x01\x85\x00\x09\x01w\x00 \x01\xe5\x00\x11\x02\
L\x00\x1c\x01\xc1\x00\x0a\x01\xbe\x006\x01\xff\x00\x11\x02\
.\x00?\x02\x0f\x00\x11\x02\x05\x00:\x01z\x00\x1e\x01\
\xde\x00)\x01\xdd\x00(\x01\xe3\x00(\x01\xdc\x00/\x01\
\xf7\x00:\x01\x82\x00\x16\x01\xf3\x002\x01\xf6\x00,\x00\
\xb7\xff`\x03\xb1\x009\x03\xb1\x00\x5c\x03j\x00;\x01\
T\x00P\x01\xa6\x00L\x01\xaa\x00N\x01\xb2\x00N\x00\
\xe5\x00\x00\x00\xe5\x00\x00\x00\xe5\x00\x00\x01k\x00+\x01\
k\x00\x17\x00\xbc\x001\x00\xbb\x00(\x00\xc5\x00<\x00\
\xd7\x00:\x02)\x00&\x00\xd0\x002\x00\xd0\x002\x01\
\xe3\x002\x01\xe0\x00;\x00\xb0\x00$\x01k\x00D\x01\
\x8e\x00-\x01\xe6\x00 \x01q\x00\x1d\x01q\x00\x1d\x00\
\xae\x000\x01/\x00(\x02/\x00(\x04\x06\x00(\x01\
/\x00(\x01X\x00\x00\x01*\x00I\x01\x04\x00\x1d\x01\
,\x00(\x01A\x00,\x01T\x00?\x016\x00\x1a\x00\
\xb2\x00\x1e\x01b\x00\x1e\x01b\x00\x1e\x01E\x00\x1e\x00\
\xb2\x00\x1e\x00\xb2\x00\x1e\x01\xc7\x00\x1f\x01\xe1\x009\x01\
\x13\x00+\x01$\x00<\x01\x0a\x00\x14\x00\x7f\x00\x14\x01\
|\xff\xff\x01\xec\x00\x13\x03\x88\x00;\x02^\x00:\x01\
\xec\x00 \x01\xab\x00*\x03^\x00\x1d\x03x\x00.\x02\
\xdf\x007\x01\xc5\x00:\x00\xac\x00\x1e\x01C\x00\x1e\x00\
\xef\x00E\x00\xd4\x00?\x01x\x00*\x01\xf4\x00E\x01\
}\x00#\x02u\x00(\x03\xa9\x00A\x01\xef\x00?\x02\
\x03\x000\x01\x84\x00+\x02\x03\x000\x02&\x00&\x01\
\xeb\x00'\x01\xc6\x00+\x01\xf1\xff\xf6\x01\x87\x00\x04\x02\
\x17\x000\x01\xd9\x00\x08\x02X\xff\xf7\x01\x8e\x00\x02\x02\
\x0f\x00\x09\x02 \x008\x02\x10\x00\x0b\x04X\x00?\x02\
X\x00\x1c\x01\xf5\x00\x1c\x01\xfc\x00 \x01\x8e\x00\x02\x01\
\x9d\x00\x0f\x01\x9d\x00\x0f\x02\xd9\x00$\x01\xc9\x00\x0a\x00\
\xb0\x00$\x01\xe6\x00<\x01q\x00\x1d\x01\x9f\x00\x19\x01\
\x85\x00-\x01\x7f\x001\x01Z\x00\x13\x01\x9f\x006\x01\
\x9f\x006\x01u\x00:\x01u\x00\x1c\x01u\x00:\x01\
u\x00\x1c\x01\x9f\x00\x19\x01\xbf\x00#\x01\xbf\x00#\x01\
\x83\x00(\x01\xbb\x00\x22\x01\xbd\x00(\x02x\x00\x15\x01\
D\x00\x0d\x02.\x00?\x01\x96\x00\x1a\x01\xff\xff\xfd\x01\
\xb9\x003\x01\xdd\x00'\x03{\x00$\x04\xec\x00%\x01\
\xd2\x00$\x00\x00\x00\xa7\x00\x00\xfft\x00\x00\xff\xca\x00\
\x00\xffx\x00\x00\xff\xe4\x00\x00\xff\xaa\x00\x00\xff\xff\x00\
\x00\xffs\x00\x00\xfft\x00\x00\xff|\x00\x00\xff\x90\x00\
\x00\xffj\x00\x00\xff\xa0\x00\x00\xff\xb0\x00\x00\xff;\x00\
\x00\xff|\x00\x00\xff\xca\x00\x00\xff\xf6\x00\x00\xff\xca\x00\
\x00\xfft\x00\x00\xff\xc9\x00\x00\xff\xca\x00\x00\xffw\x00\
\x00\xff|\x00\x00\xff\xa0\x00\x00\xff\xa0\x00\x00\xff|\x00\
\x00\xff|\x00\x00\xff|\x00\x00\xffj\x00\x00\xffs\x00\
\x00\xffs\x00\x00\xffs\x00\x00\xffj\x00\x00\xffs\x00\
\x00\xff\xec\x01\x90\x00<\x00\xac\x00 \x01\x16\x009\x01\
\x15\x008\x01\x90\x006\x01W\x00\x1f\x01\x1c\x00.\x01\
Q\x00\x1e\x01\x5c\x00+\x01!\x00!\x01\xa8\x00>\x01\
\x1c\x00.\x01`\x00P\x01a\x00P\x01n\x00\x14\x00\
\xd0\x00\x1e\x00\x02\x00\x00\x00\x00\x00\x00\xff\x9c\x002\x00\
\x00\x00\x00\x00\x00\x00\x00\x00\x00\x00\x00\x00\x00\x00\x00\x00\
\x00\x00\x00\x03e\x00\x00\x00$\x00\xc9\x01\x02\x01\x03\x01\
\x04\x01\x05\x01\x06\x01\x07\x01\x08\x00\xc7\x01\x09\x01\x0a\x01\
\x0b\x01\x0c\x01\x0d\x01\x0e\x00b\x01\x0f\x00\xad\x01\x10\x01\
\x11\x01\x12\x01\x13\x00c\x01\x14\x00\xae\x00\x90\x01\x15\x00\
%\x01\x16\x00&\x00\xfd\x00\xff\x00d\x01\x17\x01\x18\x00\
'\x01\x19\x01\x1a\x01\x1b\x01\x1c\x01\x1d\x01\x1e\x01\x1f\x00\
\xe9\x00(\x00e\x01 \x01!\x00\xc8\x01\x22\x01#\x01\
$\x01%\x01&\x01'\x00\xca\x01(\x01)\x00\xcb\x01\
*\x01+\x01,\x01-\x01.\x01/\x010\x011\x00\
)\x012\x00*\x013\x00\xf8\x014\x015\x016\x01\
7\x018\x00+\x019\x01:\x01;\x00,\x01<\x00\
\xcc\x01=\x00\xcd\x01>\x00\xce\x00\xfa\x01?\x00\xcf\x01\
@\x01A\x01B\x01C\x01D\x00-\x01E\x00.\x01\
F\x01G\x00/\x01H\x01I\x01J\x01K\x01L\x01\
M\x00\xe2\x000\x01N\x001\x01O\x01P\x01Q\x01\
R\x01S\x00f\x01T\x002\x00\xd0\x01U\x00\xd1\x01\
V\x01W\x01X\x01Y\x01Z\x01[\x00g\x01\x5c\x01\
]\x01^\x00\xd3\x01_\x01`\x01a\x01b\x01c\x01\
d\x01e\x01f\x01g\x01h\x01i\x00\x91\x01j\x00\
\xaf\x01k\x00\xb0\x003\x01l\x00\xed\x004\x005\x01\
m\x01n\x01o\x01p\x01q\x006\x01r\x00\xe4\x00\
\xfb\x01s\x01t\x01u\x01v\x007\x01w\x01x\x01\
y\x01z\x01{\x008\x00\xd4\x01|\x01}\x00\xd5\x01\
~\x00h\x01\x7f\x00\xd6\x01\x80\x01\x81\x01\x82\x01\x83\x01\
\x84\x01\x85\x01\x86\x01\x87\x01\x88\x01\x89\x01\x8a\x01\x8b\x01\
\x8c\x009\x00:\x01\x8d\x01\x8e\x01\x8f\x01\x90\x00;\x00\
<\x00\xeb\x01\x91\x00\xbb\x01\x92\x01\x93\x01\x94\x01\x95\x01\
\x96\x00=\x01\x97\x00\xe6\x01\x98\x00D\x00i\x01\x99\x01\
\x9a\x01\x9b\x01\x9c\x01\x9d\x01\x9e\x01\x9f\x00k\x01\xa0\x01\
\xa1\x01\xa2\x01\xa3\x01\xa4\x01\xa5\x00l\x01\xa6\x00j\x01\
\xa7\x01\xa8\x01\xa9\x01\xaa\x00n\x01\xab\x00m\x00\xa0\x01\
\xac\x00E\x01\xad\x00F\x00\xfe\x01\x00\x00o\x01\xae\x01\
\xaf\x00G\x01\xb0\x01\x01\x01\xb1\x01\xb2\x01\xb3\x00\xea\x00\
H\x00p\x01\xb4\x01\xb5\x00r\x01\xb6\x01\xb7\x01\xb8\x01\
\xb9\x01\xba\x01\xbb\x00s\x01\xbc\x01\xbd\x00q\x01\xbe\x01\
\xbf\x01\xc0\x01\xc1\x01\xc2\x01\xc3\x01\xc4\x01\xc5\x00I\x01\
\xc6\x00J\x01\xc7\x00\xf9\x01\xc8\x01\xc9\x01\xca\x01\xcb\x01\
\xcc\x00K\x01\xcd\x01\xce\x01\xcf\x00L\x00\xd7\x00t\x01\
\xd0\x00v\x01\xd1\x00w\x01\xd2\x01\xd3\x00u\x01\xd4\x01\
\xd5\x01\xd6\x01\xd7\x01\xd8\x01\xd9\x00M\x01\xda\x01\xdb\x00\
N\x01\xdc\x01\xdd\x01\xde\x00O\x01\xdf\x01\xe0\x01\xe1\x01\
\xe2\x01\xe3\x00\xe3\x00P\x01\xe4\x00Q\x01\xe5\x01\xe6\x01\
\xe7\x01\xe8\x01\xe9\x00x\x01\xea\x00R\x00y\x01\xeb\x00\
{\x01\xec\x01\xed\x01\xee\x01\xef\x01\xf0\x01\xf1\x00|\x01\
\xf2\x01\xf3\x01\xf4\x00z\x01\xf5\x01\xf6\x01\xf7\x01\xf8\x01\
\xf9\x01\xfa\x01\xfb\x01\xfc\x01\xfd\x01\xfe\x01\xff\x00\xa1\x02\
\x00\x00}\x02\x01\x00\xb1\x00S\x02\x02\x00\xee\x00T\x00\
U\x02\x03\x02\x04\x02\x05\x02\x06\x02\x07\x00V\x02\x08\x00\
\xe5\x00\xfc\x02\x09\x02\x0a\x02\x0b\x00\x89\x02\x0c\x00W\x02\
\x0d\x02\x0e\x02\x0f\x02\x10\x02\x11\x00X\x00~\x02\x12\x02\
\x13\x00\x80\x02\x14\x00\x81\x02\x15\x00\x7f\x02\x16\x02\x17\x02\
\x18\x02\x19\x02\x1a\x02\x1b\x02\x1c\x02\x1d\x02\x1e\x02\x1f\x02\
 \x02!\x02\x22\x00Y\x00Z\x02#\x02$\x02%\x02\
&\x00[\x00\x5c\x00\xec\x02'\x00\xba\x02(\x02)\x02\
*\x02+\x02,\x00]\x02-\x00\xe7\x02.\x02/\x02\
0\x021\x022\x023\x00\xc0\x00\xc1\x00\x9d\x00\x9e\x02\
4\x025\x026\x027\x028\x029\x02:\x02;\x02\
<\x02=\x02>\x02?\x02@\x02A\x02B\x02C\x02\
D\x02E\x02F\x02G\x02H\x02I\x02J\x02K\x02\
L\x02M\x02N\x02O\x02P\x02Q\x02R\x02S\x02\
T\x02U\x02V\x02W\x02X\x02Y\x02Z\x02[\x02\
\x5c\x02]\x02^\x02_\x02`\x02a\x02b\x02c\x02\
d\x02e\x02f\x02g\x02h\x02i\x02j\x02k\x02\
l\x02m\x02n\x02o\x02p\x02q\x02r\x02s\x02\
t\x02u\x02v\x02w\x02x\x02y\x02z\x02{\x02\
|\x02}\x02~\x02\x7f\x02\x80\x02\x81\x02\x82\x02\x83\x02\
\x84\x02\x85\x02\x86\x02\x87\x02\x88\x02\x89\x02\x8a\x02\x8b\x02\
\x8c\x02\x8d\x02\x8e\x02\x8f\x02\x90\x02\x91\x02\x92\x02\x93\x02\
\x94\x02\x95\x02\x96\x02\x97\x02\x98\x02\x99\x02\x9a\x02\x9b\x02\
\x9c\x02\x9d\x02\x9e\x02\x9f\x02\xa0\x02\xa1\x02\xa2\x02\xa3\x02\
\xa4\x02\xa5\x02\xa6\x02\xa7\x02\xa8\x02\xa9\x02\xaa\x02\xab\x02\
\xac\x02\xad\x02\xae\x02\xaf\x02\xb0\x02\xb1\x02\xb2\x02\xb3\x02\
\xb4\x02\xb5\x02\xb6\x02\xb7\x02\xb8\x02\xb9\x02\xba\x02\xbb\x02\
\xbc\x02\xbd\x02\xbe\x02\xbf\x02\xc0\x02\xc1\x02\xc2\x02\xc3\x02\
\xc4\x02\xc5\x02\xc6\x02\xc7\x02\xc8\x02\xc9\x02\xca\x02\xcb\x02\
\xcc\x02\xcd\x02\xce\x02\xcf\x02\xd0\x02\xd1\x02\xd2\x02\xd3\x02\
\xd4\x02\xd5\x02\xd6\x02\xd7\x02\xd8\x02\xd9\x02\xda\x02\xdb\x02\
\xdc\x02\xdd\x02\xde\x02\xdf\x02\xe0\x02\xe1\x02\xe2\x02\xe3\x02\
\xe4\x02\xe5\x02\xe6\x02\xe7\x02\xe8\x02\xe9\x02\xea\x02\xeb\x02\
\xec\x02\xed\x02\xee\x02\xef\x02\xf0\x02\xf1\x02\xf2\x02\xf3\x02\
\xf4\x02\xf5\x02\xf6\x02\xf7\x02\xf8\x02\xf9\x02\xfa\x02\xfb\x02\
\xfc\x02\xfd\x02\xfe\x02\xff\x03\x00\x03\x01\x03\x02\x03\x03\x03\
\x04\x03\x05\x03\x06\x03\x07\x03\x08\x03\x09\x03\x0a\x03\x0b\x03\
\x0c\x03\x0d\x03\x0e\x03\x0f\x03\x10\x03\x11\x03\x12\x03\x13\x03\
\x14\x03\x15\x03\x16\x03\x17\x03\x18\x03\x19\x03\x1a\x03\x1b\x03\
\x1c\x03\x1d\x03\x1e\x03\x1f\x00\x9b\x00\x13\x00\x14\x00\x15\x00\
\x16\x00\x17\x00\x18\x00\x19\x00\x1a\x00\x1b\x00\x1c\x00\xbc\x00\
\xf4\x00\xf5\x00\xf6\x03 \x03!\x03\x22\x03#\x00\x03\x03\
$\x03%\x03&\x03'\x00\x11\x00\x0f\x00\x1d\x00\x1e\x00\
\xab\x00\x04\x00\xa3\x00\x22\x00\xa2\x00\xc3\x00\x87\x00\x0d\x00\
\x06\x00\x12\x00?\x03(\x00\x10\x00\xb2\x00\xb3\x03)\x00\
B\x00\x0b\x00\x0c\x00^\x00`\x00>\x00@\x00\xc4\x00\
\xc5\x00\xb4\x00\xb5\x00\xb6\x00\xb7\x00\xa9\x00\xaa\x00\xbe\x00\
\xbf\x00\x05\x00\x0a\x00\xa6\x03*\x00#\x00\x09\x00\x88\x00\
\x86\x00\x8b\x00\x8a\x00\x8c\x00\x83\x03+\x03,\x00_\x00\
\xe8\x00\x82\x03-\x00\xc2\x03.\x03/\x030\x031\x00\
\x84\x032\x00\xbd\x00\x07\x033\x034\x00\xf7\x035\x03\
6\x037\x038\x039\x03:\x03;\x03<\x03=\x03\
>\x03?\x00\x85\x03@\x03A\x03B\x00\x96\x03C\x03\
D\x03E\x00\x0e\x00\xef\x00\xf0\x00\xb8\x00 \x00\x8f\x00\
!\x00\x1f\x00\x95\x00\x94\x00\x93\x00\xa7\x00a\x00\xa4\x00\
A\x03F\x00\x92\x00\x9c\x00\x9a\x00\x99\x00\xa5\x03G\x00\
\x98\x00\x08\x00\xc6\x00\xb9\x03H\x03I\x03J\x03K\x03\
L\x03M\x03N\x03O\x03P\x03Q\x03R\x03S\x03\
T\x03U\x03V\x03W\x03X\x03Y\x03Z\x03[\x03\
\x5c\x03]\x03^\x03_\x03`\x03a\x03b\x03c\x03\
d\x03e\x03f\x03g\x03h\x03i\x03j\x03k\x00\
\x8e\x00\xdc\x00C\x00\x8d\x00\xdf\x00\xd8\x03l\x00\xe1\x00\
\xdb\x00\xdd\x00\xd9\x00\xda\x00\xde\x00\xe0\x03m\x03n\x06\
Abreve\x07uni1EAE\x07u\
ni1EB6\x07uni1EB0\x07u\
ni1EB2\x07uni1EB4\x07u\
ni01CD\x07uni1EA4\x07u\
ni1EAC\x07uni1EA6\x07u\
ni1EA8\x07uni1EAA\x07u\
ni0200\x07uni1EA0\x07u\
ni1EA2\x07uni0202\x07A\
macron\x07Aogonek\x0aA\
ringacute\x07AEacut\
e\x07uni1E02\x0bCcircu\
mflex\x0aCdotaccent\
\x07uni01F1\x07uni01C4\
\x06Dcaron\x06Dcroat\x07u\
ni1E0A\x07uni01F2\x07u\
ni01C5\x06Ebreve\x06Ec\
aron\x07uni1EBE\x07uni\
1EC6\x07uni1EC0\x07uni\
1EC2\x07uni1EC4\x07uni\
0204\x0aEdotaccent\x07\
uni1EB8\x07uni1EBA\x07\
uni0206\x07Emacron\x07\
Eogonek\x07uni1EBC\x07\
uni018F\x07uni01B7\x07\
uni01EE\x07uni1E1E\x07\
uni01F4\x06Gcaron\x0bG\
circumflex\x07uni01\
22\x0aGdotaccent\x07un\
i01E4\x04Hbar\x07uni02\
1E\x0bHcircumflex\x02I\
J\x06Ibreve\x07uni0208\
\x07uni1ECA\x07uni1EC8\
\x07uni020A\x07Imacron\
\x07Iogonek\x06Itilde\x0b\
Jcircumflex\x07uni0\
1E8\x07uni0136\x07uni0\
1C7\x06Lacute\x06Lcaro\
n\x07uni013B\x04Ldot\x07u\
ni01C8\x07uni1E40\x07u\
ni01CA\x06Nacute\x06Nc\
aron\x07uni0145\x07uni\
01CB\x03Eng\x06Obreve\x07\
uni1ED0\x07uni1ED8\x07\
uni1ED2\x07uni1ED4\x07\
uni1ED6\x07uni020C\x07\
uni022A\x07uni0230\x07\
uni1ECC\x07uni1ECE\x05\
Ohorn\x07uni1EDA\x07un\
i1EE2\x07uni1EDC\x07un\
i1EDE\x07uni1EE0\x0dOh\
ungarumlaut\x07uni0\
20E\x07Omacron\x07uni0\
1EA\x0bOslashacute\x07\
uni022C\x07uni1E56\x06\
Racute\x06Rcaron\x07un\
i0156\x07uni0210\x07un\
i0212\x06Sacute\x0bSci\
rcumflex\x07uni0218\
\x07uni1E60\x07uni1E9E\
\x04Tbar\x06Tcaron\x07uni\
0162\x07uni021A\x07uni\
1E6A\x06Ubreve\x07uni0\
1D3\x07uni0214\x07uni1\
EE4\x07uni1EE6\x05Uhor\
n\x07uni1EE8\x07uni1EF\
0\x07uni1EEA\x07uni1EE\
C\x07uni1EEE\x0dUhunga\
rumlaut\x07uni0216\x07\
Umacron\x07Uogonek\x05\
Uring\x06Utilde\x06Wac\
ute\x0bWcircumflex\x09\
Wdieresis\x06Wgrave\
\x0bYcircumflex\x07uni\
1EF4\x06Ygrave\x07uni1\
EF6\x07uni0232\x07uni1\
EF8\x06Zacute\x0aZdota\
ccent\x06abreve\x07uni\
1EAF\x07uni1EB7\x07uni\
1EB1\x07uni1EB3\x07uni\
1EB5\x07uni01CE\x07uni\
1EA5\x07uni1EAD\x07uni\
1EA7\x07uni1EA9\x07uni\
1EAB\x07uni0201\x07uni\
1EA1\x07uni1EA3\x07uni\
0203\x07amacron\x07aog\
onek\x0aaringacute\x07\
aeacute\x07uni1E03\x0b\
ccircumflex\x0acdot\
accent\x06dcaron\x07un\
i1E0B\x07uni01F3\x07un\
i01C6\x06ebreve\x06eca\
ron\x07uni1EBF\x07uni1\
EC7\x07uni1EC1\x07uni1\
EC3\x07uni1EC5\x07uni0\
205\x0aedotaccent\x07u\
ni1EB9\x07uni1EBB\x07u\
ni0207\x07emacron\x07e\
ogonek\x07uni1EBD\x07u\
ni0259\x07uni0292\x07u\
ni01EF\x07uni1E1F\x07u\
ni01F5\x06gcaron\x0bgc\
ircumflex\x07uni012\
3\x0agdotaccent\x07uni\
01E5\x04hbar\x07uni021\
F\x0bhcircumflex\x06ib\
reve\x07uni0209\x09i.l\
oclTRK\x07uni1ECB\x07u\
ni1EC9\x07uni020B\x07i\
macron\x07iogonek\x06i\
tilde\x02ij\x07uni0237\
\x0bjcircumflex\x07uni\
01E9\x07uni0137\x0ckgr\
eenlandic\x06lacute\
\x06lcaron\x07uni013C\x04\
ldot\x07uni01C9\x07uni\
1E41\x06nacute\x0bnapo\
strophe\x06ncaron\x07u\
ni0146\x07uni01CC\x03e\
ng\x06obreve\x07uni1ED\
1\x07uni1ED9\x07uni1ED\
3\x07uni1ED5\x07uni1ED\
7\x07uni020D\x07uni022\
B\x07uni0231\x07uni1EC\
D\x07uni1ECF\x05ohorn\x07\
uni1EDB\x07uni1EE3\x07\
uni1EDD\x07uni1EDF\x07\
uni1EE1\x0dohungaru\
mlaut\x07uni020F\x07om\
acron\x07uni01EB\x0bos\
lashacute\x07uni022\
D\x07uni1E57\x06racute\
\x06rcaron\x07uni0157\x07\
uni0211\x07uni0213\x06\
sacute\x0bscircumfl\
ex\x07uni0219\x07uni1E\
61\x05longs\x04tbar\x06tc\
aron\x07uni0163\x07uni\
021B\x07uni1E6B\x06ubr\
eve\x07uni01D4\x07uni0\
215\x07uni1EE5\x07uni1\
EE7\x05uhorn\x07uni1EE\
9\x07uni1EF1\x07uni1EE\
B\x07uni1EED\x07uni1EE\
F\x0duhungarumlaut\x07\
uni0217\x07umacron\x07\
uogonek\x05uring\x06ut\
ilde\x06wacute\x0bwcir\
cumflex\x09wdieresi\
s\x06wgrave\x0bycircum\
flex\x07uni1EF5\x06ygr\
ave\x07uni1EF7\x07uni0\
233\x07uni1EF9\x06zacu\
te\x0azdotaccent\x03f_\
f\x05f_f_i\x06f_f_ij\x05f\
_f_l\x04f_ij\x07uni041\
0\x07uni0411\x07uni041\
2\x07uni0413\x07uni040\
3\x0aGeupturncy\x07uni\
04F6\x0aGestrokecy\x0e\
Gemiddlehookcy\x07u\
ni0414\x07uni0415\x07u\
ni0400\x07uni0401\x07u\
ni0416\x07uni0417\x07u\
ni0418\x07uni0419\x07u\
ni040D\x07uni048A\x07u\
ni041A\x07uni040C\x07u\
ni041B\x07uni041C\x07u\
ni041D\x07uni041E\x07u\
ni041F\x07uni0420\x07u\
ni0421\x07uni0422\x07u\
ni0423\x07uni040E\x07u\
ni0424\x07uni0425\x07u\
ni0427\x07uni0426\x07u\
ni0428\x07uni0429\x07u\
ni040F\x07uni042C\x07u\
ni042B\x07uni042A\x07u\
ni0409\x07uni040A\x07u\
ni0405\x07uni0404\x07u\
ni042D\x07uni0406\x07u\
ni0407\x07uni0408\x07u\
ni040B\x04Yucy\x04Yacy\
\x07uni0402\x07uni0462\
\x07uni046A\x07uni0472\
\x07uni0474\x07uni0496\
\x07uni0498\x07uni049A\
\x07uni049C\x07uni049E\
\x07uni04A0\x07uni04A2\
\x06EnGecy\x07uni04A6\x07\
uni0524\x07uni04A8\x07\
uni04AA\x07uni04AC\x07\
uni04AE\x07uni04B0\x07\
uni04B2\x07uni04B4\x07\
uni04B6\x07uni04B8\x07\
uni04BA\x07uni0526\x07\
uni04BC\x07uni04BE\x07\
uni04C0\x07uni04C1\x07\
uni04C3\x07uni04C5\x07\
uni04C7\x07uni04C9\x07\
uni04CB\x07uni04CD\x07\
uni04D0\x07uni04D2\x07\
uni04D4\x07uni04D6\x07\
uni04D8\x07uni04DA\x07\
uni04DC\x07uni04DE\x07\
uni04E0\x07uni04E2\x07\
uni04E4\x07uni04E6\x07\
uni04E8\x07uni04EA\x07\
uni04EC\x07uni04EE\x07\
uni04F0\x07uni04F2\x07\
uni04F4\x07uni04F8\x07\
uni04FA\x07uni04FC\x07\
uni04FE\x07uni0510\x07\
uni0512\x07uni051C\x07\
uni048C\x07uni048E\x07\
uni0528\x07uni052E\x07\
uni0430\x07uni0431\x07\
uni0432\x07uni0433\x07\
uni0453\x0ageupturn\
cy\x07uni04F7\x0agestr\
okecy\x0egemiddleho\
okcy\x07uni0434\x07uni\
0435\x07uni0450\x07uni\
0451\x07uni0436\x07uni\
0437\x07uni0438\x07uni\
0439\x07uni045D\x07uni\
048B\x07uni043A\x07uni\
045C\x07uni043B\x07uni\
043C\x07uni043D\x07uni\
043E\x07uni043F\x07uni\
0440\x07uni0441\x07uni\
0442\x07uni0443\x07uni\
045E\x07uni0444\x07uni\
0445\x07uni0447\x07uni\
0446\x07uni0448\x07uni\
0449\x07uni045F\x07uni\
044C\x07uni044B\x07uni\
044A\x07uni0459\x07uni\
045A\x07uni0455\x07uni\
0454\x07uni044D\x07uni\
0456\x07uni0457\x07uni\
0458\x07uni045B\x04yuc\
y\x04yacy\x07uni0452\x07u\
ni0463\x07uni046B\x07u\
ni0473\x07uni0475\x07u\
ni0497\x07uni0499\x07u\
ni049B\x07uni049D\x07u\
ni049F\x07uni04A1\x07u\
ni04A3\x06engecy\x07un\
i0525\x07uni04A7\x07un\
i04A9\x07uni04AB\x07un\
i04AD\x07uni04AF\x07un\
i04B1\x07uni04B3\x07un\
i04B5\x07uni04B7\x07un\
i04B9\x07uni04BB\x07un\
i0527\x07uni04BD\x07un\
i04BF\x07uni04CF\x07un\
i04C2\x07uni04C4\x07un\
i04C6\x07uni04C8\x07un\
i04CA\x07uni04CC\x07un\
i04CE\x07uni04D1\x07un\
i04D3\x07uni04D5\x07un\
i04D7\x07uni04D9\x07un\
i04DB\x07uni04DD\x07un\
i04DF\x07uni04E1\x07un\
i04E3\x07uni04E5\x07un\
i04E7\x07uni04E9\x07un\
i04EB\x07uni04ED\x07un\
i04EF\x07uni04F1\x07un\
i04F3\x07uni04F5\x07un\
i04F9\x07uni04FB\x07un\
i04FD\x07uni04FF\x07un\
i0511\x07uni0513\x07un\
i051D\x07uni048D\x07un\
i048F\x07uni052F\x02Pi\
\x07uni00B9\x07uni00B2\
\x07uni00B3\x07uni2074\
\x07uni00A0\x02CR\x07uni2\
7E8\x07uni27E9\x16peri\
odcentered.loclC\
AT\x07uni2010\x07uni21\
2B\x06minute\x06second\
\x07uni2113\x09estimat\
ed\x07uni2116\x07uni21\
2A\x07uni20B5\x0dcolon\
monetary\x04dong\x04Eu\
ro\x07uni20B2\x07uni20\
B4\x07uni20AD\x04lira\x07\
uni20BA\x07uni20BC\x07\
uni20A6\x06peseta\x07u\
ni20B1\x07uni20BD\x07u\
ni20B9\x07uni20B8\x07u\
ni20AE\x07uni20A9\x07u\
ni2219\x07uni2052\x07u\
ni2215\x08emptyset\x07\
uni00B5\x0bbrevecom\
bcy\x07uni0308\x07uni0\
307\x09gravecomb\x09ac\
utecomb\x07uni030B\x0b\
uni030C.alt\x07uni0\
302\x07uni030C\x07uni0\
306\x07uni030A\x09tild\
ecomb\x07uni0304\x0dho\
okabovecomb\x07uni0\
30F\x07uni0311\x07uni0\
312\x07uni031B\x0cdotb\
elowcomb\x07uni0324\
\x07uni0326\x07uni0327\
\x07uni0328\x07uni032E\
\x07uni0331\x07uni0335\
\x0buni03060301\x0buni\
03060300\x0buni0306\
0309\x0buni03060303\
\x0buni03020301\x0buni\
03020300\x0buni0302\
0309\x0buni03020303\
\x0cuni0302.case\x0cun\
i031B.case\x07uni02\
C9\x07uni02BC\x07uni02\
BB\x00\x00\x01\x00\x00\x00\x0a\x00(\x00R\x00\x02D\
FLT\x00\x0elatn\x00\x0e\x00\x04\x00\x00\x00\
\x00\xff\xff\x00\x03\x00\x00\x00\x01\x00\x02\x00\x03ker\
n\x00$mark\x00\x1cmkmk\x00\x14\x00\
\x00\x00\x02\x00\x03\x00\x04\x00\x00\x00\x02\x00\x01\x00\x02\x00\
\x00\x00\x01\x00\x00\x00\x05,\x88\x03\xaa\x02*\x01\x88\x00\
\x0c\x00\x06\x00\x10\x00\x01\x00\x0a\x00\x02\x00\x01\x01\x5c\x01\
\x5c\x00\x01\x00\xfa\x00\x0c\x00\x18\x00\xe4\x00\xda\x00\xd4\x00\
\xd4\x00\xc4\x00\xba\x00\xba\x00\xb0\x00\xa6\x00\x9c\x00\xd4\x00\
\x8c\x00\x82\x00\xd4\x00x\x00n\x00d\x00\xb0\x00Z\x00\
P\x00F\x00<\x002\x00P\x00\x03\x00\x00\x03\xb8\x00\
\x00(\xec\x00\x03\x00\x00\x03\x8f\x00\x00(\xf2\x00\x03\x00\
\x00\x03*\x00\x00(\xf8\x00\x03\x00\x00\x03\x16\x00\x00(\
\xfe\x00\x03\x00\x00\x03\xa8\x00\x00)\x04\x00\x03\xff\xff\x03\
\x9d+\xc0)\x0a\x00\x03\xff\xff\x03\xd3+\xb6) \x00\
\x03\x00\x00\x03`\x00\x00\x1f\xf0\x00\x03\x00\x00\x03*\x00\
\x00(\x8c\x00\x03\x00\x01\x03>\x00\x0a(l\x00\x02\x00\
\xd6\x80\x00\x00\x03\x00\x00\x03\x08\x00\x00(2\x00\x03\x00\
\x00\x033\x00\x00(B\x00\x03\xff\xff\x03\x08+t(\
\xee\x00\x03\x00\x00\x03*+z\x00\x00\x00\x03\x00P\x03\
+\x00\x0a#\xb6\x00\x00\x00\x00\x80\x00\x00\x01\x00\x00\x03\
*\x00\x03\x00\x00\x03\x16\x00\x00\x5c\x04\x00\x03\x00\x00\x03\
*+f\x00\x00\x00\x18\x00\x00+R\x00\x00+L\x00\
\x00+L\x00\x00+L\x00\x00+L\x00\x00+<\x00\
\x00+<\x00\x00+,\x00\x00+L\x00\x00+L\x00\
\x00+L\x00\x00+L\x00\x00+L\x00\x00+L\x00\
\x00+L\x00\x00+,\x00\x00+,\x00\x00+,\x00\
\x00+L\x00\x00+L\x00\x00+L\x00\x00+L\x00\
\x00+L\x00\x00+L\x00\x02\x00\x03\x032\x036\x00\
\x00\x038\x03A\x00\x05\x03K\x03S\x00\x0f\x00\x06\x00\
\x10\x00\x01\x00\x0a\x00\x01\x00\x01\x00\x88\x00\x88\x00\x01\x00\
n\x00\x0c\x00\x06\x00X\x00H\x008\x00.\x00\x1e\x00\
\x0e\x00\x03\x00\x00\xff|\x00\x00\x00\x0a\x00\x02\x01C\x80\
\x00\x00\x03\xff\xff\xff'*\x8a\x00\x0a\x00\x02\x01N\x80\
\x00\x00\x03\x00\x00\xff\x15\x00\x00&\x9c\x00\x03\x00\x00\xfe\
\xfb\x00\x00\x00\x0a\x00\x02\x01J\x80\x00\x00\x03\x00\x00\xff\
d\x00\x00\x00\x0a\x00\x02\x01H\x80\x00\x00\x03\x00\x00\xff\
Z\x00\x00'\xaa\x00\x06\x00\x00*6\x00\x00*6\x00\
\x00*&\x00\x00*6\x00\x00*\x1c\x00\x00*6\x00\
\x01\x00\x06\x03C\x03D\x03E\x03F\x03H\x03I\x00\
\x05\x00\x00\x00\x01\x00\x08\x00\x01\x01V\x00\xd2\x00\x02\x00\
\xdc\x00\x0c\x00\x03\x00\x9c\x00F\x00\x08\x00\x02\x00.\x00\
$\x00\x14\x00\x0a\x00\x03\x02\x1d\x00\x00\x00\x14\x00\x00\x00\
\x03\x02\x1d\x03*\x00\x0a\x00\x00\x00\x02\x00\x0a\x80\x00\x00\
\x03\x00\xb4\x00\x00\x00\x14\x00\x00\x00\x03\x00\xb4\x03*\x00\
\x0a\x00\x00\x00\x02\x00X\x80\x00\x00\x03\x00L\x00B\x00\
2\x00(\x00\x18\x00\x0e\x00\x03\x03%\x00\x00\x00\x14\x00\
\x00\x00\x03\x03%\x03*\x00\x0a\x00\x00\x00\x02\x00\x0b\x80\
\x00\x00\x03\x01\xe3\x00\x00\x00\x14\x00\x00\x00\x03\x01\xe3\x03\
*\x00\x0a\x00\x00\x00\x02\x00\x1e\x80\x00\x00\x03\x00\xa1\x00\
\x00\x16\xf0\x00\x00\x00\x03\x00\xa1\x03*\x16\xe6\x00\x00\x00\
\x02\x1c\xae\x1c\x9e\x00\x1a\x00\x0a\x00\x03\x01\x8e\x00\x00\x00\
\x0a\x00\x00\x00\x02\x00\x15\x80\x00\x00\x03\x01\xc2\x03\x08\x00\
\x0a\x1c\x9e\x00\x02\x00\x0e\x80\x00\x00\x01\x00\x03\x01\xb4\x01\
\xb6\x01\xb8\x00\x1e\x00\x00)T\x00\x00)N\x00\x00)\
N\x00\x00)N\x00\x00)N\x00\x00)>\x00\x00)\
>\x00\x00).\x00\x00)N\x00\x00)N\x00\x00)\
N\x00\x00)N\x00\x00)N\x00\x00)N\x00\x00)\
N\x00\x01)(\x00\x01)(\x00\x01)\x18\x00\x01)\
(\x00\x01)\x0e\x00\x01)(\x00\x00).\x00\x00)\
.\x00\x00).\x00\x00)N\x00\x00)N\x00\x00)\
N\x00\x00)N\x00\x00)N\x00\x00)N\x00\x02\x00\
\x05\x032\x036\x00\x00\x038\x03A\x00\x05\x03C\x03\
F\x00\x0f\x03H\x03I\x00\x13\x03K\x03S\x00\x15\x00\
\x04\x00\x00\x00\x01\x00\x08\x00\x01(\xc0&N\x00\x04'\
\xe4\x00\x0c\x02-&2\x00\x00&\x22&\x12&\x08\x00\
\x00&\x22&\x12%\xf8\x00\x00&\x22&\x12%\xe8\x00\
\x00&\x22&\x12%\xf8\x00\x00%\xd8&\x12%\xc8\x00\
\x00&\x22&\x12%\xf8\x00\x00&\x22&\x12%\xb8\x00\
\x00&\x22&\x12&\x08\x00\x00&\x22&\x12&\x08\x00\
\x00&\x22&\x12%\xa8\x00\x00&\x22&\x12%\xa8\x00\
\x00%\xd8&\x12%\x98\x00\x00&\x22&\x12%\x88\x00\
\x00&\x22&\x12%x\x00\x00&\x22&\x12%h\x00\
\x00&\x22&\x12&\x08\x00\x00&\x22&\x12&2\x00\
\x00%\xd8&\x12&\x08\x00\x00&\x22&\x12%R\x00\
\x00&\x22&\x12&\x08\x00\x00&\x22&\x12&\x08\x00\
\x00&\x22&\x12&2\x00\x00&\x22&\x12%B\x00\
\x00&\x22&\x12%8\x00\x00&\x22&\x12%(\x00\
\x00&\x22&\x12%\x18\x00\x00%\x08\x00\x00$\xfe\x00\
\x00%\x08\x00\x00$\xee\x00\x00$\xe4\x00\x00$\xda\x00\
\x00$\xe4\x00\x00$\xca\x00\x00$\xba\x00\x00$\xb0\x00\
\x00$\xba\x00\x00$\xb0\x00\x00$\xba\x00\x00$\xca\x00\
\x00$\xa0\x00\x00$\xb0\x00\x00$\xba\x00\x00$\x96\x00\
\x00$\xba\x00\x00$\x86\x00\x00$|\x00\x00$r\x00\
\x00$|\x00\x00$h\x00\x00$|\x00\x00$X\x00\
\x00$H$8$.\x00\x00$H$8$$\x00\
\x00$H$8$.\x00\x00$H$8$.\x00\
\x00$H$8$\x1a\x00\x00$H$8$\x1a\x00\
\x00$\x10$8$\x06\x00\x00$H$8#\xfc\x00\
\x00$H$8#\xf2\x00\x00$H$8#\xe8\x00\
\x00$H$8$.\x00\x00$H$8#\xde\x00\
\x00$H$8$X\x00\x00$\x10$8$.\x00\
\x00$H$8#\xce\x00\x00$H$8$.\x00\
\x00$H$8$.\x00\x00$H$8$X\x00\
\x00$H$8#\xc4\x00\x00$H$8#\xb4\x00\
\x00#\xaa\x00\x00#\xa0\x00\x00#\xaa\x00\x00#\x90\x00\
\x00#\x86\x00\x00#|\x00\x00#\x86\x00\x00#l\x00\
\x00#b\x00\x00#X\x00\x00#b\x00\x00#N\x00\
\x00#b\x00\x00#X\x00\x00#b\x00\x00#X\x00\
\x00#b\x00\x00#l\x00\x00#>\x00\x00#4\x00\
\x00#b\x00\x00#l\x00\x00#b\x00\x00#$\x00\
\x00#\x1a\x00\x00#\x10\x00\x00#\x1a\x00\x00#\x10\x00\
\x00#\x1a\x00\x00#\x00\x00\x00\x22\xf6\x22\xe6\x00\x00\x00\
\x00\x00\x00\x22\xe6\x22\xdc\x00\x00\x22\xf6\x22\xe6\x22\xd2\x00\
\x00\x22\xf6\x22\xe6\x22\xdc\x00\x00\x22\xf6\x22\xe6\x22\xc8\x00\
\x00\x22\xf6\x22\xe6\x22\xdc\x00\x00\x22\xf6\x22\xe6\x22\xbe\x00\
\x00\x22\xf6\x22\xe6#\x00\x00\x00\x22\xb4\x22\xe6\x22\xdc\x00\
\x00\x22\xf6\x22\xe6\x22\xa4\x00\x00\x22\xf6\x22\xe6\x22\xdc\x00\
\x00\x22\xf6\x22\xe6\x22\xdc\x00\x00\x22\xf6\x22\xe6#\x00\x00\
\x00\x22\xf6\x22\xe6\x22\x9a\x00\x00\x22\xf6\x22\xe6\x22\x8a\x00\
\x00\x22z\x00\x00\x22p\x00\x00\x22z\x00\x00\x22`\x00\
\x00\x22P\x00\x00\x22F\x00\x00\x22P\x00\x00\x22`\x00\
\x00\x22<\x00\x00\x22,\x22\x1c\x22\x0c\x00\x00\x00\x00\x22\
\x1c\x00\x00\x00\x00\x22\x02\x22\x1c\x22\x0c\x00\x00\x22,\x22\
\x1c\x22\x0c\x00\x00\x22,\x22\x1c!\xf8\x00\x00\x22,\x22\
\x1c\x22\x0c\x00\x00\x22,\x22\x1c\x22\x0c\x00\x00!\xe8\x00\
\x00!\xde\x00\x00!\xd4\x00\x00!\xde\x00\x00!\xc4\x00\
\x00!\xba\x00\x00!\xb0\x00\x00!\xba\x00\x00!\xb0\x00\
\x00!\xba\x00\x00!\xc4\x00\x00!\xa6\x00\x00!\xc4\x00\
\x00!\xba\x00\x00!\x9c\x00\x00!\xba\x00\x00!\x8c!\
|!r!b!X!|!r!b!N!\
|!r!b!X!|!r!b!D!\
|!r!b!D!|!:!b!0!\
|!r!b!&!|!r!b!\x1c!\
|!r!b!\x12!|!r!b!X!\
|!r!b!\x08!|!r!b \xfe!\
|!r!b!\x8c!|!:!b!X!\
|!r!b \xf4!|!r!b!\x8c!\
|!r!b!X!|!r!b!\x8c!\
|!:!b!X!|!r!b \xf4!\
|!r!b \xea!|!r!b \xd4!\
|!r!b!X!|!r!b!X!\
|!r!b!\x8c!|!r!b \xc4!\
| \xba!b \xb0!| \xba!b \xea!\
|!r!b \xa6!|!r!b \x96\x00\
\x00 \x86\x00\x00 v\x00\x00 l\x00\x00 b\x00\
\x00 l\x00\x00 R\x00\x00 H\x00\x00 8\x00\
\x00 .\x00\x00 $\x00\x00 .\x00\x00 $\x00\
\x00 .\x00\x00 8\x00\x00 \x1a\x00\x00 \x10\x00\
\x00 .\x00\x00 $\x00\x00 .\x00\x00 \x00\x00\
\x00\x1f\xf6\x00\x00\x1f\xec\x00\x00\x1f\xf6\x00\x00\x1f\xec\x00\
\x00\x1f\xf6\x00\x00 \x00\x00\x00\x1f\xe2\x00\x00\x1f\xec\x00\
\x00\x1f\xf6\x00\x00 \x00\x00\x00\x1f\xd8\x00\x00\x1f\xce\x00\
\x00\x1f\xf6\x00\x00\x1f\xbe\x00\x00\x1f\xb4\x00\x00\x1f\xbe\x00\
\x00\x1f\xb4\x00\x00\x1f\xaa\x00\x00\x1f\xb4\x00\x00\x1f\xbe\x00\
\x00\x1f\xa0\x00\x00\x1f\xbe\x00\x00\x1f\x96\x00\x00\x1f\x8c\x00\
\x00\x1f\xb4\x00\x00\x1f|\x1fl\x1fb\x1fX\x1fN\x1f\
l\x1fb\x1fX\x1fD\x1fl\x1fb\x1fX\x1fN\x1f\
l\x1fb\x1fX\x1fN\x1fl\x1fb\x1fX\x1f:\x1f\
l\x1fb\x1fX\x1fN\x1fl\x1fb\x1fX\x1f|\x1f\
l\x1f0\x1fX\x1fN\x1fl\x1fb\x1fX\x1f \x1f\
l\x1fb\x1fX\x1f|\x1fl\x1fb\x1fX\x1fN\x1f\
l\x1fb\x1fX\x1f|\x1fl\x1f0\x1fX\x1fN\x1f\
l\x1fb\x1fX\x1f \x1fl\x1fb\x1fX\x1f\x16\x1f\
l\x1fb\x1fX\x1f\x06\x1fl\x1fb\x1fX\x1fN\x1f\
l\x1fb\x1fX\x1fN\x1fl\x1fb\x1fX\x1f|\x1f\
l\x1fb\x1fX\x1e\xfc\x1fl\x1fb\x1fX\x1f\x16\x1f\
l\x1fb\x1fX\x1e\xec\x00\x00\x1e\xe2\x00\x00\x1e\xd2\x00\
\x00\x1e\xc8\x00\x00\x1e\xbe\x00\x00\x1e\xc8\x00\x00\x1e\xbe\x00\
\x00\x1e\xc8\x00\x00\x1e\xbe\x00\x00\x1e\xc8\x00\x00\x1e\xbe\x00\
\x00\x1e\xc8\x00\x00\x1e\xae\x00\x00\x1e\xa4\x00\x00\x1e\x94\x00\
\x00\x1e\x8a\x00\x00\x1e\x80\x00\x00\x1e\x8a\x00\x00\x1e\x80\x00\
\x00\x1e\x8a\x00\x00\x1e\x80\x00\x00\x1e\x8a\x00\x00\x1e\x94\x00\
\x00\x1ev\x00\x00\x1e\x80\x00\x00\x1e\x8a\x00\x00\x1ef\x00\
\x00\x1e\x8a\x00\x00\x1e\x80\x00\x00\x1e\x8a\x00\x00\x1e\x5c\x00\
\x00\x1e\x8a\x00\x00\x1eL\x00\x00\x1eB\x00\x00\x1e8\x00\
\x00\x1eB\x00\x00\x1e8\x00\x00\x1eB\x00\x00\x1e.\x00\
\x00\x1eB\x00\x00\x1e\x1e\x00\x00\x1e\x0e\x1d\xfe\x1d\xf4\x00\
\x00\x1e\x0e\x1d\xfe\x1d\xea\x00\x00\x1e\x0e\x1d\xfe\x1d\xe0\x00\
\x00\x1e\x0e\x1d\xfe\x1d\xea\x00\x00\x1d\xd6\x1d\xfe\x1d\xcc\x00\
\x00\x1e\x0e\x1d\xfe\x1d\xea\x00\x00\x1e\x0e\x1d\xfe\x1d\xc2\x00\
\x00\x1e\x0e\x1d\xfe\x1d\xf4\x00\x00\x1e\x0e\x1d\xfe\x1d\xf4\x00\
\x00\x1e\x0e\x1d\xfe\x1d\xb8\x00\x00\x1e\x0e\x1d\xfe\x1d\xb8\x00\
\x00\x1d\xd6\x1d\xfe\x1d\xae\x00\x00\x1e\x0e\x1d\xfe\x1d\xa4\x00\
\x00\x1e\x0e\x1d\xfe\x1d\x9a\x00\x00\x1e\x0e\x1d\xfe\x1d\x90\x00\
\x00\x1e\x0e\x1d\xfe\x1d\xf4\x00\x00\x1e\x0e\x1d\xfe\x1e\x1e\x00\
\x00\x1d\xd6\x1d\xfe\x1d\xf4\x00\x00\x1e\x0e\x1d\xfe\x1d\x80\x00\
\x00\x1e\x0e\x1d\xfe\x1d\xf4\x00\x00\x1e\x0e\x1d\xfe\x1d\xf4\x00\
\x00\x1e\x0e\x1d\xfe\x1e\x1e\x00\x00\x1e\x0e\x1d\xfe\x1dv\x00\
\x00\x1e\x0e\x1d\xfe\x1dl\x00\x00\x1e\x0e\x1d\xfe\x1db\x00\
\x00\x1e\x0e\x1d\xfe\x1dR\x00\x00\x1dH\x00\x00\x1d>\x00\
\x00\x1dH\x00\x00\x1d.\x00\x00\x1d\x1e\x00\x00\x1d\x14\x00\
\x00\x1d\x1e\x00\x00\x1d\x0a\x00\x00\x1d\x00\x00\x00\x1c\xf6\x00\
\x00\x1d\x00\x00\x00\x1c\xf6\x00\x00\x1d\x00\x00\x00\x1d\x0a\x00\
\x00\x1c\xec\x00\x00\x1c\xf6\x00\x00\x1d\x00\x00\x00\x1c\xe2\x00\
\x00\x1d\x00\x00\x00\x1c\xd2\x1c\xc2\x1c\xb2\x00\x00\x1c\xd2\x1c\
\xc2\x1c\xb2\x00\x00\x1c\xa8\x1c\xc2\x1c\xb2\x00\x00\x00\x00\x1c\
\xc2\x00\x00\x00\x00\x00\x00\x1c\xc2\x00\x00\x00\x00\x1c\x98\x00\
\x00\x1c\x88\x1cx\x1cn\x00\x00\x1c\x88\x1cx\x1cd\x00\
\x00\x1c\x88\x1cx\x1cn\x00\x00\x1c\x88\x1cx\x1cn\x00\
\x00\x1c\x88\x1cx\x1cZ\x00\x00\x1c\x88\x1cx\x1cZ\x00\
\x00\x1cP\x1cx\x1cF\x00\x00\x1c\x88\x1cx\x1c<\x00\
\x00\x1c\x88\x1cx\x1c2\x00\x00\x1c\x88\x1cx\x1c(\x00\
\x00\x1c\x88\x1cx\x1cn\x00\x00\x1c\x88\x1cx\x1c\x1e\x00\
\x00\x1c\x88\x1cx\x1c\x98\x00\x00\x1cP\x1cx\x1cn\x00\
\x00\x1c\x88\x1cx\x1c\x0e\x00\x00\x1c\x88\x1cx\x1cn\x00\
\x00\x1c\x88\x1cx\x1cn\x00\x00\x1c\x88\x1cx\x1c\x98\x00\
\x00\x1c\x88\x1cx\x1c\x04\x00\x00\x1c\x88\x1cx\x1b\xf4\x00\
\x00\x1b\xea\x00\x00\x1b\xe0\x00\x00\x1b\xea\x00\x00\x1b\xca\x00\
\x00\x1b\xba\x00\x00\x1b\xaa\x00\x00\x1b\xba\x00\x00\x1b\x9a\x00\
\x00\x1b\x90\x00\x00\x1b\x86\x00\x00\x1b\x90\x00\x00\x1b|\x00\
\x00\x1b\x90\x00\x00\x1b\x86\x00\x00\x1b\x90\x00\x00\x1b\x86\x00\
\x00\x1b\x90\x00\x00\x1br\x00\x00\x1b\x90\x00\x00\x1bh\x00\
\x00\x1b\x90\x00\x00\x1bX\x00\x00\x1bN\x00\x00\x1b>\x00\
\x00\x1b.\x00\x00\x1b\x18\x00\x00\x1b.\x00\x00\x1b\x0e\x00\
\x00\x1b.\x00\x00\x00\x00\x00\x00\x1a\xfe\x1a\xee\x1a\xe4\x00\
\x00\x1a\xda\x1a\xca\x1a\xc0\x00\x00\x1a\xda\x1a\xca\x1a\xb6\x00\
\x00\x1a\xda\x1a\xca\x1a\xc0\x00\x00\x1a\xda\x1a\xca\x1a\xac\x00\
\x00\x1a\xda\x1a\xca\x1a\xc0\x00\x00\x1a\xda\x1a\xca\x1a\xa2\x00\
\x00\x1a\xda\x1a\xca\x00\x00\x00\x00\x1a\x98\x1a\xee\x1a\xc0\x00\
\x00\x1a\xda\x1a\xca\x1a\x88\x00\x00\x1a\xda\x1a\xca\x1a\xc0\x00\
\x00\x1a\xda\x1a\xca\x1a\xc0\x00\x00\x1a\xda\x1a\xca\x00\x00\x00\
\x00\x1a\xfe\x1a\xee\x1a~\x00\x00\x1a\xda\x1a\xca\x00\x00\x00\
\x00\x1a\xfe\x1a\xee\x1an\x00\x00\x1a^\x00\x00\x1aT\x00\
\x00\x1a^\x00\x00\x1a>\x00\x00\x1a.\x00\x00\x1a$\x00\
\x00\x1a.\x00\x00\x1a>\x00\x00\x1a\x1a\x00\x00\x1a\x0a\x19\
\xfa\x19\xf0\x00\x00\x19\xe6\x19\xfa\x19\xf0\x00\x00\x1a\x0a\x19\
\xfa\x19\xf0\x00\x00\x1a\x0a\x19\xfa\x19\xdc\x00\x00\x1a\x0a\x19\
\xfa\x19\xf0\x00\x00\x1a\x0a\x19\xfa\x19\xf0\x00\x00\x19\xcc\x00\
\x00\x19\xc2\x00\x00\x19\xb8\x00\x00\x19\xc2\x00\x00\x19\xa8\x00\
\x00\x19\x9e\x00\x00\x19\x94\x00\x00\x19\x9e\x00\x00\x19\x84\x00\
\x00\x19z\x00\x00\x19\x94\x00\x00\x19\x9e\x00\x00\x19\xa8\x00\
\x00\x19p\x00\x00\x19\xa8\x00\x00\x19\x9e\x00\x00\x19f\x00\
\x00\x19\x9e\x00\x00\x19V\x19F\x196\x19 \x19\x16\x19\
F\x196\x19 \x19\x0c\x19F\x196\x19 \x19\x16\x19\
F\x196\x19 \x19\x02\x19F\x196\x19 \x19\x02\x19\
F\x18\xf8\x19 \x18\xee\x19F\x196\x19 \x18\xe4\x19\
F\x196\x19 \x18\xda\x19F\x196\x19 \x18\xd0\x19\
F\x196\x19 \x19\x16\x19F\x196\x19 \x18\xc6\x19\
F\x196\x19 \x18\xbc\x19F\x196\x19 \x19V\x19\
F\x18\xf8\x19 \x19\x16\x19F\x196\x19 \x18\xac\x19\
F\x196\x19 \x18\x9c\x19F\x18\x92\x19 \x18\x88\x19\
F\x18\x92\x19 \x18\x9c\x19F\x18~\x19 \x18\x88\x19\
F\x18\x92\x19 \x18h\x19F\x18\x92\x19 \x18X\x19\
F\x18\x92\x19 \x18H\x19F\x196\x19 \x19\x16\x19\
F\x196\x19 \x19\x16\x19F\x196\x19 \x19V\x19\
F\x196\x19 \x188\x19F\x196\x19 \x18.\x19\
F\x196\x19 \x18$\x19F\x196\x19 \x18\x1a\x19\
F\x196\x19 \x18\x0a\x00\x00\x18\x00\x00\x00\x17\xf0\x00\
\x00\x17\xe6\x00\x00\x17\xdc\x00\x00\x17\xe6\x00\x00\x17\xcc\x00\
\x00\x17\xc2\x00\x00\x17\xb2\x00\x00\x17\xa2\x00\x00\x17\x98\x00\
\x00\x17\xa2\x00\x00\x17\x98\x00\x00\x17\xa2\x00\x00\x17\xb2\x00\
\x00\x17\x8e\x00\x00\x17\x84\x00\x00\x17\xa2\x00\x00\x17\x98\x00\
\x00\x17\xa2\x00\x00\x17t\x00\x00\x17j\x00\x00\x17`\x00\
\x00\x17j\x00\x00\x17`\x00\x00\x17j\x00\x00\x17t\x00\
\x00\x17V\x00\x00\x17`\x00\x00\x17j\x00\x00\x17t\x00\
\x00\x17L\x00\x00\x17B\x00\x00\x17j\x00\x00\x17,\x17\
\x16\x17\x06\x00\x00\x17,\x17\x16\x17\x06\x00\x00\x17,\x17\
\x16\x17\x06\x00\x00\x17,\x17\x16\x16\xfc\x00\x00\x17,\x17\
\x16\x16\xf2\x00\x00\x16\xe2\x17\x16\x17\x06\x00\x00\x16\xd2\x16\
\xc2\x16\xb8\x16\xa8\x16\x9e\x16\xc2\x16\xb8\x16\xa8\x16\x94\x16\
\xc2\x16\xb8\x16\xa8\x16\x9e\x16\xc2\x16\xb8\x16\xa8\x16\x9e\x16\
\xc2\x16\xb8\x16\xa8\x16\x8a\x16\xc2\x16\xb8\x16\xa8\x16\x9e\x16\
\xc2\x16\xb8\x16\xa8\x16\xd2\x16\xc2\x16\x80\x16\xa8\x16\x9e\x16\
\xc2\x16\xb8\x16\xa8\x16p\x16\xc2\x16\xb8\x16\xa8\x16`\x16\
\xc2\x16P\x16\xa8\x16F\x16\xc2\x16P\x16\xa8\x16`\x16\
\xc2\x16<\x16\xa8\x16F\x16\xc2\x16P\x16\xa8\x16,\x16\
\xc2\x16P\x16\xa8\x16\x22\x16\xc2\x16P\x16\xa8\x16\x12\x16\
\xc2\x16\xb8\x16\xa8\x16\x9e\x16\xc2\x16\xb8\x16\xa8\x16\x9e\x16\
\xc2\x16\xb8\x16\xa8\x16\xd2\x16\xc2\x16\xb8\x16\xa8\x16\x08\x16\
\xc2\x16\xb8\x16\xa8\x15\xfe\x16\xc2\x16\xb8\x16\xa8\x15\xee\x00\
\x00\x15\xe4\x00\x00\x15\xd4\x00\x00\x15\xca\x00\x00\x15\xc0\x00\
\x00\x15\xca\x00\x00\x15\xc0\x00\x00\x15\xca\x00\x00\x15\xc0\x00\
\x00\x15\xca\x00\x00\x15\xc0\x00\x00\x15\xca\x00\x00\x15\xb0\x00\
\x00\x15\xa6\x00\x00\x15\x96\x00\x00\x15\x86\x00\x00\x15|\x00\
\x00\x15\x86\x00\x00\x15|\x00\x00\x15\x86\x00\x00\x15|\x00\
\x00\x15\x86\x00\x00\x15\x96\x00\x00\x15r\x00\x00\x15|\x00\
\x00\x15\x86\x00\x00\x15b\x00\x00\x15\x86\x00\x00\x15|\x00\
\x00\x15\x86\x00\x00\x15X\x00\x00\x15\x86\x00\x00\x15H\x00\
\x00\x158\x00\x00\x15.\x00\x00\x158\x00\x00\x15.\x00\
\x00\x158\x00\x00\x15$\x00\x00\x158\x00\x00&2\x00\
\x00&\x22&\x12$\xee\x00\x00$\xe4\x00\x00\x15\x14\x00\
\x00\x00\x00\x00\x00\x15\x0a\x00\x00\x00\x00\x00\x00$X\x00\
\x00$H$8$.\x00\x00$H$8$.\x00\
\x00$H$8\x14\xfa\x00\x00\x00\x00\x00\x00\x14\xea\x00\
\x00\x14\xda\x00\x00\x14\xd0\x00\x00\x00\x00\x00\x00\x14\xc6\x00\
\x00\x00\x00\x00\x00\x14\xbc\x00\x00\x00\x00\x00\x00\x14\xd0\x00\
\x00\x00\x00\x00\x00\x14\xac\x00\x00\x00\x00\x00\x00\x14\xa2\x00\
\x00\x00\x00\x00\x00!\xe8\x00\x00!\xde\x00\x00#$\x00\
\x00#\x1a\x00\x00!\x8c!|!r!b v\x00\
\x00 l\x00\x00$\xca\x00\x00$\xba\x00\x00\x1f\xbe\x00\
\x00\x1f\xb4\x00\x00\x14\x92\x00\x00\x00\x00\x00\x00\x14\x88\x00\
\x00\x00\x00\x00\x00\x1e\xae\x00\x00\x1e\xa4\x00\x00\x14~\x00\
\x00\x00\x00\x00\x00\x14n\x00\x00\x00\x00\x00\x00 \x00\x00\
\x00\x1f\xf6\x00\x00\x14^\x00\x00\x00\x00\x00\x00\x14N\x00\
\x00\x00\x00\x00\x00\x14D\x00\x00\x00\x00\x00\x00!\x8c!\
|!r!b\x14\xfa\x00\x00\x00\x00\x00\x00\x14\xac\x00\
\x00\x00\x00\x00\x00\x14\xac\x00\x00\x00\x00\x00\x00\x1f\xbe\x00\
\x00\x1f\xb4\x00\x00\x1e\x94\x00\x00\x1e\x8a\x00\x00\x144\x00\
\x00\x14*\x00\x00\x1e\xae\x00\x00\x1e\xa4\x00\x00\x14\x1a\x00\
\x00\x00\x00\x00\x00\x14\x0a\x00\x00\x00\x00\x00\x00\x13\xfa\x00\
\x00\x00\x00\x00\x00\x13\xea\x00\x00\x00\x00\x00\x00#\x00\x00\
\x00\x22\xf6\x22\xe6\x14\xfa\x00\x00\x00\x00\x00\x00\x14\xac\x00\
\x00\x00\x00\x00\x00#$\x00\x00#\x1a\x00\x00\x14\x1a\x00\
\x00\x00\x00\x00\x00!\xe8\x00\x00!\xde\x00\x00&2\x00\
\x00&\x22&\x12&\x08\x00\x00&\x22&\x12%\x18\x00\
\x00%\x08\x00\x00$X\x00\x00$H$8\x13\xe0\x00\
\x00\x00\x00\x00\x00\x13\xd6\x00\x00\x00\x00\x00\x00\x13\xcc\x00\
\x00\x00\x00\x00\x00\x13\xc2\x00\x00\x14\xda\x00\x00#\xb4\x00\
\x00#\xaa\x00\x00\x14\xbc\x00\x00\x00\x00\x00\x00\x14\xbc\x00\
\x00\x00\x00\x00\x00!X!|!r!b!\x8c!\
|!r!b!X!|!r!b\x13\xb8\x00\
\x00\x00\x00\x00\x00\x13\xae\x00\x00\x00\x00\x00\x00\x13\xae\x00\
\x00\x00\x00\x00\x00\x13\x9e\x00\x00\x00\x00\x00\x00\x13\x94\x00\
\x00\x00\x00\x00\x00\x13\x8a\x00\x00\x00\x00\x00\x00\x1e\xae\x00\
\x00\x1e\xa4\x00\x00\x13z\x00\x00\x13j\x00\x00\x1e\xd2\x00\
\x00\x1e\xc8\x00\x00 v\x00\x00 l\x00\x00\x13Z\x00\
\x00\x13P\x00\x00\x1e\x1e\x00\x00\x1e\x0e\x1d\xfe\x13@\x00\
\x00\x00\x00\x00\x00\x136\x00\x00\x00\x00\x00\x00\x13@\x00\
\x00\x00\x00\x00\x00\x1c\x98\x00\x00\x1c\x88\x1cx\x1cn\x00\
\x00\x1c\x88\x1cx\x1cn\x00\x00\x1c\x88\x1cx\x13&\x00\
\x00\x00\x00\x00\x00\x13\x16\x00\x00\x13\x0c\x00\x00\x12\xfc\x00\
\x00\x00\x00\x00\x00\x12\xf2\x00\x00\x00\x00\x00\x00\x12\xe8\x00\
\x00\x00\x00\x00\x00\x12\xfc\x00\x00\x00\x00\x00\x00\x12\xd8\x00\
\x00\x00\x00\x00\x00\x12\xce\x00\x00\x00\x00\x00\x00\x19V\x19\
F\x196\x19 \x17\xf0\x00\x00\x17\xe6\x00\x00\x1d\x0a\x00\
\x00\x1d\x00\x00\x00\x12\xbe\x00\x00\x15\x86\x00\x00\x12\xb4\x00\
\x00\x15\x86\x00\x00\x15\xb0\x00\x00\x15\xa6\x00\x00\x12\xa4\x00\
\x00\x00\x00\x00\x00\x12\x94\x00\x00\x00\x00\x00\x00\x17t\x00\
\x00\x17j\x00\x00\x12\x84\x00\x00\x00\x00\x00\x00\x00\x00\x00\
\x00\x1a\xfe\x1a\xee\x1a\xc0\x00\x00\x1a\xda\x1a\xca\x19V\x19\
F\x196\x19 \x13&\x00\x00\x00\x00\x00\x00\x12\xd8\x00\
\x00\x00\x00\x00\x00\x15\xb0\x00\x00\x15\xa6\x00\x00\x12\xa4\x00\
\x00\x00\x00\x00\x00\x12t\x00\x00\x00\x00\x00\x00\x1b>\x00\
\x00\x1b.\x00\x00\x1b>\x00\x00\x1b.\x00\x00\x12d\x00\
\x00\x12T\x12D\x124\x00\x00\x12T\x12D\x13&\x00\
\x00\x00\x00\x00\x00\x12\xd8\x00\x00\x00\x00\x00\x00\x1e\x1e\x00\
\x00\x1e\x0e\x1d\xfe\x1d\xf4\x00\x00\x1e\x0e\x1d\xfe\x1dR\x00\
\x00\x1dH\x00\x00\x1c\x98\x00\x00\x1c\x88\x1cx\x12*\x00\
\x00\x00\x00\x00\x00\x12 \x00\x00\x00\x00\x00\x00\x12\x16\x00\
\x00\x00\x00\x00\x00\x12\x0c\x00\x00\x13\x0c\x00\x00\x1b\xf4\x00\
\x00\x1b\xea\x00\x00\x12\xe8\x00\x00\x00\x00\x00\x00\x12\xe8\x00\
\x00\x00\x00\x00\x00\x19\x16\x19F\x196\x19 \x19V\x19\
F\x196\x19 \x19\x16\x19F\x196\x19 \x12\x02\x00\
\x00\x00\x00\x00\x00\x11\xf8\x00\x00\x15\x86\x00\x00\x11\xf8\x00\
\x00\x15\x86\x00\x00\x11\xe8\x00\x00\x15\x86\x00\x00\x11\xde\x00\
\x00\x00\x00\x00\x00\x11\xd4\x00\x00\x00\x00\x00\x00\x15\xb0\x00\
\x00\x15\xa6\x00\x00\x11\xc4\x00\x00\x11\xba\x00\x00\x15\xd4\x00\
\x00\x15\xca\x00\x00\x17\xf0\x00\x00\x11\xa4\x00\x00\x11\x94\x00\
\x00&\x22&\x12\x22`\x00\x00\x22P\x00\x00$\xca\x00\
\x00$\xba\x00\x00#\x90\x00\x00#\x86\x00\x00#l\x00\
\x00#b\x00\x00\x11\x84\x00\x00\x11z\x00\x00!\xc4\x00\
\x00!\xba\x00\x00\x00\x00\x11j\x00\x00\x00\x00\x1f\xbe\x00\
\x00\x1f\xb4\x00\x00\x1e\xd2\x00\x00\x1e\xc8\x00\x00\x00\x03\x02\
\xb5\x03a\x00\x0a\x05\xb6\x00\x03\x00\x00\x80\x00\x00\x03\x00\
\xec\x00\x00\x00\x14\x00\x00\x00\x03\x00\xec\x03*\x00\x0a\x00\
\x00\x00\x02\x00\xa2\x80\x00\x00\x03\x00\xf6\x03\xfc\x14\xa8\x00\
\x0a\x00\x02\x00\x13\x80\x00\x00\x03\x00\xe8\xff\xf8\x00\x10\x00\
\x0a\x00\x02\x00\xfd\x80\x00\x00\x02\x00,\x80\x00\x00\x03\x00\
\xbb\x00\x00\x00\x14\x00\x00\x00\x03\x00\xbb\x02B\x00\x0a\x00\
\x00\x00\x02\x00\xb2\x80\x00\x00\x03\x018\x03*\x00\xca\x00\
\x00\x00\x03\x00\xd9\x03*\x00\xd0\x00\x00\x00\x03\x01\x16\x03\
+\x00\x0a\x0e\xf6\x00\x02\x00\x03\x80\x00\x00\x03\x00\xc6\x03\
*\x00\xd0\x00\x00\x00\x03\x00\xce\x03*\x00\x8c\x00\x00\x00\
\x03\x00\xbc\x03*\x01\x14\x00\x00\x00\x03\x01\x22\x03*\x01\
\x1a\x00\x00\x00\x03\x00\xd3\x03*\x0ar\x00\x00\x00\x03\x00\
\xd3\x02B\x0ah\x00\x00\x00\x03\x01A\x03*\x00\x0a\x00\
\x00\x00\x02\x00\x1f\x80\x00\x00\x03\x01\x85\x00\x0a\x00\x0a\x00\
\x00\x00\x02\x00\x0c\x80\x00\x00\x03\x01_\x00\x00\x00\x0a\x00\
\x00\x00\x02\x00\x08\x80\x00\x00\x03\x01_\x02B\x00\x0a\x00\
\x00\x00\x02\x00\x09\x80\x00\x00\x03\x00\xe3\x02B\x00\x0a\x00\
\x00\x00\x02\x007\x80\x00\x00\x03\x00\xce\x02B\x00\x0a\x00\
\x00\x00\x02\x00\x8f\x80\x00\x00\x03\x018\x02B\x00\x0a\x00\
\x00\x00\x02\x00\x16\x80\x00\x00\x03\x00\xd9\x02B\x00\x0a\x00\
\x00\x00\x02\x005\x80\x00\x00\x03\x00\xc6\x03\x08\x00\x14\x13\
N\x00\x03\x00\xc6\x02B\x00\x0a\x00\x00\x00\x02\x00\x9a\x80\
\x00\x00\x03\x00\xe4\x03*\x00\x14\x00\x00\x00\x03\x00\xe4\x02\
B\x00\x0a\x00\x00\x00\x02\x00\x1d\x80\x00\x00\x03\x00\xe7\x03\
*\x00\x1e\x00\x00\x00\x03\x00\xe7\x03\x08\x00\x14\x13\x10\x00\
\x03\x00\xe7\x02B\x00\x0a\x00\x00\x00\x02\x00?\x80\x00\x00\
\x03\x00\xbc\x00\x00\x00\x14\x00\x00\x00\x03\x00\xbc\x02B\x00\
\x0a\x00\x00\x00\x02\x00\xaa\x80\x00\x00\x03\x01\x22\x02B\x00\
\x0a\x00\x00\x00\x02\x00#\x80\x00\x00\x03\x00\xaf\x03*\x00\
\x14\x00\x00\x00\x03\x00\xaf\x02B\x00\x0a\x00\x00\x00\x02\x00\
\xc9\x80\x00\x00\x03\x01F\x00\x00\x00\x14\x00\x00\x00\x03\x01\
F\x03*\x00\x0a\x00\x00\x00\x02\x00\x1c\x80\x00\x00\x03\x00\
\xf0\x00\x00\x00\x0a\x00\x00\x00\x02\x00\xa3\x80\x00\x00\x03\x00\
\xf0\x03*\x00\x0a\x00\x00\x00\x02\x00B\x80\x00\x00\x03\x01\
l\x04\x12\x00\xee\x00\x00\x00\x03\x01\x14\x04\x12\x04f\x00\
\x00\x00\x03\x012\x04\x13\x00\x0a\x0d@\x00\x02\x00\x05\x80\
\x00\x00\x03\x00\xe2\x04\x12\x00\xee\x00\x00\x00\x03\x01\x04\x04\
\x12\x00\xb0\x00\x00\x00\x03\x00\xf0\x04\x12\x012\x00\x00\x00\
\x03\x01R\x04\x12\x018\x00\x00\x00\x03\x01\x0c\x04\x12\x0d\
\xc0\x00\x00\x00\x03\x01\x0c\x03*\x0d\xb6\x00\x00\x00\x03\x01\
\xa2\x04\x12\x00\x0a\x00\x00\x00\x02\x00\x06\x80\x00\x00\x03\x01\
\xac\x03*\x00\x0a\x00\x00\x00\x02\x00\x0d\x80\x00\x00\x03\x01\
\x1e\x03*\x00\x0a\x00\x00\x00\x02\x00V\x80\x00\x00\x03\x01\
\x13\x03*\x00\x0a\x00\x00\x00\x02\x00[\x80\x00\x00\x03\x00\
\xf1\x00\x00\x00\x14\x00\x00\x00\x03\x00\xf1\x03*\x00\x0a\x00\
\x00\x00\x02\x00\x9f\x80\x00\x00\x03\x00|\x04\x12\x00\x14\x00\
\x00\x00\x03\x00|\x03*\x00\x0a\x00\x00\x00\x02\x00]\x80\
\x00\x00\x03\x01\x04\x03*\x00\x0a\x00\x00\x00\x02\x00\x99\x80\
\x00\x00\x03\x01l\x03*\x00\x0a\x00\x00\x00\x02\x006\x80\
\x00\x00\x03\x01\x14\x03*\x03|\x00\x00\x00\x03\x00\xe2\x03\
\xf0\x00\x14\x11z\x00\x03\x00\xe2\x03*\x00\x0a\x00\x00\x00\
\x01\x00\x13\x80\x00\x00\x03\x00\xfe\x04\x12\x00\x14\x00\x00\x00\
\x03\x00\xfe\x03*\x00\x0a\x00\x00\x00\x02\x00p\x80\x00\x00\
\x03\x01\x1a\x04\x12\x10\xf6\x00\x00\x00\x03\x01\x1a\x03\xf0\x10\
\xec\x11<\x00\x03\x01\x1a\x03*\x10\xe2\x00\x00\x00\x03\x00\
\xf0\x00\x00\x00\x0a\x00\x00\x00\x02\x00-\x80\x00\x00\x03\x00\
\xf0\x03*\x00\x0a\x00\x00\x00\x02\x00|\x80\x00\x00\x03\x01\
R\x03*\x00\x0a\x00\x00\x00\x02\x001\x80\x00\x00\x03\x00\
\xc1\x04\x12\x00\x14\x00\x00\x00\x03\x00\xc1\x03*\x00\x0a\x00\
\x00\x00\x02\x00\xb3\x80\x00\x00\x03\x00\xb8\x03\x16\x00.D\
\x1e\x00\x03\x00\xb8\x03*\x00$\x00\x00\x00\x03\x00\xae\x00\
\x00\x00\x0a\x00\x00\x00\x02\x00\x98\x80\x00\x00\x03\x00\xb8\x02\
B\x00\x0a\x00\x00\x00\x02\x00\x92\x80\x00\x00\x03\x00\xc4\x03\
\x08\x00H\x0f\xda\x00\x03\x00\xc5\x03>\x00\x0a\x0f\xfa\x00\
\x02\x00\xa5\x80\x00\x00\x03\x01>\xffZ\x00\x1e\x10p\x00\
\x03\x00\xc4\x03*\x00$\x00\x00\x00\x03\x01>\x00\x00\x00\
\x0a\x00\x00\x00\x02\x00\x18\x80\x00\x00\x03\x00\xc4\x02B\x00\
\x0a\x00\x00\x00\x02\x00\xb1\x80\x00\x00\x03\x00\xc3\x00\x00\x00\
\x14\x00\x00\x00\x03\x00\xc3\x02B\x00\x0a\x00\x00\x00\x02\x00\
\xbb\x80\x00\x00\x03\x01&\x03*\x00\x1e\x00\x00\x00\x03\x01\
&\x00\x00\x00\x14\x00\x00\x00\x03\x01&\x02B\x00\x0a\x00\
\x00\x00\x02\x00\x96\x80\x00\x00\x03\x00\xc1\x00\x00\x00\x14\x00\
\x00\x00\x03\x00\xc1\x02B\x00\x0a\x00\x00\x00\x02\x00\x86\x80\
\x00\x00\x03\x00\xdc\x03\x08\x00\xde\x0f4\x00\x03\x00\xdc\x03\
3\x00\xd4\x0fD\x00\x03\x01,\x03+\x00\x0a\x0a\xcc\x00\
\x02\x00\x00\x80\x00\x00\x03\x00\xdc\x03\x08\x00H\x0f\x10\x00\
\x03\x00\xdd\x03>\x00\x0a\x0f0\x00\x02\x002\x80\x00\x00\
\x03\x00\xdc\xffZ\x00\x1e\x0f\xa6\x00\x03\x00\xdc\x03*\x00\
$\x00\x00\x00\x03\x00\xdc\x00\x00\x00\x0a\x00\x00\x00\x02\x00\
0\x80\x00\x00\x03\x00\xdc\x02B\x00\x0a\x00\x00\x00\x02\x00\
9\x80\x00\x00\x03\x00\xdd\x03>\x00\x0a\x0e\xec\x00\x02\x00\
I\x80\x00\x00\x03\x00\xdc\xffZ\x00\x5c\x0fb\x00\x03\x00\
\xdc\x03*\x00R\x0e\xe8\x00\x03\x00\xdc\x03\x08\x00H\x0f\
n\x00\x03\x00\xdc\x03*\x00>\x00\x00\x00\x03\x01L\x00\
\x00\x00\x0a\x00\x00\x00\x02\x00d\x80\x00\x00\x03\x00\xdc\x00\
\x00\x00$\x00\x00\x00\x03\x01/\x02B\x00\x0a\x00\x00\x00\
\x02\x00\xcc\x80\x00\x00\x03\x00\xdc\x02B\x00\x0a\x00\x00\x00\
\x02\x00\x5c\x80\x00\x00\x03\x00\x89\x03\xbf\x00Z\x00\x0a\x00\
\x02\x00\xf6\x80\x00\x00\x03\x00\xd0\xfe\xfb\x00\x1e\x0cV\x00\
\x03\x00\xd0\xff\x15\x00\x14\x0d\xae\x00\x03\x00\xd0\x00\x00\x00\
\x0a\x00\x00\x00\x02\x00E\x80\x00\x00\x03\x00\xe9\x03a\x00\
\x10\x00\x0a\x00\x02\x00(\x80\x00\x00\x02\x00\x14\x80\x00\x00\
\x03\x00\x89\x02\xeb\x00\x10\x00\x0a\x00\x02\x01\x1f\x80\x00\x00\
\x02\x00q\x80\x00\x00\x03\x00\xbb\x03\x16\x00<B\x00\x00\
\x03\x00\xbb\xfe\xfb\x002\x0b\xfc\x00\x03\x00\xbb\xff\x15\x00\
(\x0dT\x00\x03\x00\xbb\x03*\x00\x1e\x00\x00\x00\x03\x00\
\xbb\x00\x00\x00\x14\x00\x00\x00\x03\x00\xbb\x02B\x00\x0a\x00\
\x00\x00\x02\x00\xa9\x80\x00\x00\x03\x00\xb8\x03*\x008\x0d\
\xee\x00\x03\x00o\xfe\xfb\x00\x1e\x0b\xba\x00\x03\x00\xb8\x03\
*\x00$\x00\x00\x00\x03\x00o\x00\x00\x00\x0a\x00\x00\x00\
\x02\x00h\x80\x00\x00\x03\x00\xb8\x02B\x00\x0a\x00\x00\x00\
\x02\x00W\x80\x00\x00\x03\x00\xde\x00\x00\x00\x14\x00\x00\x00\
\x03\x00\xde\x02B\x00\x0a\x00\x00\x00\x02\x00H\x80\x00\x00\
\x03\x00\xdf\x03\x16\x00\x1eAf\x00\x03\x00\xdf\x00\x00\x00\
\x14\x00\x00\x00\x03\x00\xdf\x02B\x00\x0a\x00\x00\x00\x02\x00\
Q\x80\x00\x00\x03\x01W\x00\x00\x00\x14\x00\x00\x00\x03\x01\
W\x02B\x00\x0a\x00\x00\x00\x02\x003\x80\x00\x00\x03\x00\
\xd5\x03\xf0\x01F\x0d\x18\x00\x03\x00\xd5\x03\x08\x01<\x0d\
\x0e\x00\x03\x00\xd4\x03*\x00\x14\x00\x00\x00\x03\x00\xd4\x02\
B\x00\x0a\x00\x00\x00\x02\x00j\x80\x00\x00\x03\x01%\x03\
+\x00\x0a\x08\x96\x00\x02\x00\x01\x80\x00\x00\x03\x00\xd4\x03\
\x08\x00N\x00\x0a\x00\x02\x00*\x80\x00\x00\x03\x00\xd5\x03\
>\x00\x10\x00\x0a\x00\x02\x00l\x80\x00\x00\x02\x00Z\x80\
\x00\x00\x03\x00\xd4\xffZ\x00(\x0dd\x00\x03\x00\xd4\x03\
*\x00\x1eW\x9c\x00\x03\x00\xd4\x00\x00\x00\x14\x00\x00\x00\
\x03\x00\xd4\x02B\x00\x0aW\x88\x00\x02\x00k\x80\x00\x00\
\x03\x00\xd6\x03>\x00\x0a\x0c\xb0\x00\x02\x00P\x80\x00\x00\
\x03\x00\xd5\x03\xfe\x00\xa4@\x86\x00\x03\x00\xd5\x04\x12\x00\
\x9a\x00\x00\x00\x03\x00\xd5\x03*\x00\x90\x0c\xa2\x00\x03\x00\
\xd5\x03\xb8\x00\x86\x0c\xa8\x00\x03\x00\xd5\x03\x8f\x00|\x0c\
\xae\x00\x03\x00\xd5\x03*\x00r\x0c\xb4\x00\x03\x00\xd5\xff\
Z\x00H\x0c\xea\x00\x03\x00\xd5\x03\x16\x00^\x0c\xb0\x00\
\x03\x00\xd5\x03\x08\x00T\x0c\xf6\x00\x03\x00\xd5\x03*\x00\
J\x00\x00\x00\x03\x01\x07\x00\x08\x00\x10\x00\x0a\x00\x02\x00\
\xac\x80\x00\x00\x02\x00!\x80\x00\x00\x03\x00\xd5\x00\x00\x00\
\x0a\x00\x00\x00\x02\x00b\x80\x00\x00\x03\x00\xf4\x02B\x00\
\x0a\x00\x00\x00\x02\x00\xd9\x80\x00\x00\x03\x00\xd5\x02B\x00\
\x0a\x00\x00\x00\x02\x00a\x80\x00\x00\x03\x00\xdc\x03\x08\x00\
L\x0b\xcc\x00\x03\x00\xdc\xfe\xfb\x00B\x09\xd8\x00\x03\x01\
#\x00\x00\x00\x14\x00\x00\x00\x03\x01#\x02B\x00\x0a\x00\
\x00\x00\x02\x00 \x80\x00\x00\x03\x00\xdc\x03*\x00\x1e\x00\
\x00\x00\x03\x00\xdc\x00\x00\x00\x14\x00\x00\x00\x03\x00\xdc\x02\
B\x00\x0a\x00\x00\x00\x02\x00J\x80\x00\x00\x03\x01T\x03\
\x16\x00\x1e?\x8a\x00\x03\x01T\x00\x00\x00\x14\x00\x00\x00\
\x03\x01T\x02B\x00\x0a\x00\x00\x00\x02\x00:\x80\x00\x00\
\x03\x00v\xfe\xfb\x008\x09l\x00\x03\x00v\x04\x12\x00\
.\x00\x00\x00\x03\x00v\x00\x00\x00$\x00\x00\x00\x03\x00\
\xdb\x03*\x00\x0a\x00\x00\x00\x02\x00\x1a\x80\x00\x00\x03\x00\
v\x03*\x00\x0a\x00\x00\x00\x02\x00F\x80\x00\x00\x03\x00\
\xd7\xfe\xfb\x00\x1e\x09.\x00\x03\x01\x1c\x03\xdf\x00*\x00\
$\x00\x03\x00\xd7\x00\x00\x00\x0a\x00\x00\x00\x02\x00U\x80\
\x00\x00\x03\x01\x1c\x02\xf7\x00\x10\x00\x0a\x00\x02\x00m\x80\
\x00\x00\x02\x00\x10\x80\x00\x00\x03\x00{\x03*\x00$\x00\
\x00\x00\x03\x00{\xffB\x00\x1a\x00\x0a\x00\x00\x00\x09\x80\
\x00\x00\x03\x00{\x02B\x00\x0a\x00\x00\x00\x02\x00\x83\x80\
\x00\x00\x03\x00s\x03\x08\x01\x9a\x0a\xb4\x00\x03\x00t\x03\
>\x00\x0a\x0a\xd4\x00\x02\x00C\x80\x00\x00\x03\x00s\xff\
Z\x00p\x0bJ\x00\x03\x00s\x03\x16\x01v>\xa0\x00\
\x03\x00s\x03*\x01l\x0a\xc6\x00\x03\x00s\x03\x08\x01\
b\x0bL\x00\x03\x00s\x03*\x01X\x00\x00\x00\x03\x00\
s\x00\x00\x00\x0a\x00\x00\x00\x02\x00S\x80\x00\x00\x03\x00\
s\x00\x00\x01>\x00\x00\x00\x03\x00s\x02B\x014\x00\
\x00\x00\x03\x00s\x00\x00\x00\x0a\x00\x00\x00\x02\x00L\x80\
\x00\x00\x03\x00s\x00\x00\x00\x0a\x00\x00\x00\x02\x00f\x80\
\x00\x00\x03\x00o\x04\x12\x00:\x00\x00\x00\x03\x01!\x03\
\xda\x00\x10\x00\x0a\x00\x02\x00\x7f\x80\x00\x00\x02\x00\x11\x80\
\x00\x00\x03\x00\xdf\x00\x00\x00\x0a\x00\x00\x00\x02\x00<\x80\
\x00\x00\x03\x00o\x03*\x00\x0a\x00\x00\x00\x02\x008\x80\
\x00\x00\x03\x00\xda\x00\x00\x00\x14\x00\x00\x00\x03\x00\xda\x02\
B\x00\x0a\x00\x00\x00\x02\x00\xd2\x80\x00\x00\x03\x00\xdd\x03\
\x16\x00<=\xda\x00\x03\x00\xdd\x03`\x002\x01Z\x00\
\x03\x00\xdd\x03\x08\x00(\x0a\x86\x00\x03\x00\xdd\x03*\x00\
\x1e\x00\x00\x00\x03\x00\xdd\x00\x00\x00\x14\x00\x00\x00\x03\x00\
\xdd\x02B\x00\x0a\x00\x00\x00\x02\x00\xc0\x80\x00\x00\x03\x00\
\xc4\x03\xdc\x000\x00\x0a\x00\x02\x00\xbf\x80\x00\x00\x03\x00\
\x90\x00\x00\x00\x0a\x00\x00\x00\x02\x00~\x80\x00\x00\x03\x00\
\xc4\x03\x08\x00\x10\x00\x0a\x00\x02\x00\xee\x80\x00\x00\x00\x00\
\x01\x80\x00\x00\x03\x00\xe5\x03*\x00\x1e\x00\x00\x00\x03\x00\
\xe5\x00\x00\x00\x14\x00\x00\x00\x03\x00\xe5\x02B\x00\x0a\x00\
\x00\x00\x02\x004\x80\x00\x00\x03\x00\xd3\x03\x08\x00\x9e\x09\
.\x00\x03\x00\xd4\x03>\x00\x0a\x09N\x00\x02\x00O\x80\
\x00\x00\x03\x00\xd3\x03\x16\x00\x84=$\x00\x03\x00\xd3\x03\
*\x00z\x09J\x00\x03\x00\xd3\x03\xb8\x00p\x09P\x00\
\x03\x00\xd3\x03\x8f\x00f\x09V\x00\x03\x00\xd3\x03*\x00\
\x5c\x09\x5c\x00\x03\x00\xd3\xffZ\x00B\x09\x92\x00\x03\x00\
\xd3\x03\x16\x00H\x09X\x00\x03\x00\xd3\x03\x08\x00>\x09\
\x9e\x00\x03\x00\xd3\x03*\x004\x00\x00\x00\x03\x00\xf9\x00\
\x0a\x00\x0a\x00\x00\x00\x02\x00s\x80\x00\x00\x03\x00\xd3\x00\
\x00\x00\x0a\x00\x00\x00\x02\x00^\x80\x00\x00\x03\x00\xd3\x02\
B\x00\x0a\x00\x00\x00\x02\x00`\x80\x00\x00\x03\x01O\x03\
\xfe\x004<\x9a\x00\x03\x00\xdd\x00\x00\x00\x0a\x00\x00\x00\
\x02\x00R\x80\x00\x00\x03\x01\xb4\x03*\x00\x0a\x00\x00\x00\
\x02\x00\x1b\x80\x00\x00\x03\x01O\x03*\x00\x0a\x00\x00\x00\
\x02\x00K\x80\x00\x00\x03\x00\xce\x03\x16\x05T<`\x00\
\x03\x00\xce\xff\x15\x05J\x07\xbe\x00\x03\x00\xce\x03*\x05\
@\x00\x00\x00\x03\x00\xce\x00\x00\x056\x00\x00\x00\x03\x00\
\xce\x02B\x05,\x00\x00\x00\x03\x00n\x03\xfe\x00$<\
.\x00\x03\x00\xe0\x00\x00\x00\x0a\x00\x00\x00\x02\x00D\x80\
\x00\x00\x03\x00n\x03*\x00\x0a\x00\x00\x00\x02\x00>\x80\
\x00\x00\x03\x01E\x03*\x00\x1e\x00\x00\x00\x03\x01E\x00\
\x00\x00\x14\x00\x00\x00\x03\x01E\x02B\x00\x0a\x00\x00\x00\
\x02\x00;\x80\x00\x00\x03\x00\xca\x03\x08\x00\xc6\x07\xd0\x00\
\x03\x00\xca\x04\x1b\x00\xbc\x07\xe0\x00\x03\x00\xca\x033\x00\
\xb2\x07\xd6\x00\x03\x00\xcb\x03>\x00\x0a\x07\xdc\x00\x02\x00\
}\x80\x00\x00\x03\x00\xca\x03*\x00\x98\x07\xe2\x00\x03\x00\
\xca\x03\xb8\x00\x8e\x07\xe8\x00\x03\x00\xca\x03\x8f\x00\x84\x07\
\xee\x00\x03\x00\xca\x03*\x00z\x07\xf4\x00\x03\x00\xca\x03\
\x16\x00p\x07\xfa\x00\x03\x00\xca\x03\xa8\x00f\x08\x00\x00\
\x03\x00\xca\x03\x9d\x00\x5c\x08\x06\x00\x03\x00\xc4\xffZ\x00\
B\x08\x0c\x00\x03\x00\xca\x03\xd3\x00H\x08\x12\x00\x03\x00\
\xca\x03\x08\x00>\x08\x18\x00\x03\x00\xca\x03*\x004\x00\
\x00\x00\x03\x01F\x00\x00\x00\x0a\x00\x00\x00\x02\x00@\x80\
\x00\x00\x03\x00\xc4\x00\x00\x00\x0a\x00\x00\x00\x02\x00\x88\x80\
\x00\x00\x03\x00\xca\x02B\x00\x0a\x00\x00\x00\x02\x00\x85\x80\
\x00\x00\x03\x00\xdb\x03\xfe\x00(;\x14\x00\x03\x00\xdb\x04\
\x12\x00\x1e\x00\x00\x00\x03\x00\xd1\x00\x00\x03*\x00\x00\x00\
\x03\x00\xdb\x03*\x00\x0a\x00\x00\x00\x02\x00\xbc\x80\x00\x00\
\x03\x00\xf1\x03\xf0\x00B\x06\xd6\x00\x03\x00\xf2\x04&\x00\
\x0a\x06\xf6\x00\x02\x00\x91\x80\x00\x00\x03\x00\xf1\xffZ\x00\
(\x07l\x00\x03\x00\xf1\x04\x12\x00\x1e\x00\x00\x00\x03\x00\
\xf1\x00\x00\x00\x14\x00\x00\x00\x03\x00\xf1\x03*\x00\x0a\x00\
\x00\x00\x02\x00\x9d\x80\x00\x00\x03\x00\xf1\x00\x00\x00\x14\x00\
\x00\x00\x03\x00\xf1\x03*\x00\x0a\x00\x00\x00\x02\x00\x81\x80\
\x00\x00\x03\x01m\x04\x12\x00\x1e\x00\x00\x00\x03\x01m\x00\
\x00\x00\x14\x00\x00\x00\x03\x01m\x03*\x00\x0a\x00\x00\x00\
\x02\x00\x90\x80\x00\x00\x03\x00\xfd\x00\x00\x00\x14\x00\x00\x00\
\x03\x00\xfd\x03*\x00\x0a\x00\x00\x00\x02\x00\x8a\x80\x00\x00\
\x03\x01\x10\x04\x1b\x00\x8a\x06P\x00\x03\x01`\x04\x13\x00\
\x0a\x01\xd8\x00\x02\x00\x04\x80\x00\x00\x03\x01\x10\x03\xf0\x00\
p\x06\x1c\x00\x03\x01\x11\x04&\x00\x0a\x06<\x00\x02\x00\
\xba\x80\x00\x00\x03\x01\x10\xffZ\x00V\x06\xb2\x00\x03\x01\
\x10\x04\x12\x00L\x068\x00\x03\x01\x10\x03\xf0\x00B\x06\
\xbe\x00\x03\x01\x10\x04\x12\x008\x00\x00\x00\x03\x018\x00\
\x009\xc0\x00\x00\x00\x03\x01\x10\x00\x00\x00$\x00\x00\x00\
\x03\x01\xa6\x03*\x00\x0a\x00\x00\x00\x02\x01\x1b\x80\x00\x00\
\x03\x01\x10\x03*\x00\x0a\x00\x00\x00\x02\x00\xc7\x80\x00\x00\
\x03\x00\xce\x03\xfe\x00<9\xb6\x00\x03\x00\xce\xfe\xfb\x00\
2\x03\xb2\x00\x03\x00\xce\xff\x15\x00(\x05\x0a\x00\x03\x00\
\xce\x04\x12\x00\x1e\x00\x00\x00\x03\x00\xce\x00\x00\x00\x14\x00\
\x00\x00\x03\x00\xce\x03*\x00\x0a\x00\x00\x00\x02\x00\xe0\x80\
\x00\x00\x03\x00\xed\x03\xfe\x00<9t\x00\x03\x00\xed\xfe\
\xfb\x002\x03p\x00\x03\x00\xed\xff\x15\x00(\x04\xc8\x00\
\x03\x00\xed\x04\x12\x00\x1e\x00\x00\x00\x03\x00\xed\x00\x00\x00\
\x14\x00\x00\x00\x03\x00\xed\x03*\x00\x0a\x00\x00\x00\x02\x00\
\x97\x80\x00\x00\x03\x01\x04\x04\x12\x002\x05b\x00\x03\x01\
\x04\xfe\xfb\x00(\x03.\x00\x03\x01\x04\x04\x12\x00\x1e\x00\
\x00\x00\x03\x01\x04\x00\x00\x00\x14\x00\x00\x00\x03\x01\x04\x03\
*\x00\x0a\x00\x00\x00\x02\x00\xc1\x80\x00\x00\x03\x01\x0f\x00\
\x00\x00\x14\x00\x00\x00\x03\x01\x0f\x03*\x00\x0a\x00\x00\x00\
\x02\x00\xa8\x80\x00\x00\x03\x00\xf0\x03\xfe\x00\x1e8\xe0\x00\
\x03\x00\xf0\x00\x00\x00\x14\x00\x00\x00\x03\x00\xf0\x03*\x00\
\x0a\x00\x00\x00\x02\x00\xea\x80\x00\x00\x03\x01V\x00\x00\x00\
\x0a\x00\x00\x00\x02\x00+\x80\x00\x00\x03\x01\x91\x03*\x00\
\x0a\x00\x00\x00\x02\x00'\x80\x00\x00\x03\x01\x0e\x04\xd8\x00\
\xf0\x04\x8c\x00\x03\x01\x0e\x04\x12\x00\x1e\x00\x00\x00\x03\x01\
\x0e\x00\x00\x00\x14\x00\x00\x00\x03\x01\x0e\x03*\x00\x0a\x00\
\x00\x00\x02\x00\xb0\x80\x00\x00\x03\x01^\x04\x13\x00\x10\x00\
\x0a\x00\x02\x01\x04\x80\x00\x00\x02\x00\x02\x80\x00\x00\x03\x01\
\x0e\x03\xf0\x00\xac\x04H\x00\x03\x01\x0f\x04&\x00\xfe\x04\
h\x00\x03\x01\x0e\x04\xe6\x00\x988D\x00\x03\x01\x0e\x04\
\xfa\x00\x8e\x00\x00\x00\x03\x01\x0e\x04\x12\x00\x84\x04`\x00\
\x03\x01\x0e\x04\xa0\x00z\x04f\x00\x03\x01\x0e\x04w\x00\
p\x04l\x00\x03\x01\x0e\x04\x12\x00f\x04r\x00\x03\x01\
\x0e\xffZ\x00\x5c\x04\xa8\x00\x03\x01\x0e\x03\xfe\x00R\x04\
n\x00\x03\x01\x0e\x03\xf0\x00H\x04\xb4\x00\x03\x01\x0e\x04\
\x12\x00>\x00\x00\x00\x03\x016\x00\x00\x00\x0a\x00\x00\x00\
\x02\x00\xae\x80\x00\x00\x03\x01\x0e\x00\x00\x00$\x00\x00\x00\
\x03\x01N\x03*\x00\x0a\x00\x00\x00\x02\x00\xdc\x80\x00\x00\
\x03\x01\x0e\x03*\x00\x0a\x00\x00\x00\x02\x00\x93\x80\x00\x00\
\x03\x01\x08\x03\xf0\x002\x03\x96\x00\x03\x01\x08\xfe\xfb\x00\
(\x01\xa2\x00\x03\x01\x08\x04\x12\x00\x1e\x00\x00\x00\x03\x01\
\x08\x00\x00\x00\x14\x00\x00\x00\x03\x01\x08\x03*\x00\x0a\x00\
\x00\x00\x02\x00\xbe\x80\x00\x00\x03\x01J\x03\xfe\x00\x1e7\
n\x00\x03\x01J\x00\x00\x00\x14\x00\x00\x00\x03\x01J\x03\
*\x00\x0a\x00\x00\x00\x02\x00\x87\x80\x00\x00\x03\x00\xdf\xfe\
\xfb\x00\x1e\x01P\x00\x03\x00x\x04\x12\x004\x00\x00\x00\
\x03\x00\xdf\x00\x00\x00\x0a\x00\x00\x00\x02\x00\xe5\x80\x00\x00\
\x03\x01\x12\x03*\x00\x0a\x00\x00\x00\x02\x01G\x80\x00\x00\
\x03\x00x\x03*\x00\x0a\x00\x00\x00\x02\x00w\x80\x00\x00\
\x03\x00\xf8\xfe\xfb\x00\x1e\x01\x0c\x00\x03\x00\xf8\x04\x12\x00\
$\x00\x00\x00\x03\x00\xf8\x00\x00\x00\x0a\x00\x00\x00\x02\x00\
y\x80\x00\x00\x03\x00\xf8\x03*\x00\x0a\x00\x00\x00\x02\x00\
z\x80\x00\x00\x03\x00\xb5\x04\x12\x00$\x00\x00\x00\x03\x00\
\x97\x00\x00\x00\x0a\x00\x00\x00\x02\x00u\x80\x00\x00\x03\x00\
\xb5\x03*\x00\x0a\x00\x00\x00\x02\x00r\x80\x00\x00\x03\x00\
|\x03\xf0\x00p\x02\x98\x00\x03\x00}\x04&\x00\x0a\x02\
\xb8\x00\x02\x00N\x80\x00\x00\x03\x00|\xffZ\x00V\x03\
.\x00\x03\x00|\x03\xfe\x00L6\x84\x00\x03\x00|\x04\
\x12\x00B\x02\xaa\x00\x03\x00|\x03\xf0\x008\x030\x00\
\x03\x00|\x04\x12\x00.\x00\x00\x00\x03\x00}\x00\x00\x00\
\x0a\x00\x00\x00\x02\x00Y\x80\x00\x00\x03\x00|\x00\x00\x00\
\x14\x00\x00\x00\x03\x00|\x03*\x00\x0a\x00\x00\x00\x02\x00\
_\x80\x00\x00\x03\x01\x19\x04\x12\x00\x1e\x00\x00\x00\x03\x01\
\x19\x00\x00\x00\x14\x00\x00\x00\x03\x01\x19\x03*\x00\x0a\x00\
\x00\x00\x02\x00\xa4\x80\x00\x00\x03\x01\x0c\x03\xfe\x00B6\
\x0e\x00\x03\x01\x0c\xfe\xfb\x008\x00\x0a\x00\x02\x01K\x80\
\x00\x00\x03\x01\x0c\x03\xf0\x00(\x02\xb4\x00\x03\x01\x0c\x04\
\x12\x00\x1e\x00\x00\x00\x03\x01\x0c\x00\x00\x00\x14\x00\x00\x00\
\x03\x01\x0c\x03*\x00\x0a\x00\x00\x00\x02\x00\x8c\x80\x00\x00\
\x03\x00\xc4\x03\xfe\x00\x1e5\xc6\x00\x03\x00\xc4\x00\x00\x00\
\x14\x00\x00\x00\x03\x00\xc4\x03*\x00\x0a\x00\x00\x00\x02\x00\
\xcb\x80\x00\x00\x03\x00\xe4\x04\x12\x00\x1e\x00\x00\x00\x03\x00\
\xe4\x00\x00\x00\x14\x00\x00\x00\x03\x00\xe4\x03*\x00\x0a\x00\
\x00\x00\x02\x01\x0f\x80\x00\x00\x03\x00\xe0\x03\xf0\x00\x9e\x01\
n\x00\x03\x00\xe1\x04&\x00\x0a\x01\x8e\x00\x02\x00\xa7\x80\
\x00\x00\x03\x00\xe0\x03\xfe\x00\x845d\x00\x03\x00\xe0\x04\
\x12\x00z\x01\x8a\x00\x03\x00\xe0\x04\xa0\x00p\x01\x90\x00\
\x03\x00\xe0\x04w\x00f\x01\x96\x00\x03\x00\xe0\x04\x12\x00\
\x5c\x01\x9c\x00\x03\x00\xcc\xffZ\x00B\x01\xd2\x00\x03\x00\
\xe0\x03\xfe\x00H\x01\x98\x00\x03\x00\xe0\x03\xf0\x00>\x01\
\xde\x00\x03\x00\xe0\x04\x12\x004\x00\x00\x00\x03\x01<\x00\
\x00\x00\x0a\x00\x00\x00\x02\x00\xd5\x80\x00\x00\x03\x00\xcc\x00\
\x00\x00\x0a\x00\x00\x00\x02\x01\x12\x80\x00\x00\x03\x00\xe0\x03\
*\x00\x0a\x00\x00\x00\x02\x00\xb9\x80\x00\x00\x03\x01\x08\x03\
\xfe\x00(4\xda\x00\x03\x01\x08\x04\x12\x00\x1e\x00\x00\x00\
\x03\x01\x08\x00\x00\x00\x14\x00\x00\x00\x03\x01\x08\x03*\x00\
\x0a\x00\x00\x00\x02\x00\xc8\x80\x00\x00\x03\x01\x02\x03\xfe\x00\
>4\xac\x00\x03\x01\x02\xff\x15\x00$\x00\x0a\x00\x02\x01\
P\x80\x00\x00\x03\x01\x02\x04\x12\x00$\x00\x00\x00\x03\x01\
\x02\x00\x00\x00\x0a\x00\x00\x00\x02\x00\x8d\x80\x00\x00\x03\x01\
\x02\x03*\x00\x0a\x00\x00\x00\x02\x00\x8e\x80\x00\x00\x03\x01\
\x06\x03\xfe\x00\x1e4h\x00\x03\x01\x06\x00\x00\x00\x14\x00\
\x00\x00\x03\x01\x06\x03*\x00\x0a\x00\x00\x00\x02\x00x\x80\
\x00\x00\x03\x01Z\x04\x12\x00$\x00\x00\x00\x03\x01>\x00\
\x00\x00\x0a\x00\x00\x00\x02\x00\xd3\x80\x00\x00\x03\x01Z\x03\
*\x00\x0a\x00\x00\x00\x02\x00\xd4\x80\x00\x00\x03\x00\xf6\x03\
\xf0\x01\x14\x00\x0a\x00\x02\x00)\x80\x00\x00\x03\x00\xf6\x05\
\x03\x01\x04\x00\x14\x00\x03\x00\xf6\x04\x1b\x00\xfa\x00\x0a\x00\
\x01\x00\x0c\x80\x00\x00\x03\x00\xf7\x04&\x00\x10\x00\x0a\x00\
\x02\x00g\x80\x00\x00\x02\x00\x89\x80\x00\x00\x03\x00\xf6\x04\
\x12\x00\xd4\x00\x0a\x00\x01\x00\x0f\x80\x00\x00\x03\x00\xf6\x04\
\xa0\x00\xc4\x00\x0a\x00\x02\x00\x17\x80\x00\x00\x03\x00\xf6\x04\
w\x00\xb4\x00\x0a\x00\x02\x00\x12\x80\x00\x00\x03\x00\xf6\x04\
\x12\x00\xa4\x00\x0a\x00\x02\x00G\x80\x00\x00\x03\x00\xf6\x03\
\xfe\x00\x94\x00\x0a\x00\x02\x00i\x80\x00\x00\x03\x00\xf6\x04\
\x90\x00\x84\x00\x0a\x00\x02\x00&\x80\x00\x00\x03\x00\xf6\x04\
\x85\x00t\x00\x0a\x00\x02\x00M\x80\x00\x00\x03\x00\xf6\xff\
Z\x00T\x00\x0a\x00\x02\x01&\x80\x00\x00\x03\x00\xf6\x04\
\xbb\x00T\x00\x0a\x00\x02\x00\x19\x80\x00\x00\x03\x00\xf6\x03\
\xf0\x00D\x00\x0a\x00\x02\x01F\x80\x00\x00\x03\x00\xf6\x04\
\x12\x004\x00\x00\x00\x03\x01\xae\x00\x00\x00\x0a\x00\x00\x00\
\x02\x00n\x80\x00\x00\x03\x00\xf6\x00\x00\x00\x0a\x00\x00\x00\
\x02\x00\x94\x80\x00\x00\x03\x00\xf6\x03*\x00\x0a\x00\x00\x00\
\x02\x00\x95\x80\x00\x00\x02\x00C\x00\x01\x00%\x00\x00\x00\
(\x00(\x00%\x00*\x00*\x00&\x00.\x00A\x00\
'\x00C\x00O\x00;\x00Q\x00m\x00H\x00o\x00\
q\x00e\x00s\x00w\x00h\x00y\x00\x99\x00m\x00\
\x9b\x00\xa8\x00\x8e\x00\xaa\x00\xff\x00\x9c\x01\x01\x01\x03\x00\
\xf2\x01\x05\x01\x18\x00\xf5\x01\x1a\x01&\x01\x09\x01(\x01\
9\x01\x16\x01;\x01?\x01(\x01A\x01F\x01-\x01\
H\x01P\x013\x01R\x01r\x01<\x01t\x01\x81\x01\
]\x01\x84\x01\xb3\x01k\x01\xbd\x01\xbd\x01\x9b\x01\xbf\x01\
\xc1\x01\x9c\x01\xc7\x01\xd1\x01\x9f\x01\xd3\x01\xd5\x01\xaa\x01\
\xd7\x01\xdb\x01\xad\x01\xdd\x01\xde\x01\xb2\x01\xe4\x01\xe4\x01\
\xb4\x01\xe8\x01\xe8\x01\xb5\x01\xea\x01\xec\x01\xb6\x01\xf4\x01\
\xf4\x01\xb9\x01\xf6\x01\xf6\x01\xba\x01\xf9\x01\xfa\x01\xbb\x02\
\x02\x02\x05\x01\xbd\x02\x07\x02\x08\x01\xc1\x02\x0b\x02\x0f\x01\
\xc3\x02\x11\x02\x11\x01\xc8\x02\x13\x02(\x01\xc9\x02+\x02\
,\x01\xdf\x02.\x02.\x01\xe1\x020\x021\x01\xe2\x02\
3\x023\x01\xe4\x026\x027\x01\xe5\x029\x029\x01\
\xe7\x02=\x02G\x01\xe8\x02K\x02K\x01\xf3\x02M\x02\
N\x01\xf4\x02P\x02Q\x01\xf6\x02S\x02T\x01\xf8\x02\
Z\x02Z\x01\xfa\x02^\x02^\x01\xfb\x02`\x02b\x01\
\xfc\x02j\x02j\x01\xff\x02l\x02l\x02\x00\x02o\x02\
o\x02\x01\x02{\x02{\x02\x02\x02}\x02\x82\x02\x03\x02\
\x84\x02\x85\x02\x09\x02\x8b\x02\x9e\x02\x0b\x02\xa1\x02\xa2\x02\
\x1f\x02\xa4\x02\xa4\x02!\x02\xa6\x02\xa6\x02\x22\x02\xe9\x02\
\xe9\x02#\x02\xfb\x02\xfc\x02$\x03\x03\x03\x05\x02&\x03\
\x0a\x03\x0b\x02)\x03\x11\x03\x12\x02+\x00!\x00\x00\x00\
\xcc\x00\x00\x00\xc6\x00\x00\x00\xc6\x00\x00\x00\xc6\x00\x00\x00\
\xc6\x00\x00\x00\xb6\x00\x00\x00\xb6\x00\x00\x00\xa6\x00\x00\x00\
\xc6\x00\x00\x00\xc6\x00\x00\x00\xc6\x00\x00\x00\xc6\x00\x00\x00\
\xc6\x00\x00\x00\xc6\x00\x00\x00\xc6\x00\x01\x00\xc6\x00\x02\x00\
\xa0\x00\x02\x00\xa0\x00\x02\x00\x90\x00\x02\x00\xa0\x00\x03\x00\
\xa0\x00\x02\x00\x86\x00\x02\x00\xa0\x00\x00\x00\xa6\x00\x00\x00\
\xa6\x00\x00\x00\xa6\x00\x00\x00\xc6\x00\x00\x00\xc6\x00\x00\x00\
\xc6\x00\x00\x00\xc6\x00\x00\x00\xc6\x00\x00\x00\xc6\x00\x01\x00\
\xc6\x00\x03\xff\xff\x00\x00\x00*\x00\x00\x00\x03\x00\x00\x00\
\x00\x00\x00\x00\x0a\x00\x01\x00\x0b\x80\x00\x00\x01\x00\x00\x00\
\x00\x00\x03\xff\xff\x02B\x00\x0a\x00\x00\x00\x02\x00\xdf\x80\
\x00\x00\x03\x00\x00\x02B\x00\x0a\x00\x00\x00\x03\x00\x01\x80\
\x00\x00\x01\x00\x00\x02B\x00\x03\x00\x00\x02B\x00\x0a\x00\
\x00\x00\x00\x00\x05\x80\x00\x00\x02\x00\x03\x032\x036\x00\
\x00\x038\x03I\x00\x05\x03K\x03T\x00\x17\x00\x02\x00\
\x08\x00\x026\xaa\x00\x0a\x00\x02.\x90\x00D\x00\x003\
N0\x98\x00>\x000\x00\x00\x00\x00\x00\x00\x00\x00\x00\
\x00\x00\x00\x00\x00\x00\x00\x00\x00\x00\x00\x00\x00\x00\x00\xff\
\xfbT\x88\x00\x00\x00\x00\x00\x00\x00\x00\x00\x00\x00\x00\x00\
\x00\x00\x00\x00\x00\x00\x00\x00\x00\x00\x00\xff\xf9l\xea\x00\
\x00\x00\x00\x00\x00\x00\x00\x00\x00\x00\x00\x00\x00\x00\x00\x00\
\x00\x00\x00\x00\x00\x00\x00\xff\xfdl\xf8\xff\xf6l6\x00\
\x00\x00\x00\x00\x00\x00\x00\x00\x00\x00\x00\xff\xfdl\xf8\x00\
\x00\x00\x00\xff\xf9l\xea\x00\x00\x00\x00\x00\x00\x00\x00\x00\
\x00\x00\x00\x00\x00\x00\x00\x00\x00\x00\x00\xff\xf3l\xe4\xff\
\xfdl\xf8\x00\x00\x00\x00\x00\x00\x00\x00\x00\x00\x00\x00\x00\
\x00\x00\x00\x00\x00\x00\x00\x00\x00\x00\x00\x00\x00j(\x00\
\x00\x00\x00\x00\x00\x00\x00\x00\x00\x00\x00\x00\x00\x00\x00\x00\
\x00\x00\x00\x00\x00\x00\x00\x00\x00\x00\x00\x00\x00\x00\x00\x00\
\x00\x00\x00\x00\x00\x00\x00\x00\x00\x00\x00\x00\x000\x92\x00\
\x00\x00\x00\x00\x00\x00\x00\x00\x00\x00\x00\x00\x00\x00\x00\x00\
\x00\x00\x00\x00\x00\x00\x00\x00\x00\x00\x00\xff\xc4g\x06\x00\
\x00\x00\x00\x00\x00\x00\x00\xff\xffmd\x00\x00\x00\x00\x00\
\x00\x00\x00\x00\x00\x00\x00\xff\xc1M\xe2\xff\xe9l\xe4\x00\
\x00\x00\x00\xff\xe5I \xff\xffmd\x00\x00\x00\x00\x00\
\x00\x00\x00\xff\xf9m^\x00\x00\x00\x00\x00\x00\x00\x00\x00\
\x00\x00\x00\x00\x00\x00\x00\xff\xfdl<\x00\x00\x00\x00\x00\
\x00\x00\x00\x00\x00\x00\x00\x00\x00\x00\x00\x00\x00\x00\x00\x00\
\x00\x00\x00\x00\x00\x00\x00\x00\x00\x00\x00\xff\xee0\x8c\x00\
\x00\x00\x00\x00\x00\x00\x00\x00\x00\x00\x00\x00\x00\x00\x00\x00\
\x00\x00\x00\x00\x00\x00\x00\x00\x00\x00\x00\x00\x00\x00\x00\x00\
\x00\x00\x00\x00\x00\x00\x00\xff\xfbT\x88\x00\x00\x00\x00\x00\
\x00\x00\x00\xff\xfdl\xf8\x00\x00\x00\x00\x00\x00\x00\x00\x00\
\x00\x00\x00\x00\x00\x00\x00\xff\xf0N\xfe\xff\xd8O\xfe\xff\
\xf2G\x1e\x00\x00\x00\x00\x00\x00\x00\x00\x00\x00\x00\x00\xff\
\xfdl\xf8\x00\x00\x00\x00\xff\xd7gN\xff\xc1l\xf8\xff\
\xf5X\x8e\xff\xe5lH\xff\xf0Z\xf0\x00\x00\x00\x00\x00\
\x00\x00\x00\x00\x00\x00\x00\x00\x00\x00\x00\x00\x00\x00\x00\x00\
\x00\x00\x00\x00\x00\x00\x00\x00\x00\x00\x00\x00\x00\x00\x00\x00\
\x00\x00\x00\x00\x00\x00\x00\x00\x00\x00\x00\x00\x00\x00\x00\x00\
\x00\x00\x00\x00\x00\x00\x00\x00\x00\x00\x00\xff\xc40\x86\x00\
\x00\x00\x00\x00\x00\x00\x00\x00\x00\x00\x00\x00\x00\x00\x00\x00\
\x00\x00\x00\x00\x00\x00\x00\x00\x00\x00\x00\x00\x00\x00\x00\x00\
\x00\x00\x00\x00\x00\x00\x00\x00\x00\x00\x00\x00\x00\x00\x00\x00\
\x00\x00\x00\x00\x00\x00\x00\x00\x00\x00\x00\x00\x00\x00\x00\x00\
\x00\x00\x00\x00\x00\x00\x00\x00\x00\x00\x00\xff\xbbI\xda\xff\
\xfelb\x00\x00\x00\x00\x00\x00\x00\x00\x00\x00\x00\x00\x00\
\x00\x00\x00\x00\x00\x00\x00\xff\xc6I\xe0\xff\xe5l\xea\xff\
\xffmd\xff\xe2I\xd4\xff\xfcN\xfe\x00\x00\x00\x00\x00\
\x00\x00\x00\x00\x00\x00\x00\x00\x00\x00\x00\x00\x00\x00\x00\x00\
\x00\x00\x00\x00\x00\x00\x00\x00\x00\x00\x00\x00\x00\x00\x00\x00\
\x00\x00\x00\x00\x00\x00\x00\x00\x00\x00\x00\x00\x00\x00\x00\x00\
\x00\x00\x00\x00\x00\x00\x00\x00\x00\x00\x00\xff\xf6g\xf0\x00\
\x00\x00\x00\x00\x00\x00\x00\x00\x00\x00\x00\x00\x00\x00\x00\x00\
\x00\x00\x00\x00\x00\x00\x00\x00\x00\x00\x00\x00\x00\x00\x00\x00\
\x00\x00\x00\x00\x00\x00\x00\x00\x00\x00\x00\x00\x00\x00\x00\x00\
\x00\x00\x00\x00\x00\x00\x00\x00\x00\x00\x00\x00\x00\x00\x00\x00\
\x00\x00\x00\x00\x00\x00\x00\x00\x00\x00\x00\x00\x00\x00\x00\x00\
\x00\x00\x00\xff\xf8N\xfe\x00\x00\x00\x00\x00\x00\x00\x00\x00\
\x00\x00\x00\x00\x00\x00\x00\x00\x00\x00\x00\x00\x00\x00\x00\x00\
\x00\x00\x00\x00\x00\x00\x00\x00\x00\x00\x00\x00\x00\x00\x00\x00\
\x00\x00\x00\x00\x00\x00\x00\x00\x00\x00\x00\x00\x00\x00\x00\x00\
\x00\x00\x00\x00\x00\x00\x00\x00\x00\x00\x00\x00\x00\x00\x00\x00\
\x00\x00\x00\x00\x00\x00\x00\x00\x00\x00\x00\xff\xfdl\xf8\x00\
\x00\x00\x00\x00\x00\x00\x00\x00\x00\x00\x00\x00\x00\x00\x00\x00\
\x00\x00\x00\xff\xfbT\x88\x00\x00\x00\x00\x00\x00\x00\x00\x00\
\x00\x00\x00\x00\x00\x00\x00\x00\x00\x00\x00\x00\x00\x00\x00\x00\
\x00\x00\x00\x00\x00\x00\x00\x00\x00\x00\x00\x00\x00\x00\x00\x00\
\x00\x00\x00\x00\x00\x00\x00\x00\x00\x00\x00\x00\x00\x00\x00\x00\
\x00\x00\x00\x00\x00\x00\x00\x00\x00\x00\x00\xff\xcaI\x8a\x00\
\x00\x00\x00\x00\x00\x00\x00\x00\x00\x00\x00\x00\x00\x00\x00\x00\
\x00\x00\x00\x00\x00\x00\x00\xff\xc1M\xe2\xff\xf9m^\x00\
\x00\x00\x00\xff\xf8N\xfe\xff\xffmd\x00\x00\x00\x00\x00\
\x00\x00\x00\x00\x00\x00\x00\x00\x00\x00\x00\x00\x00\x00\x00\x00\
\x00\x00\x00\x00\x00\x00\x00\xff\xfdl<\x00\x00\x00\x00\x00\
\x00\x00\x00\x00\x00\x00\x00\x00\x00\x00\x00\x00\x00\x00\x00\x00\
\x00\x00\x00\x00\x00\x00\x00\x00\x00\x00\x00\x00\x00\x00\x00\x00\
\x00\x00\x00\x00\x00\x00\x00\x00\x00\x00\x00\x00\x00\x00\x00\x00\
\x00\x00\x00\x00\x00\x00\x00\x00\x00\x00\x00\x00\x00\x00\x00\x00\
\x00\x00\x00\x00\x00\x00\x00\x00\x00\x00\x00\x00\x00\x00\x00\xff\
\xfdl\xf8\x00\x00\x00\x00\x00\x00\x00\x00\x00\x00\x00\x00\x00\
\x00\x00\x00\x00\x00\x00\x00\x00\x00\x00\x00\x00\x00\x00\x00\x00\
\x00\x00\x00\x00\x00\x00\x00\x00\x00\x00\x00\x00\x00\x00\x00\x00\
\x00\x00\x00\x00\x00\x00\x00\x00\x00\x00\x00\x00\x00\x00\x00\x00\
\x00\x00\x00\x00\x00\x00\x00\x00\x00\x00\x00\x00\x00\x00\x00\x00\
\x00\x00\x00\xff\xf9l\xea\x00\x00\x00\x00\x00\x00\x00\x00\x00\
\x00\x00\x00\x00\x00\x00\x00\x00\x00\x00\x00\xff\xf3l\xe4\x00\
\x00\x00\x00\x00\x00\x00\x00\x00\x00\x00\x00\x00\x00\x00\x00\x00\
\x00\x00\x00\x00\x00\x00\x00\x00\x00\x00\x00\x00\x00\x00\x00\x00\
\x00\x00\x00\x00\x00\x00\x00\x00\x00\x00\x00\x00\x00\x00\x00\x00\
\x00\x00\x00\x00\x00\x00\x00\x00\x00\x00\x00\x00\x00\x00\x00\x00\
\x00\x00\x00\x00\x00\x00\x00\x00\x00\x00\x00\x00\x00\x00\x00\x00\
\x00\x00\x00\x00\x00\x00\x00\x00\x00\x00\x00\x00\x00\x00\x00\x00\
\x00\x00\x00\x00\x00\x00\x00\x00\x00\x00\x00\xff\xd4G\x1e\x00\
\x00\x00\x00\x00\x00\x00\x00\x00\x00\x00\x00\x00\x00\x00\x00\x00\
\x00\x00\x00\x00\x00\x00\x00\xff\xc9lT\xff\xf6l6\x00\
\x00\x00\x00\xff\xfdgN\x00\x00\x00\x00\x00\x00\x00\x00\x00\
\x00\x00\x00\x00\x00\x00\x00\x00\x00\x00\x00\x00\x00\x00\x00\x00\
\x00\x00\x00\x00\x00\x00\x00\x00\x00\x00\x00\x00\x00\x00\x00\x00\
\x00\x00\x00\x00\x00\x00\x00\x00\x00\x00\x00\x00\x00\x00\x00\x00\
\x00\x00\x00\x00\x00\x00\x00\x00\x00\x00\x00\x00\x00\x00\x00\x00\
\x00\x00\x00\x00\x00\x00\x00\x00\x00\x00\x00\x00\x00\x00\x00\x00\
\x00\x00\x00\x00\x00\x00\x00\x00\x00\x00\x00\x00\x00\x00\x00\xff\
\xfcl\xb6\x00\x00\x00\x00\x00\x00\x00\x00\x00\x00\x00\x00\x00\
\x00\x00\x00\x00\x00\x00\x00\x00\x00\x00\x00\x00\x00\x00\x00\x00\
\x00\x00\x00\x00\x00\x00\x00\x00\x00\x00\x00\x00\x00\x00\x00\x00\
\x00\x00\x00\x00\x00\x00\x00\xff\xfcl\xb6\x00\x00\x00\x00\x00\
\x00\x00\x00\xff\xfcl\xb6\x00\x00\x00\x00\x00\x00\x00\x00\x00\
\x00\x00\x00\x00\x00\x00\x00\x00\x00\x00\x00\x00\x00\x00\x00\x00\
\x00\x00\x00\x00\x00\x00\x00\x00\x00\x00\x00\x00\x00\x00\x00\x00\
\x00\x00\x00\x00\x00\x00\x00\x00\x00\x00\x00\x00\x00\x00\x00\x00\
\x00\x00\x00\x00\x00\x00\x00\x00\x00\x00\x00\x00\x00\x00\x00\x00\
\x00\x00\x00\x00\x00\x00\x00\x00\x00\x00\x00\x00\x00\x00\x00\x00\
\x00\x00\x00\x00\x00\x00\x00\x00\x00\x00\x00\x00\x00\x00\x00\x00\
\x00\x00\x00\x00\x00\x00\x00\x00\x00\x00\x00\x00\x00\x00\x00\x00\
\x00\x00\x00\x00\x00\x00\x00\x00\x00\x00\x00\x00\x00\x00\x00\x00\
\x00\x00\x00\x00\x00\x00\x00\x00\x00\x00\x00\x00\x00\x00\x00\x00\
\x00\x00\x00\x00\x00\x00\x00\x00\x00\x00\x00\x00\x00\x00\x00\x00\
\x00\x00\x00\xff\xc1M\xe2\x00\x00\x00\x00\xff\xffmd\x00\
\x00\x00\x00\x00\x00\x00\x00\x00\x00\x00\x00\xff\xe9l\xe4\x00\
\x00\x00\x00\x00\x00\x00\x00\x00\x00\x00\x00\x00\x00\x00\x00\xff\
\xfdlT\xff\xf9m^\x00\x00\x00\x00\x00\x00\x00\x00\x00\
\x00j(\xff\xf3Z\xd6\x00\x00\x00\x00\x00\x00\x00\x00\x00\
\x00\x00\x00\x00\x00\x00\x00\x00\x00\x00\x00\xff\xc4g\x06\x00\
\x00\x00\x00\x00\x00\x00\x00\x00\x00\x00\x00\x00\x00\x00\x00\x00\
\x00\x00\x00\x00\x00\x00\x00\x00\x00\x00\x00\xff\xe5I \x00\
\x00\x00\x00\xff\xfdl<\x00\x00\x00\x00\x00\x00\x00\x00\x00\
\x00\x00\x00\x00\x00\x00\x00\x00\x00\x00\x00\x00\x00\x00\x00\x00\
\x00\x00\x00\x00\x00\x00\x00\x00\x00\x00\x00\x00\x00\x00\x00\x00\
\x00\x00\x00\x00\x00\x00\x00\x00\x00\x00\x00\xff\xd1l\xea\x00\
\x00\x00\x00\x00\x00\x00\x00\x00\x00\x00\x00\x00\x00\x00\x00\x00\
\x00\x00\x00\x00\x00\x00\x00\xff\xc7m^\xff\xe2l6\x00\
\x00\x00\x00\xff\xf3l\xf8\x00\x00\x00\x00\x00\x00\x00\x00\x00\
\x00\x00\x00\x00\x00\x00\x00\x00\x00\x00\x00\x00\x00\x00\x00\x00\
\x00\x00\x00\x00\x00\x00\x00\x00\x00\x00\x00\x00\x00\x00\x00\x00\
\x00\x00\x00\x00\x00\x00\x00\x00\x00\x00\x00\x00\x00\x00\x00\x00\
\x00\x00\x00\x00\x00\x00\x00\x00\x00\x00\x00\x00\x00\x00\x00\x00\
\x00\x00\x00\x00\x00\x00\x00\x00\x00\x00\x00\x00\x00\x00\x00\x00\
\x00\x00\x00\x00\x00\x00\x00\x00\x00\x00\x00\x00\x00\x00\x00\x00\
\x00\x00\x00\x00\x00\x00\x00\x00\x00\x00\x00\x00\x00\x00\x00\x00\
\x00\x00\x00\x00\x00\x00\x00\x00\x00\x00\x00\x00\x00\x00\x00\x00\
\x00\x00\x00\x00\x00\x00\x00\x00\x00\x00\x00\x00\x00\x00\x00\x00\
\x00\x00\x00\xff\xfdl\xf8\x00\x00\x00\x00\x00\x00\x00\x00\x00\
\x00\x00\x00\x00\x00\x00\x00\x00\x00\x00\x00\xff\xf6l6\x00\
\x00\x00\x00\x00\x00\x00\x00\x00\x00\x00\x00\x00\x00\x00\x00\x00\
\x00\x00\x00\xff\xf9l\xea\x00\x00\x00\x00\xff\xfbT\x88\xff\
\xf9l\xea\x00\x00\x00\x00\x00\x00\x00\x00\x00\x00\x00\x00\x00\
\x00\x00\x00\x00\x00\x00\x00\x00\x00\x00\x00\xff\xf9l\xea\x00\
\x00\x00\x00\x00\x00\x00\x00\x00\x00\x00\x00\x00\x00\x00\x00\x00\
\x00\x00\x00\x00\x00\x00\x00\xff\xfdl\xf8\x00\x00\x00\x00\x00\
\x00\x00\x00\x00\x00\x00\x00\x00\x00\x00\x00\x00\x00\x00\x00\x00\
\x00\x00\x00\x00\x00\x00\x00\x00\x00\x00\x00\x00\x00\x00\x00\x00\
\x00\x00\x00\x00\x00\x00\x00\x00\x00\x00\x00\xff\xf3X\x8e\x00\
\x00\x00\x00\x00\x00\x00\x00\x00\x00\x00\x00\x00\x00\x00\x00\x00\
\x00\x00\x00\x00\x00\x00\x00\x00\x00\x00\x00\xff\xfdl<\x00\
\x00\x00\x00\x00\x00\x00\x00\x00\x00\x00\x00\x00\x00\x00\x00\x00\
\x00\x00\x00\x00\x00\x00\x00\x00\x00\x00\x00\x00\x00\x00\x00\xff\
\xfblH\x00\x00\x00\x00\x00\x00\x00\x00\x00\x00\x00\x00\x00\
\x00\x00\x00\x00\x00\x00\x00\x00\x00\x00\x00\x00\x00\x00\x00\x00\
\x00\x00\x00\x00\x00\x00\x00\xff\xeel\xc4\x00\x00\x00\x00\x00\
\x00\x00\x00\x00\x00\x00\x00\x00\x00\x00\x00\x00\x00\x00\x00\x00\
\x00\x00\x00\xff\xf9N\xd0\x00\x00\x00\x00\x00\x00\x00\x00\xff\
\xfcl\xb6\x00\x00\x00\x00\x00\x00\x00\x00\x00\x00\x00\x00\x00\
\x00\x00\x00\x00\x00\x00\x00\x00\x00\x00\x00\xff\xfbT\x88\xff\
\xefl\xea\x00\x00\x00\x00\x00\x00\x00\x00\x00\x00\x00\x00\x00\
\x00\x00\x00\x00\x00\x00\x00\x00\x00\x00\x00\xff\xdfl\xf8\x00\
\x00\x00\x00\x00\x00\x00\x00\xff\xfcG\x1e\x00\x00\x00\x00\x00\
\x00\x00\x00\x00\x00\x00\x00\xff\xbagH\x00\x00\x00\x00\x00\
\x00\x00\x00\xff\xf6g\xf0\x00\x00\x00\x00\xff\xec\x00\x00\x00\
\x00\x00\x00\xff\xe3Z`\x00\x00\x00\x00\x00\x00\x00\x00\x00\
\x00\x00\x00\x00\x00\x00\x00\x00\x00\x00\x00\x00\x00\x00\x00\xff\
\xf6l6\x00\x00\x00\x00\x00\x00\x00\x00\x00\x00\x00\x00\x00\
\x00\x00\x00\x00\x00\x00\x00\x00\x00\x00\x00\x00\x00\x00\x00\x00\
\x00\x00\x00\x00\x00\x00\x00\x00\x00\x00\x00\x00\x00\x00\x00\x00\
\x00\x00\x00\x00\x00\x00\x00\x00\x00\x00\x00\x00\x00\x00\x00\xff\
\xc4g\x06\x00\x00\x00\x00\xff\xf9l\xea\xff\xba0\x80\xff\
\xd8O\xfe\x00\x00\x00\x00\xff\xd4G\x1e\x00\x00\x00\x00\xff\
\xd1l\xea\x00\x00\x00\x00\xff\xe5l\xea\x00\x00\x00\x00\xff\
\xe2\x00\x00\x00\x00\x00\x00\xff\xc6Z\xf0\x00\x00\x00\x00\xff\
\xfdl\xf8\xff\xd1gN\x00\x00\x00\x00\x00\x00\x00\x00\x00\
\x00\x00\x00\x00\x00\x00\x00\xff\xddgN\x00\x00\x00\x00\x00\
\x00\x00\x00\xff\xbeL\xa6\xff\xe5l\xea\x00\x00\x00\x00\x00\
\x00\x00\x00\x00\x00\x00\x00\x00\x00\x00\x00\xff\xc1l\xe4\xff\
\xecgH\xff\xfdl\xf8\x00\x00\x00\x00\x00\x00\x00\x00\xff\
\xd1l\xea\x00\x00\x00\x00\x00\x00\x00\x00\xff\xee0z\xff\
\xd7O\xfe\x00\x00\x00\x00\x00\x00\x00\x00\x00\x00\x00\x00\x00\
\x00\x00\x00\x00\x00\x00\x00\x00\x00\x00\x00\x00\x00\x00\x00\xff\
\xf8l\xb6\x00\x00\x00\x00\x00\x00\x00\x00\x00\x00\x00\x00\x00\
\x00\x00\x00\x00\x00\x00\x00\x00\x00\x00\x00\x00\x00\x00\x00\x00\
\x00\x00\x00\x00\x00\x00\x00\x00\x00\x00\x00\xff\xe5l\xea\x00\
\x00\x00\x00\x00\x00\x00\x00\xff\xfdl\xf8\x00\x00\x00\x00\x00\
\x00\x00\x00\x00\x00\x00\x00\xff\xcdP\x04\x00\x00\x00\x00\x00\
\x00\x00\x00\xff\xf9m^\x00\x00\x00\x00\x00\x00\x00\x00\x00\
\x00\x00\x00\x00\x00\x00\x00\x00\x00\x00\x00\x00\x00\x00\x00\x00\
\x00\x00\x00\x00\x00\x00\x00\x00\x00\x00\x00\x00\x00\x00\x00\x00\
\x00\x00\x00\x00\x00\x00\x00\x00\x00\x00\x00\x00\x00\x00\x00\x00\
\x00\x00\x00\x00\x00\x00\x00\x00\x00\x00\x00\x00\x00\x00\x00\x00\
\x00\x00\x00\x00\x00\x00\x00\x00\x00\x00\x00\x00\x00\x00\x00\x00\
\x00\x00\x00\x00\x00\x00\x00\x00\x00\x00\x00\x00\x00\x00\x00\xff\
\xfblT\x00\x00\x00\x00\x00\x00\x00\x00\x00\x000t\x00\
\x00\x00\x00\x00\x00\x00\x00\xff\xffl\xf8\x00\x00\x00\x00\x00\
\x00\x00\x00\x00\x00\x00\x00\x00\x00\x00\x00\xff\xf6\x00\x00\x00\
\x05F\xce\x00\x00\x00\x00\xff\xf5F\xce\x00\x00\x00\x00\x00\
\x00\x00\x00\x00\x00\x00\x00\xff\xdbj\x22\x00\x00\x00\x00\x00\
\x03m^\x00\x00\x00\x00\x00\x03m^\xff\xf9m^\x00\
\x00\x00\x00\x00\x00\x00\x00\x00\x00\x00\x00\x00\x00\x00\x00\x00\
\x00\x00\x00\x00\x00\x00\x00\x00\x0a0n\x00\x00\x00\x00\x00\
\x00\x00\x00\x00\x00\x00\x00\x00\x00\x00\x00\x00\x00\x00\x00\x00\
\x00\x00\x00\xff\xffl\xf8\x00\x00\x00\x00\x00\x00\x00\x00\x00\
\x00\x00\x00\x00\x00\x00\x00\x00\x00\x00\x00\x00\x00\x00\x00\x00\
\x00\x00\x00\x00\x00\x00\x00\x00\x00\x00\x00\x00\x00\x00\x00\x00\
\x00\x00\x00\x00\x00\x00\x00\x00\x00\x00\x00\x00\x00\x00\x00\x00\
\x00\x00\x00\x00\x00\x00\x00\x00\x00\x00\x00\x00\x00\x00\x00\x00\
\x00\x00\x00\x00\x00\x00\x00\x00\x00\x00\x00\xff\xf4gN\x00\
\x00\x00\x00\x00\x00\x00\x00\x00\x00\x00\x00\x00\x00\x00\x00\x00\
\x00\x00\x00\x00\x00\x00\x00\xff\xf2X\x8e\xff\xf6l6\x00\
\x00\x00\x00\xff\xffX\x8e\x00\x00\x00\x00\x00\x00\x00\x00\x00\
\x00\x00\x00\x00\x00\x00\x00\x00\x00\x00\x00\x00\x00\x00\x00\x00\
\x00\x00\x00\x00\x00\x00\x00\x00\x00\x00\x00\x00\x00\x00\x00\x00\
\x00\x00\x00\x00\x00\x00\x00\x00\x00\x00\x00\x00\x00\x00\x00\x00\
\x00\x00\x00\x00\x00\x00\x00\x00\x00\x00\x00\x00\x00\x00\x00\x00\
\x00\x00\x00\x00\x00\x00\x00\x00\x00\x00\x00\x00\x00\x00\x00\x00\
\x00\x00\x00\x00\x00\x00\x00\x00\x00\x00\x00\x00\x00\x00\x00\x00\
\x00\x00\x00\x00\x00\x00\x00\x00\x00\x00\x00\x00\x00\x00\x00\xff\
\xfdl\xf8\x00\x00\x00\x00\x00\x00\x00\x00\x00\x00\x00\x00\x00\
\x00\x00\x00\x00\x00\x00\x00\x00\x00\x00\x00\xff\xfdl\xf8\x00\
\x00\x00\x00\x00\x00\x00\x00\x00\x00\x00\x00\x00\x00\x00\x00\xff\
\xf9l\xea\x00\x00\x00\x00\x00\x00\x00\x00\x00\x00\x00\x00\x00\
\x00\x00\x00\x00\x00\x00\x00\x00\x00\x00\x00\x00\x00\x00\x00\x00\
\x00\x00\x00\x00\x00\x00\x00\x00\x00\x00\x00\x00\x00\x00\x00\x00\
\x00\x00\x00\x00\x00\x00\x00\x00\x00\x00\x00\x00\x00\x00\x00\x00\
\x00\x00\x00\xff\xfdl\xf8\x00\x00\x00\x00\x00\x00\x00\x00\x00\
\x00\x00\x00\x00\x00\x00\x00\x00\x00\x00\x00\xff\xe50h\x00\
\x00\x00\x00\x00\x00\x00\x00\x00\x00\x00\x00\x00\x00\x00\x00\x00\
\x00\x00\x00\x00\x00\x00\x00\x00\x00\x00\x00\x00\x00\x00\x00\x00\
\x00\x00\x00\x00\x00\x00\x00\x00\x00\x00\x00\x00\x00\x00\x00\x00\
\x00\x00\x00\x00\x00\x00\x00\x00\x00\x00\x00\x00\x00\x00\x00\x00\
\x00\x00\x00\x00\x00\x00\x00\x00\x00\x00\x00\x00\x00\x00\x00\x00\
\x00\x00\x00\xff\xc1M\xe2\x00\x00\x00\x00\xff\xffmd\x00\
\x00\x00\x00\x00\x00\x00\x00\x00\x00\x00\x00\xff\xf9m^\x00\
\x00\x00\x00\x00\x00\x00\x00\x00\x00\x00\x00\x00\x00\x00\x00\x00\
\x00\x00\x00\x00\x00\x00\x00\x00\x00\x00\x00\x00\x00\x00\x00\x00\
\x00\x00\x00\xff\xf8Z\xf0\x00\x00\x00\x00\x00\x00\x00\x00\x00\
\x00\x00\x00\x00\x00\x00\x00\x00\x00\x00\x00\xff\xcaI\x8a\x00\
\x00\x00\x00\x00\x00\x00\x00\x00\x00\x00\x00\x00\x00\x00\x00\x00\
\x00\x00\x00\x00\x00\x00\x00\x00\x00\x00\x00\xff\xf8N\xfe\x00\
\x00\x00\x00\xff\xfdl<\x00\x00\x00\x00\x00\x00\x00\x00\x00\
\x00\x00\x00\x00\x00\x00\x00\x00\x00\x00\x00\x00\x00\x00\x00\x00\
\x00\x00\x00\x00\x00\x00\x00\x00\x00\x00\x00\x00\x00\x00\x00\x00\
\x00\x00\x00\x00\x00\x00\x00\x00\x00\x00\x00\xff\xc6N\xfe\x00\
\x00\x00\x00\x00\x00\x00\x00\x00\x00\x00\x00\x00\x00\x00\x00\x00\
\x00\x00\x00\x00\x00\x00\x00\xff\xc3Z,\xff\xf3l\xe4\x00\
\x00\x00\x00\xff\xf9m^\x00\x00\x00\x00\x00\x00\x00\x00\x00\
\x00\x00\x00\x00\x00\x00\x00\x00\x00\x00\x00\x00\x00\x00\x00\x00\
\x00\x00\x00\x00\x00\x00\x00\x00\x00\x00\x00\x00\x00\x00\x00\x00\
\x00\x00\x00\x00\x00\x00\x00\x00\x00\x00\x00\x00\x00\x00\x00\x00\
\x00\x00\x00\x00\x00\x00\x00\x00\x00\x00\x00\x00\x000b\x00\
\x00\x00\x00\x00\x00\x00\x00\x00\x00\x00\x00\x00\x00\x00\x00\x00\
\x00\x00\x00\x00\x00\x00\x00\x00\x00\x00\x00\x00\x00\x00\x00\x00\
\x00\x00\x00\x00\x00\x00\x00\x00\x00\x00\x00\x00\x00\x00\x00\x00\
\x00\x00\x00\x00\x00\x00\x00\x00\x00\x00\x00\x00\x00\x00\x00\x00\
\x00\x00\x00\x00\x00\x00\x00\x00\x00\x00\x00\x00\x00\x00\x00\x00\
\x00\x00\x00\xff\xc1M\xe2\x00\x00\x00\x00\x00\x00\x00\x00\x00\
\x00\x00\x00\x00\x00\x00\x00\x00\x00\x00\x00\x00\x00\x00\x00\x00\
\x00\x00\x00\x00\x00\x00\x00\x00\x00\x00\x00\x00\x00\x00\x00\xff\
\xfaG\x1e\xff\xedY\x9e\x00\x00\x00\x00\xff\xf3l\xf8\xff\
\xe2`l\x00\x00\x00\x00\x00\x00\x00\x00\x00\x00\x00\x00\x00\
\x00\x00\x00\x00\x00\x00\x00\x00\x00\x00\x00\xff\xdfl\xf8\x00\
\x00\x00\x00\x00\x00\x00\x00\x00\x00\x00\x00\x00\x00\x00\x00\x00\
\x00\x00\x00\x00\x00\x00\x00\xff\xe2\x00\x00\xff\xf6g\xf0\x00\
\x00\x00\x00\x00\x00\x00\x00\x00\x00\x00\x00\x00\x00\x00\x00\x00\
\x00\x00\x00\x00\x00\x00\x00\x00\x00\x00\x00\x00\x00\x00\x00\x00\
\x00\x00\x00\x00\x00\x00\x00\x00\x00\x00\x00\x00\x00\x00\x00\x00\
\x00\x00\x00\x00\x00\x00\x00\x00\x00\x00\x00\xff\xfelb\x00\
\x00\x00\x00\x00\x00\x00\x00\x00\x00\x00\x00\x00\x00\x00\x00\x00\
\x00\x00\x00\x00\x00\x00\x00\x00\x00\x00\x00\xff\xf9l\xea\x00\
\x00\x00\x00\x00\x00\x00\x00\x00\x00\x00\x00\x00\x00\x00\x00\x00\
\x00\x00\x00\xff\xfdl\xf8\x00\x00\x00\x00\x00\x00\x00\x00\x00\
\x00\x00\x00\x00\x00\x00\x00\x00\x00\x00\x00\x00\x00\x00\x00\x00\
\x00\x00\x00\x00\x00\x00\x00\x00\x00\x00\x00\x00\x00\x00\x00\x00\
\x00\x00\x00\x00\x00\x00\x00\x00\x00\x00\x00\x00\x00\x00\x00\x00\
\x00\x00\x00\x00\x00\x00\x00\x00\x00\x00\x00\x00\x00\x00\x00\x00\
\x00\x00\x00\x00\x00\x00\x00\x00\x00\x00\x00\x00\x00\x00\x00\xff\
\xfdl\xf8\x00\x00\x00\x00\xff\xfdl\xf8\xff\xfdl\xf8\x00\
\x00\x00\x00\x00\x00\x00\x00\x00\x00\x00\x00\x00\x00\x00\x00\x00\
\x00\x00\x00\x00\x00\x00\x00\x00\x00\x00\x00\x00\x00\x00\x00\x00\
\x00\x00\x00\x00\x00\x00\x00\x00\x00\x00\x00\x00\x00\x00\x00\xff\
\xfeO\xfe\x00\x00\x00\x00\x00\x00\x00\x00\x00\x00\x00\x00\x00\
\x00\x00\x00\x00\x00\x00\x00\x00\x00\x00\x00\x00\x00\x00\x00\x00\
\x00\x00\x00\x00\x00\x00\x00\x00\x00\x00\x00\x00\x00\x00\x00\x00\
\x00\x00\x00\x00\x00\x00\x00\x00\x00\x00\x00\x00\x00\x00\x00\x00\
\x00\x00\x00\x00\x00\x00\x00\x00\x00\x00\x00\x00\x00\x00\x00\x00\
\x00\x00\x00\x00\x00\x00\x00\x00\x00\x00\x00\xff\xf6g\x06\x00\
\x00\x00\x00\x00\x00\x00\x00\x00\x00\x00\x00\x00\x00\x00\x00\x00\
\x00\x00\x00\x00\x00\x00\x00\x00\x00\x00\x00\x00\x00\x00\x00\x00\
\x00\x00\x00\xff\xf8N\xfe\x00\x00\x00\x00\x00\x00\x00\x00\x00\
\x00\x00\x00\x00\x00\x00\x00\x00\x00\x00\x00\xff\xc1M\xe2\x00\
\x00\x00\x00\x00\x00\x00\x00\x00\x00\x00\x00\x00\x00\x00\x00\x00\
\x00\x00\x00\x00\x00\x00\x00\x00\x00\x00\x00\xff\xc1M\xe2\x00\
\x00\x00\x00\x00\x00\x00\x00\x00\x00\x00\x00\x00\x00\x00\x00\x00\
\x00\x00\x00\x00\x00\x00\x00\x00\x00\x00\x00\x00\x00\x00\x00\xff\
\xbfl\xf8\xff\xcbl\xf8\x00\x00\x00\x00\xff\xb90\x5c\x00\
\x00\x00\x00\xff\xceg\xde\x00\x00\x00\x00\x00\x00\x00\x00\x00\
\x00\x00\x00\x00\x00\x00\x00\xff\xfdl\xf8\x00\x00\x00\x00\xff\
\xc1l\xf8\x00\x00\x00\x00\xff\xc7m^\x00\x00\x00\x00\x00\
\x00\x00\x00\x00\x00\x00\x00\xff\xe9l\xf8\x00\x00\x00\x00\xff\
\xbflT\xff\xf3M\xe2\x00\x00\x00\x00\x00\x00\x00\x00\xff\
\xf7lN\x00\x00\x00\x00\xff\xfdl\xf8\xff\xf60V\x00\
\x00\x00\x00\xff\xfeO\xfe\x00\x00\x00\x00\x00\x00\x00\x00\x00\
\x00\x00\x00\x00\x00\x00\x00\x00\x00\x00\x00\xff\xf1T\x88\xff\
\xfdl\xf8\x00\x00\x00\x00\x00\x00\x00\x00\x00\x00\x00\x00\xff\
\xfelb\x00\x00\x00\x00\xff\xf2l\xb6\x00\x00\x00\x00\x00\
\x00\x00\x00\xff\xfbl<\xff\xf9m^\x00\x00\x00\x00\x00\
\x00\x00\x00\x00\x00\x00\x00\xff\xf9l\xea\x00\x00\x00\x00\x00\
\x00\x00\x00\x00\x00\x00\x00\x00\x00\x00\x00\x00\x00\x00\x00\x00\
\x00\x00\x00\x00\x00\x00\x00\x00\x00\x00\x00\x00\x00\x00\x00\x00\
\x00\x00\x00\x00\x00\x00\x00\x00\x00\x00\x00\x00\x000V\x00\
\x00\x00\x00\x00\x00\x00\x00\x00\x00\x00\x00\x00\x00\x00\x00\x00\
\x00\x00\x00\x00\x00\x00\x00\x00\x00\x00\x00\x00\x00\x00\x00\xff\
\xc1M\xe2\x00\x00\x00\x00\xff\xfdl\xf8\xff\xbfl\xf8\xff\
\xd7gN\x00\x00\x00\x00\xff\xd0I\xe0\x00\x00\x00\x00\xff\
\xc7m^\x00\x00\x00\x00\xff\xdfM\xe2\x00\x00\x00\x00\xff\
\xc4gH\x00\x00\x00\x00\xff\xbfF\xce\x00\x00\x00\x00\x00\
\x00\x00\x00\xff\xbflT\x00\x00\x00\x00\x00\x00\x00\x00\xff\
\xefm^\x00\x00\x00\x00\xff\xc1M\xe2\x00\x00\x00\x00\x00\
\x00\x00\x00\xff\xcbl\xf8\xff\xcbM\xe2\x00\x00\x00\x00\x00\
\x00\x00\x00\x00\x00\x00\x00\xff\xf3M\xe2\xff\xbal6\xff\
\xe9l\xf8\xff\xf8N\xfe\x00\x00\x00\x00\x00\x00\x00\x00\xff\
\xc1l\xf8\x00\x00\x00\x00\x00\x00\x00\x00\xff\xe20P\xff\
\xc7m^\x00\x00\x00\x00\x00\x00\x00\x00\x00\x00\x00\x00\x00\
\x00\x00\x00\x00\x00\x00\x00\x00\x00\x00\x00\x00\x00\x00\x00\xff\
\xfbm^\x00\x00\x00\x00\x00\x00\x00\x00\x00\x00\x00\x00\x00\
\x00\x00\x00\x00\x00\x00\x00\x00\x00\x00\x00\x00\x00\x00\x00\x00\
\x00\x00\x00\x00\x00\x00\x00\x00\x00\x00\x00\xff\xd6I\x8a\x00\
\x00\x00\x00\x00\x00\x00\x00\x00\x00\x00\x00\x00\x00\x00\x00\x00\
\x00\x00\x00\x00\x00\x00\x00\xff\xd0I\xe0\xff\xefk\xcc\x00\
\x00\x00\x00\xff\xfelb\x00\x00\x00\x00\x00\x00\x00\x00\x00\
\x00\x00\x00\xff\xffmd\x00\x00\x00\x00\x00\x00\x00\x00\x00\
\x00\x00\x00\x00\x00\x00\x00\xff\xfdl<\x00\x00\x00\x00\x00\
\x00\x00\x00\x00\x00\x00\x00\x00\x00\x00\x00\x00\x00\x00\x00\x00\
\x00\x00\x00\x00\x00\x00\x00\x00\x00\x00\x00\x00\x00\x00\x00\x00\
\x00\x00\x00\x00\x00\x00\x00\x00\x00\x00\x00\x00\x00\x00\x00\x00\
\x00\x00\x00\x00\x00\x00\x00\x00\x00\x00\x00\x00\x00\x00\x00\x00\
\x00\x00\x00\x00\x00\x00\x00\x00\x00\x00\x00\x00\x00\x00\x00\x00\
\x00\x00\x00\x00\x00\x00\x00\x00\x00\x00\x00\x00\x00\x00\x00\x00\
\x00\x00\x00\x00\x00\x00\x00\x00\x00\x00\x00\x00\x00k\x0e\x00\
\x00\x00\x00\x00\x00\x00\x00\x00\x00\x00\x00\x00\x00\x00\x00\x00\
\x00\x00\x00\x00\x00\x00\x00\x00\x00GP\x00\x00\x00\x00\x00\
\x00\x00\x00\x00\x00Y\x1e\x00\x00\x00\x00\x00\x00\x00\x00\x00\
\x00\x00\x00\x00\x00\x00\x00\x00\x00\x00\x00\x00\x00\x00\x00\x00\
\x00\x00\x00\x00\x00\x00\x00\x00\x00\x00\x00\x00\x00\x00\x00\x00\
\x00\x00\x00\x00\x00\x00\x00\x00\x00\x00\x00\x00\x00\x00\x00\x00\
\x00\x00\x00\x00\x00\x00\x00\x00\x00\x00\x00\x00\x00\x00\x00\x00\
\x00\x00\x00\x00\x00\x00\x00\x00\x00\x00\x00\x00\x00\x00\x00\x00\
\x00\x00\x00\x00\x00\x00\x00\x00\x00\x00\x00\x00\x00\x00\x00\xff\
\xe9l\xe4\x00\x00\x00\x00\xff\xf9l\xea\xff\xf3l\xf8\xff\
\xc1l\xf8\x00\x00\x00\x00\x00\x00\x00\x00\xff\xe9l\xe4\x00\
\x00\x00\x00\x00\x00\x00\x00\x00\x00\x00\x00\x00\x00\x00\x00\x00\
\x00\x00\x00\x00\x00\x00\x00\xff\xdfl\xe4\x00\x00\x00\x00\x00\
\x00\x00\x00\xff\xf3l\xe4\x00\x00\x00\x00\x00\x00\x00\x00\x00\
\x00\x00\x00\x00\x00\x00\x00\x00\x00\x00\x00\x00\x00\x00\x00\xff\
\xf3l\xf8\x00\x00\x00\x00\x00\x00\x00\x00\xff\xc1l\xf8\x00\
\x00\x00\x00\x00\x00\x00\x00\x00\x00\x00\x00\xff\xb3m^\xff\
\xdfl\xf8\x00\x00\x00\x00\xff\xf9l\xea\x00\x00\x00\x00\x00\
\x00\x00\x00\xff\xfcl\xb6\x00\x00\x00\x00\x00\x00\x00\x00\x00\
\x00\x00\x00\x00\x00\x00\x00\xff\xdfl\xf8\x00\x00\x00\x00\xff\
\xf3l\xe4\x00\x00\x00\x00\x00\x00\x00\x00\x00\x00\x00\x00\xff\
\xfdl<\x00\x00\x00\x00\x00\x00\x00\x00\xff\xf7T\x88\xff\
\xe4\x00\x00\x00\x00\x00\x00\x00\x00\x00\x00\x00\x00\x00\x00\x00\
\x00\x00\x00\x00\x00\x00\x00\x00\x00\x00\x00\xff\xefl\xea\x00\
\x00\x00\x00\x00\x00\x00\x00\xff\xfaZ\xf0\x00\x00\x00\x00\x00\
\x00\x00\x00\x00\x00\x00\x00\xff\xcbM\xe2\x00\x00\x00\x00\x00\
\x00\x00\x00\x00\x00\x00\x00\x00\x00\x00\x00\xff\xec\x00\x00\x00\
\x00\x00\x00\xff\xb7l\xe4\x00\x00\x00\x00\x00\x00\x00\x00\x00\
\x00\x00\x00\x00\x00\x00\x00\x00\x00\x00\x00\x00\x00\x00\x00\xff\
\xf6l6\x00\x00\x00\x00\x00\x00\x00\x00\x00\x00\x00\x00\x00\
\x00\x00\x00\xff\xfc\x00\x00\x00\x00\x00\x00\x00\x00\x00\x00\x00\
\x00\x00\x00\x00\x00\x00\x00\x00\x00\x00\x00\x00\x00\x00\x00\x00\
\x00\x00\x00\x00\x00\x00\x00\x00\x00\x00\x00\x00\x00\x00\x00\x00\
\x00\x00\x00\x00\x00\x00\x00\x00\x00\x00\x00\x00\x00\x00\x00\x00\
\x00\x00\x00\x00\x00\x00\x00\x00\x00\x00\x00\x00\x00\x00\x00\x00\
\x00\x00\x00\x00\x00\x00\x00\x00\x00\x00\x00\xff\xf6l6\x00\
\x00\x00\x00\x00\x00\x00\x00\xff\xfdl\xf8\x00\x00\x00\x00\xff\
\xfeO\xfe\x00\x00\x00\x00\xff\xe5j\x22\xff\xf3l\xe4\x00\
\x00\x00\x00\x00\x00\x00\x00\x00\x00\x00\x00\x00\x00\x00\x00\x00\
\x00\x00\x00\x00\x00\x00\x00\x00\x00\x00\x00\x00\x00\x00\x00\x00\
\x00\x00\x00\x00\x00\x00\x00\x00\x00\x00\x00\x00\x00\x00\x00\x00\
\x00\x00\x00\x00\x00\x00\x00\x00\x00\x00\x00\x00\x00\x00\x00\x00\
\x00\x00\x00\x00\x00\x00\x00\x00\x00\x00\x00\x00\x00\x00\x00\x00\
\x00\x00\x00\x00\x00\x00\x00\x00\x00\x00\x00\x00\x00\x00\x00\x00\
\x00\x00\x00\x00\x00\x00\x00\x00\x00\x00\x00\x00\x00\x00\x00\x00\
\x00\x00\x00\x00\x00\x00\x00\x00\x00\x00\x00\x00\x00\x00\x00\x00\
\x00\x00\x00\x00\x00\x00\x00\x00\x00\x00\x00\x00\x00\x00\x00\x00\
\x00\x00\x00\x00\x00\x00\x00\x00\x00\x00\x00\x00\x00\x00\x00\x00\
\x00\x00\x00\x00\x00\x00\x00\x00\x00\x00\x00\x00\x00\x00\x00\x00\
\x00\x00\x00\x00\x00\x00\x00\x00\x00\x00\x00\x00\x00\x00\x00\x00\
\x00\x00\x00\x00\x00\x00\x00\x00\x00\x00\x00\x00\x00\x00\x00\x00\
\x00\x00\x00\xff\xe5l\xea\x00\x00\x00\x00\x00\x00\x00\x00\x00\
\x00\x00\x00\x00\x00\x00\x00\x00\x00\x00\x00\xff\xf6l6\x00\
\x00\x00\x00\x00\x00\x00\x00\x00\x00\x00\x00\x00\x00\x00\x00\x00\
\x00\x00\x00\x00\x00\x00\x00\x00\x00\x00\x00\x00\x00j(\x00\
\x00\x00\x00\x00\x00\x00\x00\x00\x00\x00\x00\x00\x00\x00\x00\x00\
\x00\x00\x00\x00\x00\x00\x00\x00\x00\x00\x00\x00\x00\x00\x00\xff\
\xe4KL\x00\x00\x00\x00\xff\xffmd\xff\xdaKR\xff\
\xe5lH\x00\x00\x00\x00\x00\x00\x00\x00\x00\x00\x00\x00\xff\
\xf3l\xf8\x00\x00\x00\x00\xff\xfdl\xf8\x00\x00\x00\x00\x00\
\x00\x00\x00\x00\x00\x00\x00\xff\xe9l\xf8\x00\x00\x00\x00\xff\
\xfelb\xff\xf2K@\x00\x00\x00\x00\x00\x00\x00\x00\x00\
\x00\x00\x00\x00\x00\x00\x00\xff\xf5K:\x00\x00\x00\x00\x00\
\x00\x00\x00\xff\xdbX\x8e\xff\xf8I\xe0\x00\x00\x00\x00\x00\
\x00\x00\x00\x00\x00\x00\x00\x00\x00\x00\x00\xff\xd8l6\x00\
\x00\x00\x00\x00\x00\x00\x00\x00\x00\x00\x00\x00\x00\x00\x00\xff\
\xf6l6\x00\x00\x00\x00\x00\x00\x00\x00\xff\xee0\x8c\xff\
\xf6\x00\x00\x00\x00\x00\x00\x00\x00\x00\x00\x00\x00\x00\x00\x00\
\x00\x00\x00\x00\x00\x00\x00\x00\x00\x00\x00\x00\x00\x00\x00\x00\
\x00\x00\x00\x00\x00\x00\x00\x00\x00\x00\x00\xff\xfaG\x1e\xff\
\xf3l\xf8\x00\x00\x00\x00\x00\x00\x00\x00\x00\x00\x00\x00\x00\
\x00\x00\x00\x00\x00\x00\x00\x00\x00\x00\x00\xff\xdfl\xf8\x00\
\x00\x00\x00\x00\x00\x00\x00\xff\xfdl\xf8\x00\x00\x00\x00\x00\
\x00\x00\x00\x00\x00\x00\x00\xff\xc1M\xe2\x00\x00\x00\x00\x00\
\x00\x00\x00\xff\xf6g\xf0\x00\x00\x00\x00\xff\xf9l\xea\x00\
\x00\x00\x00\xff\xedY\x9e\x00\x00\x00\x00\x00\x00\x00\x00\x00\
\x00\x00\x00\x00\x00\x00\x00\x00\x00\x00\x00\x00\x00\x00\x00\xff\
\xe2\x00\x00\x00\x00\x00\x00\x00\x00\x00\x00\x00\x00\x00\x00\x00\
\x00\x00\x00\x00\x00\x00\x00\x00\x00\x00\x00\x00\x00\x00\x00\x00\
\x00\x00\x00\x00\x00\x00\x00\x00\x00\x00\x00\x00\x00\x00\x00\x00\
\x00\x00\x00\x00\x00\x00\x00\x00\x00\x00\x00\x00\x00\x00\x00\xff\
\xfdl<\x00\x00\x00\x00\xff\xfaG\x1e\x00\x00\x00\x00\x00\
\x00\x00\x00\xff\xf7H\x14\x00\x00\x00\x00\x00\x00\x00\x00\x00\
\x00\x00\x00\x00\x00\x00\x00\xff\xf3l\xf8\xff\xa7m^\xff\
\xd1l\xea\x00\x00\x00\x00\xff\xfdl<\x00\x00\x00\x00\xff\
\xfdl\xf8\xff\xfdl<\xff\xb2P\x04\xff\x90\x00\x00\xff\
\xf6l6\xff\xcflT\xff\xdfl<\x00\x00\x00\x00\x00\
\x00\x00\x00\x00\x00\x00\x00\x00\x00\x00\x00\x00\x00\x00\x00\x00\
\x00\x00\x00\x00\x00\x00\x00\x00\x00\x00\x00\x00\x00\x00\x00\x00\
\x00\x00\x00\x00\x00\x00\x00\x00\x00\x00\x00\x00\x00\x00\x00\x00\
\x00\x00\x00\x00\x00\x00\x00\x00\x00\x00\x00\xff\xa60J\x00\
\x00\x00\x00\x00\x00\x00\x00\x00\x00\x00\x00\x00\x00\x00\x00\x00\
\x00\x00\x00\x00\x00\x00\x00\x00\x00\x00\x00\x00\x00\x00\x00\x00\
\x00\x00\x00\x00\x00\x00\x00\x00\x00\x00\x00\x00\x00\x00\x00\x00\
\x00\x00\x00\x00\x00\x00\x00\x00\x00\x00\x00\xff\xfbm^\x00\
\x00\x00\x00\x00\x00\x00\x00\x00\x00\x00\x00\x00\x00\x00\x00\x00\
\x00\x00\x00\xff\xd0I\xe0\x00\x00\x00\x00\x00\x00\x00\x00\x00\
\x00\x00\x00\x00\x00\x00\x00\x00\x00\x00\x00\xff\xefk\xcc\x00\
\x00\x00\x00\x00\x00\x00\x00\x00\x00\x00\x00\x00\x00\x00\x00\x00\
\x00\x00\x00\xff\xffmd\x00\x00\x00\x00\x00\x00\x00\x00\x00\
\x00\x00\x00\x00\x00\x00\x00\x00\x00\x00\x00\x00\x00\x00\x00\x00\
\x00\x00\x00\x00\x00\x00\x00\x00\x00\x00\x00\xff\xd6I\x8a\x00\
\x00\x00\x00\x00\x00\x00\x00\x00\x00\x00\x00\x00\x00\x00\x00\x00\
\x00\x00\x00\x00\x00\x00\x00\x00\x00\x00\x00\xff\xfelb\x00\
\x00\x00\x00\xff\xfdl<\x00\x00\x00\x00\x00\x00\x00\x00\x00\
\x00\x00\x00\x00\x00\x00\x00\x00\x00\x00\x00\x00\x00\x00\x00\x00\
\x00\x00\x00\x00\x00\x00\x00\x00\x00\x00\x00\x00\x00\x00\x00\x00\
\x00\x00\x00\x00\x00\x00\x00\x00\x00\x00\x00\x00\x00\x00\x00\x00\
\x00\x00\x00\xff\xe9O\x94\x00\x00\x00\x00\x00\x00\x00\x00\x00\
\x00\x00\x00\x00\x00\x00\x00\x00\x00\x00\x00\xff\xf1O\x88\x00\
\x00\x00\x00\x00\x00\x00\x00\x00\x00\x00\x00\x00\x00\x00\x00\x00\
\x00\x00\x00\xff\xf9l\xea\x00\x00\x00\x00\xff\xffY\x9e\xff\
\xebm\x0c\x00\x00\x00\x00\x00\x00\x00\x00\x00\x00\x00\x00\x00\
\x00\x00\x00\x00\x00\x00\x00\x00\x00\x00\x00\xff\xf9O\x8e\x00\
\x00\x00\x00\x00\x00\x00\x00\x00\x00\x00\x00\x00\x00\x00\x00\x00\
\x00\x00\x00\x00\x00\x00\x00\x00\x00\x00\x00\xff\xfeZ\xf0\x00\
\x00\x00\x00\x00\x00\x00\x00\x00\x00\x00\x00\xff\xfdl\xf8\xff\
\xf9m^\xff\xfdl\xf8\xff\xf9l\xea\x00\x00\x00\x00\x00\
\x00\x00\x00\xff\xf9l\xea\x00\x00\x00\x00\xff\xf9m^\x00\
\x00\x00\x00\x00\x00\x00\x00\x00\x00\x00\x00\xff\xbeZ,\xff\
\xf6l6\xff\xcbl\xf8\x00\x00\x00\x00\xff\xf0E\x8a\x00\
\x00\x00\x00\x00\x00\x00\x00\xff\xcbl\xf8\x00\x00\x00\x00\xff\
\xf6l6\xff\xdbX\x8e\xff\xf9l\xea\x00\x00\x00\x00\x00\
\x00\x00\x00\x00\x00\x00\x00\x00\x00\x00\x00\x00\x00\x00\x00\x00\
\x00\x00\x00\x00\x00\x00\x00\x00\x00\x00\x00\x00\x00\x00\x00\x00\
\x00\x00\x00\x00\x00\x00\x00\xff\xf9l\xea\xff\xbeZ,\x00\
\x00\x00\x00\x00\x00\x00\x00\x00\x00\x00\x00\x00\x00\x00\x00\x00\
\x00\x00\x00\x00\x00\x00\x00\x00\x00\x00\x00\xff\xdbX\x8e\x00\
\x00\x00\x00\x00\x00\x00\x00\x00\x00\x00\x00\x00\x00\x00\x00\x00\
\x00\x00\x00\x00\x00\x00\x00\x00\x00\x00\x00\x00\x00\x00\x00\x00\
\x00\x00\x00\x00\x00\x00\x00\x00\x00\x00\x00\x00\x00\x00\x00\x00\
\x00\x00\x00\x00\x00\x00\x00\x00\x00\x00\x00\x00\x14g\xe4\x00\
\x00\x00\x00\x00\x00\x00\x00\x00\x00\x00\x00\x00\x00\x00\x00\x00\
\x00\x00\x00\x00\x00\x00\x00\x00\x1eY\x1e\x00\x00\x00\x00\x00\
\x00\x00\x00\x00\x0aZn\x00\x00\x00\x00\x00\x00\x00\x00\x00\
\x00\x00\x00\x00\x00\x00\x00\x00\x00\x00\x00\x00\x00\x00\x00\x00\
\x00\x00\x00\x00\x00\x00\x00\x00\x00\x00\x00\x00\x00\x00\x00\x00\
\x00\x00\x00\x00\x00\x00\x00\x00\x00\x00\x00\x00\x00\x00\x00\x00\
\x00\x00\x00\xff\xf9Y\x9e\x00\x00\x00\x00\x00\x00\x00\x00\x00\
\x00\x00\x00\x00\x00\x00\x00\x00\x00\x00\x00\x00\x00\x00\x00\x00\
\x00\x00\x00\x00\x00\x00\x00\x00\x00\x00\x00\x00\x00\x00\x00\x00\
\x00\x00\x00\x00\x00\x00\x00\x00\x00\x00\x00\x00\x00\x00\x00\x00\
\x00\x00\x00\x00\x00\x00\x00\x00\x00\x00\x00\x00\x00\x00\x00\x00\
\x00\x00\x00\x00\x00\x00\x00\x00\x00\x00\x00\x00\x00\x00\x00\x00\
\x00\x00\x00\xff\xc7m^\x00\x00\x00\x00\x00\x00\x00\x00\x00\
\x00\x00\x00\x00\x00\x00\x00\x00\x00\x00\x00\xff\xe2l6\x00\
\x00\x00\x00\x00\x00\x00\x00\x00\x00\x00\x00\x00\x00\x00\x00\x00\
\x00\x00\x00\x00\x00\x00\x00\x00\x00\x00\x00\x00\x00\x00\x00\x00\
\x00\x00\x00\x00\x00\x00\x00\x00\x00\x00\x00\x00\x00\x00\x00\x00\
\x00\x00\x00\x00\x00\x00\x00\x00\x00\x00\x00\xff\xd1l\xea\x00\
\x00\x00\x00\x00\x00\x00\x00\x00\x00\x00\x00\x00\x00\x00\x00\x00\
\x00\x00\x00\x00\x00\x00\x00\x00\x00\x00\x00\xff\xf3l\xf8\x00\
\x00\x00\x00\x00\x00\x00\x00\x00\x00\x00\x00\x00\x00\x00\x00\xff\
\xecZ8\x00\x00\x00\x00\x00\x00\x00\x00\xff\xf5Y\x9e\xff\
\xfdl\xf8\x00\x00\x00\x00\xff\xf6Z,\x00\x00\x00\x00\x00\
\x00\x00\x00\xff\xf7Z2\xff\xdfmd\x00\x00\x00\x00\x00\
\x00\x00\x00\x00\x00\x00\x00\x00\x00\x00\x00\x00\x00\x00\x00\x00\
\x00\x00\x00\x00\x00\x00\x00\x00\x00\x00\x00\x00\x00\x00\x00\x00\
\x00\x00\x00\x00\x00\x00\x00\x00\x00\x00\x00\x00\x00\x00\x00\x00\
\x00\x00\x00\xff\xf0Z,\x00\x00\x00\x00\x00\x00\x00\x00\x00\
\x00\x00\x00\x00\x00\x00\x00\xff\xf7Z2\x00\x00\x00\x00\x00\
\x00\x00\x00\x00\x00\x00\x00\x00\x00\x00\x00\x00\x00\x00\x00\xff\
\xfdl\xf8\x00\x00\x00\x00\x00\x00\x00\x00\x00\x00\x00\x00\x00\
\x00\x00\x00\x00\x00\x00\x00\x00\x00\x00\x00\x00\x00\x00\x00\x00\
\x00\x00\x00\x00\x00\x00\x00\x00\x00\x00\x00\x00\x00\x00\x00\xff\
\xfa[N\x00\x00\x00\x00\x00\x00\x00\x00\x00\x00\x00\x00\x00\
\x00\x00\x00\x00\x00\x00\x00\x00\x00\x00\x00\x00\x00\x00\x00\x00\
\x00\x00\x00\x00\x00\x00\x00\x00\x00\x00\x00\xff\xe5l\xea\x00\
\x00\x00\x00\x00\x00\x00\x00\xff\xfdl\xf8\x00\x00\x00\x00\x00\
\x00\x00\x00\xff\xfdl\xf8\xff\xdfl\xf8\xff\xf9l\xea\x00\
\x00\x00\x00\xff\xfdl\xf8\x00\x00\x00\x00\x00\x00\x00\x00\x00\
\x00\x00\x00\x00\x00\x00\x00\x00\x00\x00\x00\x00\x00\x00\x00\x00\
\x00\x00\x00\x00\x00\x00\x00\x00\x00\x00\x00\x00\x00\x00\x00\x00\
\x00\x00\x00\x00\x00\x00\x00\x00\x00\x00\x00\x00\x00\x00\x00\x00\
\x00\x00\x00\x00\x00\x00\x00\x00\x00\x00\x00\x00\x00\x00\x00\x00\
\x00\x00\x00\x00\x00\x00\x00\x00\x00\x00\x00\x00\x00\x00\x00\x00\
\x00\x00\x00\x00\x00\x00\x00\x00\x00\x00\x00\x00\x00\x00\x00\x00\
\x00\x00\x00\x00\x00\x00\x00\x00\x00\x00\x00\x00\x00\x00\x00\x00\
\x00\x00\x00\x00\x00\x00\x00\x00\x00\x00\x00\x00\x00\x00\x00\x00\
\x00\x00\x00\x00\x00\x00\x00\x00\x00\x00\x00\x00\x00\x00\x00\x00\
\x00\x00\x00\xff\xd7gN\x00\x00\x00\x00\xff\xf9m^\x00\
\x00\x00\x00\x00\x00\x00\x00\x00\x00\x00\x00\xff\xc1l\xf8\x00\
\x00\x00\x00\x00\x00\x00\x00\x00\x00\x00\x00\x00\x00\x00\x00\x00\
\x00\x00\x00\x00\x00\x00\x00\x00\x00\x00\x00\x00\x00\x00\x00\x00\
\x00\x00\x00\x00\x00\x00\x00\x00\x00\x00\x00\x00\x00\x00\x00\x00\
\x00\x00\x00\x00\x00\x00\x00\xff\xfbT\x88\xff\xd8O\xfe\x00\
\x00\x00\x00\x00\x00\x00\x00\x00\x00\x00\x00\x00\x00\x00\x00\x00\
\x00\x00\x00\xff\xfdl\xf8\x00\x00\x00\x00\xff\xe5lH\x00\
\x00\x00\x00\x00\x00\x00\x00\x00\x00\x00\x00\x00\x00\x00\x00\x00\
\x00\x00\x00\x00\x00\x00\x00\x00\x00\x00\x00\x00\x00\x00\x00\x00\
\x00\x00\x00\x00\x00\x00\x00\x00\x00\x00\x00\x00\x00\x00\x00\x00\
\x00\x00\x00\x00\x00\x00\x00\x00\x00\x00\x00\x00\x00\x00\x00\x00\
\x00\x00\x00\x00\x00\x00\x00\x00\x00\x00\x00\x00\x00\x00\x00\x00\
\x00\x00\x00\x00\x00\x00\x00\x00\x00\x00\x00\xff\xf9l\xea\x00\
\x00\x00\x00\x00\x00\x00\x00\x00\x00\x00\x00\x00\x00\x00\x00\x00\
\x00\x00\x00\xff\xfdl\xf8\x00\x00\x00\x00\x00\x00\x00\x00\xff\
\xfdl\xf8\x00\x00\x00\x00\x00\x00\x00\x00\x00\x00\x00\x00\x00\
\x00\x00\x00\x00\x00\x00\x00\x00\x00\x00\x00\xff\xfelb\x00\
\x00\x00\x00\x00\x00\x00\x00\x00\x00\x00\x00\x00\x00\x00\x00\x00\
\x00\x00\x00\x00\x00\x00\x00\x00\x00\x00\x00\x00\x00\x00\x00\x00\
\x00\x00\x00\x00\x00\x00\x00\x00\x00\x00\x00\x00\x00\x00\x00\x00\
\x00\x00\x00\x00\x00\x00\x00\x00\x00\x00\x00\x00\x00\x00\x00\x00\
\x00\x00\x00\x00\x00\x00\x00\x00\x00\x00\x00\xff\xf6g\x06\x00\
\x00\x00\x00\x00\x00\x00\x00\x00\x00\x00\x00\x00\x00\x00\x00\x00\
\x00\x00\x00\x00\x00\x00\x00\x00\x00\x00\x00\xff\xe2`f\x00\
\x00\x00\x00\x00\x00\x00\x00\x00\x00\x00\x00\x00\x00\x00\x00\x00\
\x00\x00\x00\x00\x00\x00\x00\x00\x00\x00\x00\x00\x00\x00\x00\xff\
\xf6g\xf0\x00\x00\x00\x00\x00\x00\x00\x00\x00\x00\x00\x00\x00\
\x00\x00\x00\x00\x00\x00\x00\x00\x00\x00\x00\x00\x00\x00\x00\x00\
\x00\x00\x00\x00\x00\x00\x00\xff\xf9l\xea\x00\x00\x00\x00\x00\
\x00\x00\x00\x00\x00\x00\x00\x00\x00\x00\x00\x00\x00\x00\x00\x00\
\x00\x00\x00\xff\xfalB\x00\x00\x00\x00\x00\x00\x00\x00\xff\
\xecg\x0c\x00\x00\x00\x00\x00\x00\x00\x00\x00\x00\x00\x00\x00\
\x00\x00\x00\x00\x00\x00\x00\x00\x00\x00\x00\x00\x00\x00\x00\x00\
\x00\x00\x00\x00\x00\x00\x00\x00\x00\x00\x00\xff\xfcl\xb6\x00\
\x00\x00\x00\x00\x00\x00\x00\x00\x00\x00\x00\x00\x00\x00\x00\x00\
\x00\x00\x00\x00\x00\x00\x00\x00\x00\x00\x00\x00\x00\x00\x00\x00\
\x00\x00\x00\x00\x00\x00\x00\x00\x00\x00\x00\x00\x00\x00\x00\x00\
\x00\x00\x00\x00\x00\x00\x00\x00\x00\x00\x00\x00\x00\x00\x00\x00\
\x00\x00\x00\x00\x00\x00\x00\x00\x00\x00\x00\x00\x00\x00\x00\x00\
\x00\x00\x00\x00\x00\x00\x00\x00\x00\x00\x00\x00\x00\x00\x00\x00\
\x00\x00\x00\x00\x00\x00\x00\x00\x00\x00\x00\x00\x00\x00\x00\x00\
\x00\x00\x00\x00\x00\x00\x00\x00\x00\x00\x00\x00\x00\x00\x00\x00\
\x00\x00\x00\x00\x00\x00\x00\x00\x00\x00\x00\x00\x00\x00\x00\xff\
\xfcl\xb6\x00\x00\x00\x00\x00\x00\x00\x00\x00\x00\x00\x00\xff\
\xf3X\x8e\x00\x00\x00\x00\xff\xeel\xc4\xff\xfb0D\x00\
\x00\x00\x00\xff\xffmd\xff\xfelB\x00\x00\x00\x00\x00\
\x00\x00\x00\x00\x00\x00\x00\x00\x00\x00\x00\x00\x00\x00\x00\xff\
\xe5l\xea\x00\x00\x00\x00\xff\xfcl\xb6\x00\x00\x00\x00\xff\
\xf9N\xd0\xff\xfcl\xb6\x00\x00\x00\x00\x00\x00\x00\x00\xff\
\xf9l\xea\x00\x00\x00\x00\xff\xf3l\xa8\x00\x00\x00\x00\x00\
\x00\x00\x00\x00\x00\x00\x00\x00\x00\x00\x00\x00\x00\x00\x00\x00\
\x00\x00\x00\x00\x00\x00\x00\x00\x00\x00\x00\x00\x00\x00\x00\x00\
\x00\x00\x00\x00\x00\x00\x00\x00\x00\x00\x00\x00\x00\x00\x00\x00\
\x00\x00\x00\x00\x00\x00\x00\x00\x00\x00\x00\xff\xdf0>\x00\
\x00\x00\x00\x00\x00\x00\x00\x00\x00\x00\x00\x00\x00\x00\x00\x00\
\x00\x00\x00\x00\x00\x00\x00\x00\x00\x00\x00\x00\x00\x00\x00\x00\
\x00\x00\x00\x00\x00\x00\x00\x00\x00\x00\x00\x00\x00\x00\x00\x00\
\x00\x00\x00\x00\x00\x00\x00\x00\x00\x00\x00\x00\x00\x00\x00\x00\
\x00\x00\x00\x00\x00\x00\x00\x00\x00\x00\x00\x00\x00\x00\x00\x00\
\x00\x00\x00\xff\xc6I\xe0\x00\x00\x00\x00\xff\xfdl<\x00\
\x00\x00\x00\x00\x00\x00\x00\x00\x00\x00\x00\xff\xe5l\xea\x00\
\x00\x00\x00\x00\x00\x00\x00\x00\x00\x00\x00\x00\x00\x00\x00\x00\
\x00\x00\x00\x00\x00\x00\x00\x00\x00\x00\x00\x00\x00\x00\x00\x00\
\x00\x00\x00\x00\x00\x00\x00\x00\x00\x00\x00\x00\x00\x00\x00\x00\
\x00\x00\x00\x00\x00\x00\x00\x00\x00\x00\x00\xff\xbbI\xda\x00\
\x00\x00\x00\x00\x00\x00\x00\x00\x00\x00\x00\x00\x00\x00\x00\x00\
\x00\x00\x00\x00\x00\x00\x00\x00\x00\x00\x00\xff\xe2I\xd4\x00\
\x00\x00\x00\x00\x00\x00\x00\x00\x00\x00\x00\x00\x00\x00\x00\x00\
\x00\x00\x00\x00\x00\x00\x00\x00\x00\x00\x00\x00\x00\x00\x00\x00\
\x00\x00\x00\x00\x00\x00\x00\x00\x00\x00\x00\xff\xf3T(\x00\
\x00\x00\x00\x00\x00\x00\x00\x00\x00\x00\x00\x00\x00\x00\x00\x00\
\x00\x00\x00\xff\xceg\xde\x00\x00\x00\x00\x00\x00\x00\x00\x00\
\x00\x00\x00\x00\x00\x00\x00\x00\x00\x00\x00\x00\x00\x00\x00\x00\
\x00\x00\x00\x00\x00\x00\x00\x00\x00\x00\x00\x00\x00\x00\x00\x00\
\x00\x00\x00\x00\x00\x00\x00\x00\x00\x00\x00\x00\x00\x00\x00\x00\
\x00\x00\x00\x00\x00\x00\x00\x00\x00\x00\x00\x00\x00\x00\x00\x00\
\x00\x00\x00\x00\x00\x00\x00\x00\x00\x00\x00\xff\xd8\x00\x00\x00\
\x00\x00\x00\x00\x00\x00\x00\x00\x00\x00\x00\x00\x00\x00\x00\x00\
\x00\x00\x00\x00\x00\x00\x00\x00\x00\x00\x00\xff\xf6g\xf0\x00\
\x00\x00\x00\x00\x00\x00\x00\x00\x00\x00\x00\x00\x00\x00\x00\x00\
\x00\x00\x00\x00\x00\x00\x00\x00\x00\x00\x00\x00\x00\x00\x00\xff\
\xffY\x9e\x00\x00\x00\x00\x00\x00\x00\x00\x00\x00\x00\x00\x00\
\x00\x00\x00\x00\x00\x00\x00\x00\x00\x00\x00\xff\xf9O\x8e\x00\
\x00\x00\x00\x00\x00\x00\x00\x00\x00\x00\x00\x00\x00\x00\x00\x00\
\x00\x00\x00\x00\x00\x00\x00\xff\xe9O\x94\xff\xf1O\x88\x00\
\x00\x00\x00\xff\xfeZ\xf0\x00\x00\x00\x00\x00\x00\x00\x00\x00\
\x00\x00\x00\xff\xf9l\xea\x00\x00\x00\x00\x00\x00\x00\x00\x00\
\x00\x00\x00\x00\x00\x00\x00\x00\x00\x00\x00\x00\x00\x00\x00\x00\
\x00\x00\x00\x00\x00\x00\x00\x00\x00\x00\x00\x00\x00\x00\x00\x00\
\x00\x00\x00\x00\x00\x00\x00\x00\x00\x00\x00\x00\x0008\x00\
\x00\x00\x00\x00\x00\x00\x00\x00\x00\x00\x00\x00\x00\x00\x00\x00\
\x00\x00\x00\x00\x00\x00\x00\x00\x00\x00\x00\x00\x00\x00\x00\x00\
\x00\x00\x00\x00\x00\x00\x00\x00\x00\x00\x00\x00\x00\x00\x00\x00\
\x00\x00\x00\x00\x00\x00\x00\x00\x00\x00\x00\xff\xeclb\x00\
\x00\x00\x00\x00\x00\x00\x00\x00\x00\x00\x00\x00\x00\x00\x00\x00\
\x00\x00\x00\x00\x00\x00\x00\x00\x00\x00\x00\x00\x00\x00\x00\x00\
\x00\x00\x00\x00\x00\x00\x00\x00\x00\x00\x00\x00\x00\x00\x00\x00\
\x00\x00\x00\x00\x00\x00\x00\x00\x00\x00\x00\x00\x00\x00\x00\xff\
\xe7N\xd0\xffvX\x9a\x00\x00\x00\x00\xff\xd3Z\xf0\xff\
\xf6j.\x00\x00j(\x00\x00\x00\x00\x00\x00\x00\x00\x00\
\x00\x00\x00\x00\x00\x00\x00\x00\x00\x00\x00\x00\x00\x00\x00\x00\
\x00\x00\x00\x00\x00\x00\x00\x00\x00\x00\x00\x00\x00\x00\x00\x00\
\x00\x00\x00\xff\xfdl\xf8\xff\xebN\xd6\x00\x00\x00\x00\xff\
\xf6l6\x00\x00\x00\x00\x00\x00\x00\x00\x00\x00\x00\x00\xff\
\xf2l\xb6\x00\x00\x00\x00\x00\x00\x00\x00\xff\xedY\x9e\xff\
\xdblT\x00\x00\x00\x00\x00\x00\x00\x00\x00\x00\x00\x00\x00\
\x00\x00\x00\x00\x00\x00\x00\x00\x00\x00\x00\x00\x00\x00\x00\xff\
\xf5P\x04\x00\x00\x00\x00\xff\xf8I\xe0\x00\x00\x00\x00\xff\
\xfeO\xfe\xff\xf0l\xb6\x00\x00\x00\x00\xff\xfdl\xf8\x00\
\x00\x00\x00\x00\x00\x00\x00\x00\x00\x00\x00\x00\x00\x00\x00\x00\
\x00\x00\x00\xff\xc102\xff\xf3l\xf8\x00\x00\x00\x00\x00\
\x00\x00\x00\x00\x00\x00\x00\x00\x00\x00\x00\xff\xd50,\xff\
\xe2g\xf0\x00\x00\x00\x00\x00\x00\x00\x00\x00\x00\x00\x00\xff\
\xf3l\xf8\x00\x00\x00\x00\x00\x00\x00\x00\x00\x00\x00\x00\x00\
\x00\x00\x00\x00\x00\x00\x00\x00\x00\x00\x00\x00\x00\x00\x00\x00\
\x00\x00\x00\x00\x00\x00\x00\x00\x00\x00\x00\x00\x00\x00\x00\x00\
\x00\x00\x00\x00\x00\x00\x00\x00\x00\x00\x00\x00\x00\x00\x00\x00\
\x00\x00\x00\x00\x00\x00\x00\x00\x00\x00\x00\x00\x00\x00\x00\x00\
\x00\x00\x00\x00\x00\x00\x00\x00\x00\x00\x00\xff\xfdl\xf8\x00\
\x00\x00\x00\x00\x00\x00\x00\x00\x00\x00\x00\x00\x00\x00\x00\xff\
\xfbT\x88\x00\x00\x00\x00\xff\xf8N\xfe\x00\x00\x00\x00\x00\
\x00\x00\x00\x00\x00\x00\x00\x00\x00\x00\x00\x00\x00\x00\x00\x00\
\x00\x00\x00\x00\x00\x00\x00\x00\x00\x00\x00\x00\x00\x00\x00\x00\
\x00\x00\x00\x00\x00\x00\x00\x00\x00\x00\x00\x00\x00\x00\x00\x00\
\x00\x00\x00\x00\x00\x00\x00\x00\x00\x00\x00\x00\x00\x00\x00\x00\
\x00\x00\x00\x00\x00\x00\x00\x00\x00\x00\x00\xff\xf40&\x00\
\x00\x00\x00\x00\x00\x00\x00\x00\x00\x00\x00\x00\x00\x00\x00\x00\
\x00\x00\x00\x00\x00\x00\x00\x00\x00\x00\x00\x00\x00\x00\x00\xff\
\xeclb\x00\x00\x00\x00\x00\x00\x00\x00\xff\xe70 \xff\
\xd3Z\xf0\x00\x00\x00\x00\x00\x00\x00\x00\x00\x00\x00\x00\xff\
\xf9m^\x00\x00\x00\x00\x00\x00\x00\x00\x00\x00\x00\x00\x00\
\x00\x00\x00\x00\x00\x00\x00\xff\xefl\xea\x00\x00\x00\x00\xff\
\xfdl\xf8\xff\xf6l6\x00\x00\x00\x00\x00\x00\x00\x00\x00\
\x00\x00\x00\x00\x00\x00\x00\x00\x00\x00\x00\xff\xe5j\x22\x00\
\x00\x00\x00\xffvX\x9a\xff\xf9l\xea\x00\x00\x00\x00\x00\
\x00\x00\x00\x00\x00\x00\x00\x00\x00\x00\x00\xff\xa90\x1a\xff\
\xebN\xd6\x00\x00\x00\x00\x00\x00\x00\x00\x00\x00\x00\x00\x00\
\x00\x00\x00\x00\x00\x00\x00\x00\x00\x00\x00\x00\x00\x00\x00\x00\
\x00\x00\x00\x00\x00\x00\x00\x00\x00\x00\x00\x00\x00\x00\x00\x00\
\x00\x00\x00\x00\x00\x00\x00\x00\x00\x00\x00\x00\x00\x00\x00\x00\
\x00\x00\x00\xff\xfdl\xf8\x00\x00\x00\x00\x00\x00\x00\x00\x00\
\x00\x00\x00\x00\x00\x00\x00\x00\x00\x00\x00\xff\xc4g\x06\x00\
\x00\x00\x00\x00\x00\x00\x00\x00\x00\x00\x00\x00\x00\x00\x00\x00\
\x00\x00\x00\x00\x00\x00\x00\x00\x00\x00\x00\xff\xddgN\x00\
\x00\x00\x00\x00\x00\x00\x00\x00\x00\x00\x00\x00\x00\x00\x00\x00\
\x00\x00\x00\x00\x00\x00\x00\x00\x00\x00\x00\x00\x00\x00\x00\xff\
\xbaL\xac\xff\xbeL\xa6\x00\x00\x00\x00\xff\xd8O\xfe\x00\
\x00\x00\x00\xff\xd8\x00\x00\x00\x00\x00\x00\x00\x00\x00\x00\x00\
\x00\x00\x00\x00\x00\x00\x00\xff\xf9l\xea\x00\x00\x00\x00\xff\
\xd1l\xea\x00\x00\x00\x00\xff\xd7O\xfe\x00\x00\x00\x00\x00\
\x00\x00\x00\xff\xfdl\xf8\xff\xecgH\x00\x00\x00\x00\xff\
\xd1gN\x00\x00\x00\x00\x00\x00\x00\x00\x00\x00\x00\x00\x00\
\x00\x00\x00\x00\x00\x00\x00\x00\x00\x00\x00\x00\x00\x00\x00\x00\
\x00\x00\x00\x00\x00\x00\x00\x00\x00\x00\x00\x00\x00\x00\x00\x00\
\x00\x00\x00\x00\x00\x00\x00\x00\x00\x00\x00\xff\xd5l\xf8\x00\
\x00\x00\x00\xff\xc1l\xf8\x00\x00\x00\x00\x00\x00\x00\x00\x00\
\x00\x00\x00\x00\x00\x00\x00\xff\xc1l\xf8\x00\x00\x00\x00\x00\
\x00\x00\x00\xff\xf6l6\x00\x00\x00\x00\x00\x00\x00\x00\x00\
\x00\x00\x00\x00\x00\x00\x00\x00\x00\x00\x00\x00\x00\x00\x00\x00\
\x00\x00\x00\x00\x00\x00\x00\x00\x00\x00\x00\x00\x00\x00\x00\x00\
\x00\x00\x00\x00\x00\x00\x00\x00\x00\x00\x00\xff\xd5l\xf8\x00\
\x00\x00\x00\x00\x00\x00\x00\x00\x00\x00\x00\x00\x00\x00\x00\x00\
\x00\x00\x00\x00\x00\x00\x00\x00\x00\x00\x00\xff\xf6l6\x00\
\x00\x00\x00\x00\x00\x00\x00\x00\x00\x00\x00\x00\x00\x00\x00\x00\
\x00\x00\x00\xff\xfdl\xf8\x00\x00\x00\x00\x00\x00\x00\x00\x00\
\x00\x00\x00\x00\x00\x00\x00\x00\x00\x00\x00\x00\x00\x00\x00\x00\
\x00\x00\x00\x00\x00\x00\x00\x00\x00\x00\x00\x00\x00\x00\x00\x00\
\x00\x00\x00\x00\x00\x00\x00\x00\x00\x00\x00\x00\x00\x00\x00\x00\
\x00\x00\x00\x00\x00\x00\x00\x00\x00\x00\x00\x00\x00\x00\x00\x00\
\x00\x00\x00\x00\x00\x00\x00\x00\x00\x00\x00\x00\x00\x00\x00\x00\
\x00\x00\x00\x00\x00\x00\x00\x00\x00\x00\x00\xff\xfdl\xf8\xff\
\xfdl\xf8\x00\x00\x00\x00\x00\x00\x00\x00\x00\x00\x00\x00\x00\
\x00\x00\x00\x00\x00\x00\x00\x00\x00\x00\x00\xff\xfdl\xf8\x00\
\x00\x00\x00\x00\x00\x00\x00\x00\x00\x00\x00\x00\x00\x00\x00\x00\
\x00\x00\x00\xff\xf9l\xea\x00\x00\x00\x00\x00\x00\x00\x00\x00\
\x00\x00\x00\x00\x00\x00\x00\x00\x00\x00\x00\x00\x00\x00\x00\x00\
\x00\x00\x00\x00\x00\x00\x00\x00\x00\x00\x00\x00\x00\x00\x00\x00\
\x00\x00\x00\x00\x00\x00\x00\x00\x00\x00\x00\x00\x00\x00\x00\x00\
\x00\x00\x00\x00\x00\x00\x00\x00\x00\x00\x00\x00\x00\x00\x00\x00\
\x00\x00\x00\x00\x00\x00\x00\x00\x00\x00\x00\x00\x00\x00\x00\x00\
\x00\x00\x00\x00\x00\x00\x00\x00\x00\x00\x00\x00\x00\x00\x00\x00\
\x00\x00\x00\x00\x00\x00\x00\x00\x00\x00\x00\x00\x00\x00\x00\x00\
\x00\x00\x00\xff\xe5l\xea\x00\x00\x00\x00\x00\x00\x00\x00\x00\
\x00\x00\x00\x00\x00\x00\x00\x00\x00\x00\x00\x00\x00\x00\x00\x00\
\x00\x00\x00\x00\x00\x00\x00\x00\x00\x00\x00\x00\x00\x00\x00\x00\
\x00\x00\x00\x00\x00\x00\x00\x00\x00\x00\x00\x00\x00\x00\x00\x00\
\x00\x00\x00\x00\x00\x00\x00\x00\x00\x00\x00\x00\x00\x00\x00\x00\
\x00\x00\x00\x00\x00\x00\x00\x00\x00\x00\x00\x00\x00\x00\x00\x00\
\x00\x00\x00\x00\x00\x00\x00\x00\x00\x00\x00\x00\x00\x00\x00\x00\
\x00\x00\x00\x00\x00\x00\x00\x00\x00\x00\x00\x00\x00\x00\x00\x00\
\x00\x00\x00\x00\x00\x00\x00\x00\x00\x00\x00\x00\x00\x00\x00\x00\
\x00\x00\x00\xff\xc3Z,\x00\x00\x00\x00\x00\x00\x00\x00\x00\
\x00\x00\x00\x00\x00\x00\x00\x00\x00\x00\x00\xff\xf3l\xe4\x00\
\x00\x00\x00\x00\x00\x00\x00\x00\x00\x00\x00\x00\x00\x00\x00\x00\
\x00\x00\x00\x00\x00\x00\x00\x00\x00\x00\x00\x00\x00\x00\x00\xff\
\xf6g\xf0\x00\x00\x00\x00\x00\x00\x00\x00\x00\x00\x00\x00\x00\
\x00\x00\x00\x00\x00\x00\x00\x00\x00\x00\x00\xff\xc6N\xfe\x00\
\x00\x00\x00\x00\x00\x00\x00\x00\x00\x00\x00\x00\x00\x00\x00\x00\
\x00\x00\x00\x00\x00\x00\x00\x00\x00\x00\x00\xff\xf9m^\x00\
\x00\x00\x00\x00\x00\x00\x00\x00\x00\x00\x00\x00\x00\x00\x00\x00\
\x00\x00\x00\x00\x00\x00\x00\x00\x00\x00\x00\x00\x00\x00\x00\x00\
\x00\x00\x00\x00\x00\x00\x00\x00\x00\x00\x00\xff\xdaGD\x00\
\x00\x00\x00\x00\x00\x00\x00\x00\x00\x00\x00\x00\x00\x00\x00\x00\
\x00\x00\x00\x00\x00GP\x00\x00\x00\x00\x00\x00\x00\x00\x00\
\x00\x00\x00\x00\x00\x00\x00\x00\x00\x00\x00\x00\x00\x00\x00\x00\
\x00\x00\x00\x00\x00\x00\x00\x00\x00\x00\x00\x00\x00\x00\x00\xff\
\xe2GJ\x00\x00\x00\x00\x00\x00\x00\x00\x00\x00\x00\x00\x00\
\x00\x00\x00\x00\x00\x00\x00\x00\x00\x00\x00\x00\x00\x00\x00\x00\
\x00\x00\x00\x00\x00\x00\x00\x00\x00\x00\x00\x00\x00k\x0e\x00\
\x00\x00\x00\x00\x00\x00\x00\x00\x00\x00\x00\x00\x00\x00\x00\x00\
\x00\x00\x00\x00\x00\x00\x00\x00\x00\x00\x00\x00\x00Y\x1e\x00\
\x00\x00\x00\x00\x00\x00\x00\x00\x00\x00\x00\x00\x00\x00\x00\x00\
\x00\x00\x00\x00\x00\x00\x00\x00\x00\x00\x00\x00\x00\x00\x00\x00\
\x00\x00\x00\x00\x00\x00\x00\x00\x00\x00\x00\x00\x00\x00\x00\x00\
\x00\x00\x00\x00\x00\x00\x00\x00\x00\x00\x00\xff\xddO\xfe\x00\
\x00\x00\x00\x00\x00\x00\x00\x00\x00\x00\x00\x00\x00\x00\x00\x00\
\x00\x00\x00\x00\x00\x00\x00\xff\xce\x00\x00\xff\xf9l\xea\x00\
\x00\x00\x00\x00\x00\x00\x00\x00\x00\x00\x00\x00\x00\x00\x00\x00\
\x00\x00\x00\x00\x00\x00\x00\x00\x00\x00\x00\x00\x00\x00\x00\x00\
\x00\x00\x00\x00\x00\x00\x00\x00\x00\x00\x00\x00\x00\x00\x00\x00\
\x00\x00\x00\x00\x00\x00\x00\x00\x00\x00\x00\x00\x00\x00\x00\x00\
\x00\x00\x00\x00\x00\x00\x00\x00\x00\x00\x00\x00\x00\x00\x00\x00\
\x00\x00\x00\x00\x00\x00\x00\x00\x00\x00\x00\x00\x00\x00\x00\x00\
\x00\x00\x00\x00\x00\x00\x00\x00\x02\x00A\x00\x01\x00\x1a\x00\
\x00\x00\x1d\x00B\x00\x1a\x00E\x00M\x00@\x00b\x00\
i\x00I\x00k\x00k\x00Q\x00n\x00p\x00R\x00\
r\x00r\x00U\x00x\x00\x99\x00V\x00\x9b\x00\xa8\x00\
x\x00\xaa\x00\xc5\x00\x86\x00\xc7\x00\xcb\x00\xa2\x00\xcd\x01\
\x03\x00\xa7\x01\x05\x01\x19\x00\xde\x01\x1c\x01)\x00\xf3\x01\
=\x01D\x01\x01\x01H\x01N\x01\x09\x01P\x01P\x01\
\x10\x01R\x01\x81\x01\x11\x01\x83\x01\xa5\x01A\x01\xa7\x01\
\xb4\x01d\x01\xb7\x01\xb7\x01r\x01\xba\x01\xba\x01s\x01\
\xbd\x01\xbd\x01t\x01\xbf\x01\xc2\x01u\x01\xc7\x01\xce\x01\
y\x01\xd0\x01\xd9\x01\x81\x01\xdd\x01\xde\x01\x8b\x01\xe0\x01\
\xe0\x01\x8d\x01\xe2\x01\xe2\x01\x8e\x01\xe4\x01\xe4\x01\x8f\x01\
\xe8\x01\xed\x01\x90\x01\xef\x01\xf0\x01\x96\x01\xf4\x01\xf4\x01\
\x98\x01\xf6\x01\xfb\x01\x99\x01\xfd\x01\xfd\x01\x9f\x02\x01\x02\
\x05\x01\xa0\x02\x08\x02\x08\x01\xa5\x02\x0d\x02\x0e\x01\xa6\x02\
\x10\x02\x10\x01\xa8\x02\x12\x02\x16\x01\xa9\x02\x19\x02\x1c\x01\
\xae\x02\x1e\x02#\x01\xb2\x02'\x02(\x01\xb8\x02*\x02\
*\x01\xba\x020\x020\x01\xbb\x023\x024\x01\xbc\x02\
=\x02?\x01\xbe\x02K\x02K\x01\xc1\x02M\x02N\x01\
\xc2\x02P\x02S\x01\xc4\x02^\x02`\x01\xc8\x02d\x02\
e\x01\xcb\x02g\x02g\x01\xcd\x02j\x02j\x01\xce\x02\
w\x02w\x01\xcf\x02y\x02y\x01\xd0\x02{\x02{\x01\
\xd1\x02\x7f\x02\x83\x01\xd2\x02\x8b\x02\x90\x01\xd7\x02\x96\x02\
\x9c\x01\xdd\x02\xa0\x02\xa0\x01\xe4\x02\xa4\x02\xa4\x01\xe5\x02\
\xc1\x02\xc4\x01\xe6\x02\xdc\x02\xe1\x01\xea\x02\xe6\x02\xe7\x01\
\xf0\x00\x02\x018\x80\x00\x00\x02\x00\xc3\x80\x00\x00\x02\x01\
\x11\x80\x00\x00\x02\x00\xb4\x80\x00\x00\x02\x01\x14\x80\x00\x00\
\x01\x00\x02\x80\x00\x00\x02\x00\xb5\x80\x00\x00\x02\x00\xf3\x80\
\x00\x00\x02\x00\x9b\x80\x00\x00\x02\x00\xef\x80\x00\x00\x00\x00\
\x03\x80\x00\x00\x02\x01\x15\x80\x00\x00\x00\x00\x02\x80\x00\x00\
\x02\x019\x80\x00\x00\x02\x00\xa1\x80\x00\x00\x01\x00\x08\x80\
\x00\x00\x02\x01\x22\x80\x00\x00\x02\x01\x09\x80\x00\x00\x02\x00\
\xe6\x80\x00\x00\x02\x01$\x80\x00\x00\x00\x00\x04\x80\x00\x00\
\x02\x00s\x00\x01\x00\x1a\x00\x06\x00\x1b\x00\x1c\x00!\x00\
\x1d\x00\x1e\x00\x01\x00\x1f\x00$\x00\x04\x00%\x00(\x00\
\x01\x00*\x00,\x00\x01\x00.\x00A\x00\x01\x00B\x00\
B\x00\x04\x00E\x00F\x00\x01\x00G\x00N\x00\x04\x00\
O\x00a\x00\x01\x00b\x00c\x00\x22\x00d\x00n\x00\
\x01\x00o\x00p\x00#\x00q\x00x\x00\x01\x00y\x00\
\x97\x00\x04\x00\x98\x00\x9a\x00\x01\x00\x9b\x00\x9b\x00\x04\x00\
\x9c\x00\xa1\x00\x01\x00\xa2\x00\xa8\x00\x12\x00\xaa\x00\xaf\x00\
\x14\x00\xb0\x00\xc5\x00\x07\x00\xc7\x00\xcb\x00\x17\x00\xcd\x00\
\xd5\x00\x0d\x00\xd6\x00\xd9\x00\x19\x00\xda\x00\xf5\x00\x05\x00\
\xf8\x01\x01\x00\x02\x01\x02\x01\x03\x00'\x01\x04\x01\x18\x00\
\x02\x01\x1c\x01\x1d\x00\x0c\x01\x1e\x01%\x00\x10\x01*\x01\
9\x00\x0b\x01:\x01<\x00 \x01@\x01@\x00\x0a\x01\
H\x01Q\x00\x0a\x01R\x01p\x00\x02\x01q\x01r\x00\
*\x01t\x01t\x00\x02\x01u\x01z\x00\x0a\x01{\x01\
\x81\x00\x13\x01\x83\x01\x83\x00\x0c\x01\x84\x01\x89\x00\x16\x01\
\x8a\x01\x9f\x00\x08\x01\xa1\x01\xa5\x00\x18\x01\xa7\x01\xaf\x00\
\x0e\x01\xb0\x01\xb3\x00\x1c\x01\xb4\x01\xba\x00\x0c\x01\xbb\x01\
\xbc\x00)\x01\xbd\x01\xbd\x00\x1d\x01\xbe\x01\xc2\x00\x03\x01\
\xc5\x01\xc5\x00\x03\x01\xc7\x01\xc9\x00\x03\x01\xcc\x01\xce\x00\
\x03\x01\xd0\x01\xd1\x00\x03\x01\xd3\x01\xd4\x00\x03\x01\xd6\x01\
\xd7\x00\x03\x01\xd9\x01\xd9\x00\x0f\x01\xdd\x01\xdd\x00\x1e\x01\
\xdf\x01\xe4\x00\x03\x01\xe5\x01\xe5\x00\x0f\x01\xe7\x01\xe7\x00\
\x03\x01\xe8\x01\xe8\x00+\x01\xeb\x01\xec\x00\x03\x01\xed\x01\
\xed\x00,\x01\xee\x01\xee\x00\x0f\x01\xef\x01\xef\x00\x03\x01\
\xf1\x01\xf1\x00\x0f\x01\xf8\x01\xfa\x00\x03\x01\xfb\x01\xfb\x00\
\x0f\x01\xfc\x01\xff\x00\x03\x02\x02\x02\x02\x00\x0f\x02\x03\x02\
\x04\x00%\x02\x05\x02\x05\x00\x1e\x02\x06\x02\x06\x00\x0f\x02\
\x09\x02\x0a\x00\x03\x02\x0d\x02\x0d\x00\x03\x02\x0f\x02\x0f\x00\
\x03\x02\x11\x02\x12\x00\x03\x02\x14\x02\x14\x00\x03\x02\x15\x02\
\x16\x00\x1d\x02\x18\x02\x18\x00\x03\x02\x19\x02\x1a\x00$\x02\
\x1e\x02\x1f\x00\x03\x02(\x02(\x00\x03\x02*\x02*\x00\
\x1e\x02.\x02.\x00-\x020\x020\x00\x03\x023\x02\
3\x00\x1a\x02=\x02?\x00\x09\x02K\x02K\x00\x09\x02\
M\x02M\x00(\x02N\x02N\x00\x09\x02P\x02Q\x00\
\x11\x02R\x02R\x00\x09\x02S\x02S\x00\x1f\x02^\x02\
^\x00.\x02_\x02_\x00\x09\x02c\x02c\x00/\x02\
j\x02j\x00\x09\x02k\x02k\x00\x11\x02v\x02w\x00\
\x09\x02y\x02y\x00\x11\x02{\x02{\x00\x1f\x02\x8b\x02\
\x8d\x00\x1a\x02\x8e\x02\x8e\x00\x09\x02\x96\x02\x98\x00\x09\x02\
\x9a\x02\x9c\x00\x11\x02\xa0\x02\xa0\x00\x1f\x02\xa4\x02\xa4\x00\
\x11\x02\xa6\x02\xa6\x00(\x02\xc1\x02\xc2\x00\x1b\x02\xc3\x02\
\xc4\x00&\x02\xdc\x02\xdd\x00\x1b\x02\xde\x02\xe1\x00\x15\x02\
\xe6\x02\xe7\x00\x15\x00\x02\x00\x8d\x00\x01\x00\x1a\x00\x02\x00\
\x1d\x00\x1e\x002\x00\x1f\x00$\x00\x16\x00&\x00'\x00\
\x17\x00+\x00,\x00\x0f\x00.\x00A\x00\x08\x00E\x00\
F\x004\x00G\x00M\x00\x11\x00b\x00c\x00 \x00\
d\x00f\x00/\x00g\x00g\x00#\x00h\x00h\x00\
 \x00i\x00i\x00#\x00k\x00k\x00#\x00n\x00\
n\x00#\x00o\x00p\x005\x00r\x00r\x00 \x00\
x\x00x\x00 \x00\x97\x00\x97\x00\x08\x00\x98\x00\x99\x00\
6\x00\x9c\x00\xa1\x00\x19\x00\xa2\x00\xa8\x00\x12\x00\xaa\x00\
\xaf\x00\x1a\x00\xb0\x00\xc5\x00\x06\x00\xc7\x00\xcb\x00!\x00\
\xcd\x00\xd5\x00\x0e\x00\xd6\x00\xd9\x00\x17\x00\xda\x00\xf3\x00\
\x03\x00\xf4\x00\xf5\x00\x05\x00\xf6\x00\xf7\x00\x01\x00\xf8\x00\
\xfd\x00\x1b\x00\xfe\x01\x01\x00'\x01\x02\x01\x03\x00\x0f\x01\
\x05\x01\x18\x00\x05\x01\x19\x01\x19\x00\x01\x01\x1c\x01\x1d\x00\
)\x01\x1e\x01%\x00\x10\x01&\x01)\x00\x0a\x01=\x01\
@\x00*\x01A\x01D\x00\x1c\x01H\x01N\x00\x0a\x01\
P\x01P\x00\x0a\x01R\x01o\x00\x01\x01p\x01p\x00\
\x05\x01q\x01s\x00\x01\x01t\x01t\x00=\x01u\x01\
z\x00\x1e\x01{\x01\x81\x00\x14\x01\x83\x01\x83\x00)\x01\
\x84\x01\x89\x00\x1f\x01\x8a\x01\x9f\x00\x07\x01\xa0\x01\xa0\x00\
\x0d\x01\xa1\x01\xa5\x00\x22\x01\xa7\x01\xaf\x00\x0d\x01\xb0\x01\
\xb3\x00\x0f\x01\xb4\x01\xb4\x00)\x01\xb7\x01\xb7\x00\x1c\x01\
\xba\x01\xba\x00\x1c\x01\xbd\x01\xbd\x00+\x01\xbf\x01\xbf\x00\
%\x01\xc0\x01\xc2\x00\x18\x01\xc7\x01\xc9\x00.\x01\xca\x01\
\xca\x00\x0c\x01\xcb\x01\xcb\x00%\x01\xcc\x01\xce\x00\x04\x01\
\xd0\x01\xd1\x00\x0c\x01\xd2\x01\xd4\x00\x04\x01\xd5\x01\xd5\x00\
\x0b\x01\xd6\x01\xd6\x00\x04\x01\xd7\x01\xd7\x003\x01\xd8\x01\
\xd8\x00,\x01\xd9\x01\xd9\x00\x18\x01\xdd\x01\xdd\x00-\x01\
\xde\x01\xde\x00\x04\x01\xe0\x01\xe0\x00\x04\x01\xe2\x01\xe2\x00\
\x04\x01\xe4\x01\xe4\x00\x04\x01\xe8\x01\xe8\x009\x01\xe9\x01\
\xe9\x00,\x01\xea\x01\xea\x00\x0b\x01\xeb\x01\xec\x00\x04\x01\
\xed\x01\xed\x00:\x01\xef\x01\xef\x00\x0b\x01\xf0\x01\xf0\x00\
\x04\x01\xf4\x01\xf4\x00\x0b\x01\xf6\x01\xf6\x00\x0c\x01\xf7\x01\
\xf7\x00%\x01\xf8\x01\xfb\x00\x0c\x01\xfd\x01\xfd\x00\x18\x02\
\x01\x02\x01\x00,\x02\x02\x02\x02\x00\x18\x02\x03\x02\x04\x00\
7\x02\x05\x02\x05\x00-\x02\x08\x02\x08\x00\x04\x02\x0d\x02\
\x0d\x00\x04\x02\x0e\x02\x0e\x00\x0c\x02\x10\x02\x10\x00\x04\x02\
\x12\x02\x14\x00\x04\x02\x15\x02\x16\x00+\x02\x19\x02\x1a\x00\
\x0b\x02\x1b\x02\x1b\x00\x0c\x02\x1c\x02\x1c\x00%\x02\x1e\x02\
\x1f\x00\x04\x02 \x02#\x00\x0b\x02'\x02(\x00\x04\x02\
*\x02*\x00-\x020\x020\x003\x023\x023\x00\
0\x024\x024\x00\x09\x02=\x02?\x00\x13\x02K\x02\
K\x00\x09\x02M\x02M\x00\x09\x02N\x02N\x00$\x02\
P\x02Q\x00\x15\x02R\x02R\x00\x09\x02S\x02S\x00\
1\x02^\x02^\x00;\x02_\x02_\x00$\x02`\x02\
`\x00\x09\x02d\x02d\x00(\x02e\x02e\x00\x09\x02\
g\x02g\x00(\x02j\x02j\x00\x09\x02w\x02w\x00\
$\x02y\x02y\x00\x15\x02{\x02{\x001\x02\x7f\x02\
\x80\x00(\x02\x81\x02\x82\x00\x13\x02\x83\x02\x83\x00<\x02\
\x8b\x02\x8c\x000\x02\x8d\x02\x8e\x00\x13\x02\x8f\x02\x90\x00\
\x09\x02\x96\x02\x99\x00\x09\x02\x9a\x02\x9c\x00\x15\x02\xa0\x02\
\xa0\x001\x02\xa4\x02\xa4\x00\x15\x02\xc1\x02\xc2\x00&\x02\
\xc3\x02\xc4\x008\x02\xdc\x02\xdd\x00&\x02\xde\x02\xe1\x00\
\x1d\x02\xe6\x02\xe7\x00\x1d\x00\x01\x03\x8c\x00D\x00\x00\x01\
\xc16\x986\x986x6x6x6x6x6\
x6x6\x986x6x6x6x6x6\
x6\x986x6\x986x6\x986x6\x986\
x6x6\x986^6^6P6P6P6\
P6P6P6*6*6*6*6\x1c6\
\x1c6*6\x0e6\x0e6\x0e6*5\xd05\xc85\
\xba5\xba5\xba5\xba5\xba5\xba5\xba5X5\
D5D4\xc44z3\xe24z3\xb64z3\
\xae3\xae6*6*6*6*6*6*6\
*6*6*6*6*6*6*6*6\
*6*6*6*6*6*6*6*3\
\x946*6*6*6*6*6*6*3\
,3,1\xf26*1\xde1\xde1\xde1\xde1\
\xde1\xde1\xc41\xc41\xc41\xc41\xc41\xc41\
\xc41V0\xfa0\xc20\xc20\xc20\xc20\xc20\
\xba0\xba0\xba0\xba0\xba0\xba0\xba0\xba0\
\xba0\xba0\xba0\xba0\xba0\xba0\xba0\xba0\
\xba0\xba0\xba0\xba0\xba0\xba)\xfe)\xd8)\
\xd8)\xd8)\xd8)\xd8$\xba$j$j$j$\
j$j$j$j$j$j$\x5c$\x5c$\
\x5c$\x5c$\x5c$\x5c$\x5c$\x5c$\x5c$\x5c$\
\x5c$\x5c$\x5c$\x5c$\x5c$\x5c$\x5c$\x5c$\
\x5c$\x5c$\x5c$\x5c$\x5c$\x5c$\x5c$\x5c$\
B$B$\x1c$\x08#\xe8#\xd4#\xd4#\xd4#\
\xd4#\xd4#\xc6#\xc6#\xc6#\xc66\x1c6\x1c$\
B$B$B$B$B$B$B$B$\
B$B$B$B$B$B#\xb2$B$\
B$B#\xa4$B$\x08#$#\x04\x22\xba\x22\
\xa0\x22\xa0\x22\xa0\x22\xa0\x22\xa0\x22\xa0\x22\xa0\x22\x92\x22\
\x92\x22\x92\x22\x92\x22\x84\x22\x84\x22\x84\x22\x84\x22v\x22\
v\x22v\x22v\x22\x92\x22\x92\x22\x92\x22\x92\x22\x92\x22\
\x92\x22\x92\x22\x92$\x08$\x08$\x08$\x08$\x08$\
\x08$\x08$\x08$\x08\x22\x5c$\x08$\x08$\x08$\
\x08$\x08$\x08$\x08$\x08$\x08$\x08$\x08$\
\x08\x220$\x08$\x08$\x08$\x08$\x08$\x08$\
\x08$B$\x1c$\x08$\x08\x22\x22\x22\x0e\x22\x00\x22\
\x00\x22\x00!\xc2\x22\x00!\xae!\xae!\xae!\xae!\
\xae!\xae!\xae\x1e\x16#\x04\x1e\x08\x1e\x08\x1e\x08\x1e\
\x08\x1e\x08\x1e\x08\x1e\x00\x1e\x00\x1e\x00\x1e\x00\x1e\x00\x1e\
\x00\x1e\x00\x1e\x00\x1e\x00\x1e\x00\x1e\x00\x1e\x00\x1e\x00\x1e\
\x00\x1e\x00\x1e\x00\x1e\x00\x1e\x00\x1e\x00\x1e\x00\x1e\x00\x1e\
\x00\x1d\xc2\x1d\xa2\x1d\x8e\x1d\x8e\x1d\x8e\x1d\x8e\x1b\x88\x1b\
t\x1bf\x1bf\x1bf\x1bf\x1bf\x1bf\x1bf\x1b\
f\x1bX6\x1c6\x1c6\x1c#\x04\x22v\x22v\x19\
j\x19\x02\x18\xfa\x18\x8c\x18l\x18l\x18l\x18d\x18\
d\x18d\x18J\x18<\x17\x92\x17H\x16\xbc\x16x\x16\
X\x16,\x18<\x16\x12\x18<\x18<\x18d\x18d\x18\
d\x18d\x18d\x18l\x18l\x15t\x15H\x15.\x18\
d\x15 \x15 \x14\xb8\x18<\x18d\x18<\x18<\x18\
<\x18<\x15.\x13~\x13F\x12\xf0\x12\xd6\x12\xbc\x12\
\xb4\x12\xa6\x12\x86\x12\x12\x11\xb0\x11\x9c\x11\x94\x11\x94\x11\
z\x11T\x11:\x10\xfc\x10\xee\x10\xee\x11\x94\x10\xb6\x10\
\x84\x11\x94\x11\x94\x11\x94\x104\x0f\xcc\x0f\xc4\x0f\xbc\x0f\
\xae\x0f\xa6\x0fJ\x0fB\x0e\xf8\x0e\xf0\x0e\xa6\x0e\xa6\x0e\
\x8c\x0e\x8c\x0d\xfa\x0d\xce\x0a\xa8\x08\x12\x07>\x0e\xa6\x0e\
\xa6\x06j\x06D\x06j\x06\x12\x05\xce\x05~\x06D\x06\
D\x05.\x00\x02\x00E\x00\x01\x00\x1a\x00\x00\x00\x1d\x00\
%\x00\x1a\x00(\x00.\x00#\x00<\x00<\x00*\x00\
@\x00@\x00+\x00B\x00B\x00,\x00E\x00M\x00\
-\x00d\x00g\x006\x00i\x00l\x00:\x00n\x00\
p\x00>\x00y\x00\x96\x00A\x00\x98\x00\xd5\x00_\x00\
\xda\x01\x03\x00\x9d\x01\x05\x01\x19\x00\xc7\x01\x1c\x01)\x00\
\xdc\x01=\x01D\x00\xea\x01H\x01N\x00\xf2\x01P\x01\
P\x00\xf9\x01R\x01\xb4\x00\xfa\x01\xb7\x01\xb7\x01]\x01\
\xba\x01\xbb\x01^\x01\xbd\x01\xc2\x01`\x01\xca\x01\xca\x01\
f\x01\xd0\x01\xd1\x01g\x01\xd3\x01\xd3\x01i\x01\xd5\x01\
\xd5\x01j\x01\xd7\x01\xd9\x01k\x01\xdd\x01\xdd\x01n\x01\
\xe7\x01\xe8\x01o\x01\xea\x01\xea\x01q\x01\xed\x01\xed\x01\
r\x01\xef\x01\xef\x01s\x01\xf4\x01\xf4\x01t\x01\xf6\x01\
\xf6\x01u\x01\xf8\x01\xfb\x01v\x01\xfd\x01\xfd\x01z\x02\
\x02\x02\x05\x01{\x02\x0e\x02\x0e\x01\x7f\x02\x15\x02\x16\x01\
\x80\x02\x19\x02\x1b\x01\x82\x02 \x02#\x01\x85\x02*\x02\
*\x01\x89\x02.\x02.\x01\x8a\x020\x020\x01\x8b\x02\
3\x025\x01\x8c\x02<\x02<\x01\x8f\x02@\x02@\x01\
\x90\x02K\x02K\x01\x91\x02M\x02Q\x01\x92\x02S\x02\
S\x01\x97\x02Y\x02Y\x01\x98\x02[\x02[\x01\x99\x02\
^\x02_\x01\x9a\x02w\x02w\x01\x9c\x02y\x02y\x01\
\x9d\x02\x7f\x02\x7f\x01\x9e\x02\x83\x02\x83\x01\x9f\x02\x9a\x02\
\x9c\x01\xa0\x02\xa4\x02\xa4\x01\xa3\x02\xaa\x02\xac\x01\xa4\x02\
\xae\x02\xb3\x01\xa7\x02\xc1\x02\xc4\x01\xad\x02\xc9\x02\xc9\x01\
\xb1\x02\xcc\x02\xcc\x01\xb2\x02\xce\x02\xcf\x01\xb3\x02\xd1\x02\
\xd1\x01\xb5\x02\xdc\x02\xe3\x01\xb6\x02\xe6\x02\xe7\x01\xbe\x02\
\xeb\x02\xeb\x01\xc0\x00\x0d\x00\xaa\xff\xf31\x16\x00\xab\xff\
\xf31\x16\x00\xac\xff\xf31\x16\x00\xad\xff\xf31\x16\x00\
\xae\xff\xf31\x16\x00\xaf\xff\xf31\x16\x01\xd9\xff\xf31\
\x16\x01\xe5\xff\xf31\x16\x01\xee\xff\xf31\x16\x01\xf1\xff\
\xf31\x16\x01\xfb\xff\xf31\x16\x02\x02\xff\xf31\x16\x02\
\x06\xff\xf31\x16\x00\x0d\x00\xaa\xff\xef/\xae\x00\xab\xff\
\xef/\xae\x00\xac\xff\xef/\xae\x00\xad\xff\xef/\xae\x00\
\xae\xff\xef/\xae\x00\xaf\xff\xef/\xae\x01\xd9\xff\xef/\
\xae\x01\xe5\xff\xef/\xae\x01\xee\xff\xef/\xae\x01\xf1\xff\
\xef/\xae\x01\xfb\xff\xef/\xae\x02\x02\xff\xef/\xae\x02\
\x06\xff\xef/\xae\x00\x0b\x00\xcd\xff\xf90|\x00\xce\xff\
\xf90|\x00\xcf\xff\xf90|\x00\xd0\xff\xf90|\x00\
\xd1\xff\xf90|\x00\xd2\xff\xf90|\x00\xd3\xff\xf90\
|\x00\xd4\xff\xf90|\x00\xd5\xff\xf90|\x02\x03\xff\
\xf90|\x02\x04\xff\xf90|\x00\x08\x01\x02\xff\xfc0\
\x04\x01\x03\xff\xfc0\x04\x01\xbd\xff\xc10F\x01\xed\xff\
\xdf0F\x02\x19\xff\xf908\x023\xff\xf30F\x02\
K\xff\xe902\x02^\xff\xf302\x00\x06\x01\xbd\xff\
\xc10\x14\x01\xed\xff\xdf0\x14\x02\x19\xff\xf90\x06\x02\
3\xff\xf30\x14\x02K\xff\xe90\x00\x02^\xff\xf30\
\x00\x00#\x00\x01\xff\xc70T\x00\x02\xff\xc70T\x00\
\x03\xff\xc70T\x00\x04\xff\xc70T\x00\x05\xff\xc70\
T\x00\x06\xff\xc70T\x00\x07\xff\xc70T\x00\x08\xff\
\xc70T\x00\x09\xff\xc70T\x00\x0a\xff\xc70T\x00\
\x0b\xff\xc70T\x00\x0c\xff\xc70T\x00\x0d\xff\xc70\
T\x00\x0e\xff\xc70T\x00\x0f\xff\xc70T\x00\x10\xff\
\xc70T\x00\x11\xff\xc70T\x00\x12\xff\xc70T\x00\
\x13\xff\xc70T\x00\x14\xff\xc70T\x00\x15\xff\xc70\
T\x00\x16\xff\xc70T\x00\x17\xff\xc70T\x00\x18\xff\
\xc70T\x00\x19\xff\xc70T\x00\x1a\xff\xc70T\x00\
\x1b\xff\xb30T\x01\xbd\xff\xc70T\x01\xed\xff\xdf/\
\xee\x02\x15\xff\xc70T\x02\x16\xff\xc70T\x02\x19\xff\
\xf9/\xe0\x023\xff\xf3/\xee\x02K\xff\xe9/\xda\x02\
^\xff\xf3/\xda\x00#\x00\xaa\xff\xef-\xee\x00\xab\xff\
\xef-\xee\x00\xac\xff\xef-\xee\x00\xad\xff\xef-\xee\x00\
\xae\xff\xef-\xee\x00\xaf\xff\xef-\xee\x00\xc6\xff\xe5/\
\x80\x00\xc7\xff\xfd/\x1a\x00\xc8\xff\xfd/\x1a\x00\xc9\xff\
\xfd/\x1a\x00\xca\xff\xfd/\x1a\x00\xcb\xff\xfd/\x1a\x00\
\xcc\xff\xf9/\x0c\x00\xcd\xff\xef-\xee\x00\xce\xff\xef-\
\xee\x00\xcf\xff\xef-\xee\x00\xd0\xff\xef-\xee\x00\xd1\xff\
\xef-\xee\x00\xd2\xff\xef-\xee\x00\xd3\xff\xef-\xee\x00\
\xd4\xff\xef-\xee\x00\xd5\xff\xef-\xee\x01\xd9\xff\xef-\
\xee\x01\xdd\xff\xf9/\x0c\x01\xe5\xff\xef-\xee\x01\xee\xff\
\xef-\xee\x01\xf1\xff\xef-\xee\x01\xfb\xff\xef-\xee\x02\
\x02\xff\xef-\xee\x02\x03\xff\xef-\xee\x02\x04\xff\xef-\
\xee\x02\x05\xff\xf9/\x0c\x02\x06\xff\xef-\xee\x02*\xff\
\xf9/\x0c\x02.\xff\xfd/\x1a\x00n\x00\x1f\xff\xf9.\
8\x00 \xff\xf9.8\x00!\xff\xf9.8\x00\x22\xff\
\xf9.8\x00#\xff\xf9.8\x00$\xff\xf9.8\x00\
B\xff\xf9.8\x00G\xff\xf9.8\x00H\xff\xf9.\
8\x00I\xff\xf9.8\x00J\xff\xf9.8\x00K\xff\
\xf9.8\x00L\xff\xf9.8\x00M\xff\xf9.8\x00\
N\xff\xf9.8\x00y\xff\xf9.8\x00z\xff\xf9.\
8\x00{\xff\xf9.8\x00|\xff\xf9.8\x00}\xff\
\xf9.8\x00~\xff\xf9.8\x00\x7f\xff\xf9.8\x00\
\x80\xff\xf9.8\x00\x81\xff\xf9.8\x00\x82\xff\xf9.\
8\x00\x83\xff\xf9.8\x00\x84\xff\xf9.8\x00\x85\xff\
\xf9.8\x00\x86\xff\xf9.8\x00\x87\xff\xf9.8\x00\
\x88\xff\xf9.8\x00\x89\xff\xf9.8\x00\x8a\xff\xf9.\
8\x00\x8b\xff\xf9.8\x00\x8c\xff\xf9.8\x00\x8d\xff\
\xf9.8\x00\x8e\xff\xf9.8\x00\x8f\xff\xf9.8\x00\
\x90\xff\xf9.8\x00\x91\xff\xf9.8\x00\x92\xff\xf9.\
8\x00\x93\xff\xf9.8\x00\x94\xff\xf9.8\x00\x95\xff\
\xf9.8\x00\x96\xff\xf9.8\x00\x97\xff\xf9.8\x00\
\x9b\xff\xf9.8\x00\xa2\xff\xf6-\x84\x00\xa3\xff\xf6-\
\x84\x00\xa4\xff\xf6-\x84\x00\xa5\xff\xf6-\x84\x00\xa6\xff\
\xf6-\x84\x00\xa7\xff\xf6-\x84\x00\xa8\xff\xf6-\x84\x00\
\xaa\xff\xec)&\x00\xab\xff\xec)&\x00\xac\xff\xec)\
&\x00\xad\xff\xec)&\x00\xae\xff\xec)&\x00\xaf\xff\
\xec)&\x00\xb0\xff\xf6-\x84\x00\xb1\xff\xf6-\x84\x00\
\xb2\xff\xf6-\x84\x00\xb3\xff\xf6-\x84\x00\xb4\xff\xf6-\
\x84\x00\xb5\xff\xf6-\x84\x00\xb6\xff\xf6-\x84\x00\xb7\xff\
\xf6-\x84\x00\xb8\xff\xf6-\x84\x00\xb9\xff\xf6-\x84\x00\
\xba\xff\xf6-\x84\x00\xbb\xff\xf6-\x84\x00\xbc\xff\xf6-\
\x84\x00\xbd\xff\xf6-\x84\x00\xbe\xff\xf6-\x84\x00\xbf\xff\
\xf6-\x84\x00\xc0\xff\xf6-\x84\x00\xc1\xff\xf6-\x84\x00\
\xc2\xff\xf6-\x84\x00\xc3\xff\xf6-\x84\x00\xc4\xff\xf6-\
\x84\x00\xc5\xff\xf6-\x84\x00\xc6\xff\xec(\x96\x00\xc7\xff\
\xef-\x1a\x00\xc8\xff\xef-\x1a\x00\xc9\xff\xef-\x1a\x00\
\xca\xff\xef-\x1a\x00\xcb\xff\xef-\x1a\x00\xcd\xff\xec)\
&\x00\xce\xff\xec)&\x00\xcf\xff\xec)&\x00\xd0\xff\
\xec)&\x00\xd1\xff\xec)&\x00\xd2\xff\xec)&\x00\
\xd3\xff\xec)&\x00\xd4\xff\xec)&\x00\xd5\xff\xec)\
&\x01\xd9\xff\xec)&\x01\xe5\xff\xec)&\x01\xe8\xff\
\xf6-\x84\x01\xee\xff\xec)&\x01\xf1\xff\xec)&\x01\
\xfb\xff\xec)&\x02\x02\xff\xec)&\x02\x03\xff\xec)\
&\x02\x04\xff\xec)&\x02\x06\xff\xec)&\x02\x19\xff\
\xf9.8\x02\x1a\xff\xf9.8\x02.\xff\xef-\x1a\x00\
\x86\x00\x1f\xff\xf9+\xa2\x00 \xff\xf9+\xa2\x00!\xff\
\xf9+\xa2\x00\x22\xff\xf9+\xa2\x00#\xff\xf9+\xa2\x00\
$\xff\xf9+\xa2\x00B\xff\xf9+\xa2\x00G\xff\xf9+\
\xa2\x00H\xff\xf9+\xa2\x00I\xff\xf9+\xa2\x00J\xff\
\xf9+\xa2\x00K\xff\xf9+\xa2\x00L\xff\xf9+\xa2\x00\
M\xff\xf9+\xa2\x00N\xff\xf9+\xa2\x00y\xff\xf9+\
\xa2\x00z\xff\xf9+\xa2\x00{\xff\xf9+\xa2\x00|\xff\
\xf9+\xa2\x00}\xff\xf9+\xa2\x00~\xff\xf9+\xa2\x00\
\x7f\xff\xf9+\xa2\x00\x80\xff\xf9+\xa2\x00\x81\xff\xf9+\
\xa2\x00\x82\xff\xf9+\xa2\x00\x83\xff\xf9+\xa2\x00\x84\xff\
\xf9+\xa2\x00\x85\xff\xf9+\xa2\x00\x86\xff\xf9+\xa2\x00\
\x87\xff\xf9+\xa2\x00\x88\xff\xf9+\xa2\x00\x89\xff\xf9+\
\xa2\x00\x8a\xff\xf9+\xa2\x00\x8b\xff\xf9+\xa2\x00\x8c\xff\
\xf9+\xa2\x00\x8d\xff\xf9+\xa2\x00\x8e\xff\xf9+\xa2\x00\
\x8f\xff\xf9+\xa2\x00\x90\xff\xf9+\xa2\x00\x91\xff\xf9+\
\xa2\x00\x92\xff\xf9+\xa2\x00\x93\xff\xf9+\xa2\x00\x94\xff\
\xf9+\xa2\x00\x95\xff\xf9+\xa2\x00\x96\xff\xf9+\xa2\x00\
\x97\xff\xf9+\xa2\x00\x9b\xff\xf9+\xa2\x00\xa2\xff\xf6*\
\xee\x00\xa3\xff\xf6*\xee\x00\xa4\xff\xf6*\xee\x00\xa5\xff\
\xf6*\xee\x00\xa6\xff\xf6*\xee\x00\xa7\xff\xf6*\xee\x00\
\xa8\xff\xf6*\xee\x00\xf8\xff\xec&\x90\x00\xf9\xff\xec&\
\x90\x00\xfa\xff\xec&\x90\x00\xfb\xff\xec&\x90\x00\xfc\xff\
\xec&\x90\x00\xfd\xff\xec&\x90\x00\xfe\xff\xec&\x90\x00\
\xff\xff\xec&\x90\x01\x00\xff\xec&\x90\x01\x01\xff\xec&\
\x90\x01\x04\xff\xec&\x90\x01\x05\xff\xec&\x90\x01\x06\xff\
\xec&\x90\x01\x07\xff\xec&\x90\x01\x08\xff\xec&\x90\x01\
\x09\xff\xec&\x90\x01\x0a\xff\xec&\x90\x01\x0b\xff\xec&\
\x90\x01\x0c\xff\xec&\x90\x01\x0d\xff\xec&\x90\x01\x0e\xff\
\xec&\x90\x01\x0f\xff\xec&\x90\x01\x10\xff\xec&\x90\x01\
\x11\xff\xec&\x90\x01\x12\xff\xec&\x90\x01\x13\xff\xec&\
\x90\x01\x14\xff\xec&\x90\x01\x15\xff\xec&\x90\x01\x16\xff\
\xec&\x90\x01\x17\xff\xec&\x90\x01\x18\xff\xec&\x90\x01\
R\xff\xec&\x90\x01S\xff\xec&\x90\x01T\xff\xec&\
\x90\x01U\xff\xec&\x90\x01V\xff\xec&\x90\x01W\xff\
\xec&\x90\x01X\xff\xec&\x90\x01Y\xff\xec&\x90\x01\
Z\xff\xec&\x90\x01[\xff\xec&\x90\x01\x5c\xff\xec&\
\x90\x01]\xff\xec&\x90\x01^\xff\xec&\x90\x01_\xff\
\xec&\x90\x01`\xff\xec&\x90\x01a\xff\xec&\x90\x01\
b\xff\xec&\x90\x01c\xff\xec&\x90\x01d\xff\xec&\
\x90\x01e\xff\xec&\x90\x01f\xff\xec&\x90\x01g\xff\
\xec&\x90\x01h\xff\xec&\x90\x01i\xff\xec&\x90\x01\
j\xff\xec&\x90\x01k\xff\xec&\x90\x01l\xff\xec&\
\x90\x01m\xff\xec&\x90\x01n\xff\xec&\x90\x01o\xff\
\xec&\x90\x01p\xff\xec&\x90\x01t\xff\xec&\x90\x01\
\xe8\xff\xf6*\xee\x02\x19\xff\xf9+\xa2\x02\x1a\xff\xf9+\
\xa2\x02=\xff\xec&\x90\x02>\xff\xec&\x90\x02?\xff\
\xec&\x90\x02K\xff\xec&\x90\x02N\xff\xec&\x90\x02\
R\xff\xec&\x90\x02_\xff\xec&\x90\x02j\xff\xec&\
\x90\x02v\xff\xec&\x90\x02w\xff\xec&\x90\x02\x8e\xff\
\xec&\x90\x02\x96\xff\xec&\x90\x02\x97\xff\xec&\x90\x02\
\x98\xff\xec&\x90\x00\x07\x00b\xff\xf6'\xc8\x00c\xff\
\xf6'\xc8\x00\xcc\xff\xf9(|\x01\xdd\xff\xf9(|\x01\
\xed\xff\xf6'\xc8\x02\x05\xff\xf9(|\x02*\xff\xf9(\
|\x00\x18\x00\xaa\xff\xf3(J\x00\xab\xff\xf3(J\x00\
\xac\xff\xf3(J\x00\xad\xff\xf3(J\x00\xae\xff\xf3(\
J\x00\xaf\xff\xf3(J\x00\xcd\xff\xef'2\x00\xce\xff\
\xef'2\x00\xcf\xff\xef'2\x00\xd0\xff\xef'2\x00\
\xd1\xff\xef'2\x00\xd2\xff\xef'2\x00\xd3\xff\xef'\
2\x00\xd4\xff\xef'2\x00\xd5\xff\xef'2\x01\xd9\xff\
\xf3(J\x01\xe5\xff\xf3(J\x01\xee\xff\xf3(J\x01\
\xf1\xff\xf3(J\x01\xfb\xff\xf3(J\x02\x02\xff\xf3(\
J\x02\x03\xff\xef'2\x02\x04\xff\xef'2\x02\x06\xff\
\xf3(J\x00\x04\x00\xc6\xff\xf9'\xbe\x01\xd9\xff\xc1'\
\xcc\x02\x03\xff\xd5'\xcc\x02.\xff\xf6'\x0a\x00\x0a\x00\
\xc6\xff\xd5'\xb2\x01\xa0\xff\xf0\x14\xe6\x01\xd7\xff\xfd'\
\xb2\x01\xd9\xff\xcb'\xb2\x02\x03\xff\xbe\x14\xe6\x02\x19\xff\
\xf9'\xa4\x02.\xff\xdb\x13H\x02K\xff\xf9(\x18\x02\
y\xff\xf0\x00D\x02\xa4\xff\xf9\x00>\x00\x02\x00{\x80\
\x00\x00\x02\x00\xad\x80\x00\x00\x01\x02\xb1\xff\xf3'h\x00\
\x0c\x00\xcd\xff\xfd'`\x00\xce\xff\xfd'`\x00\xcf\xff\
\xfd'`\x00\xd0\xff\xfd'`\x00\xd1\xff\xfd'`\x00\
\xd2\xff\xfd'`\x00\xd3\xff\xfd'`\x00\xd4\xff\xfd'\
`\x00\xd5\xff\xfd'`\x02\x03\xff\xfd'`\x02\x04\xff\
\xfd'`\x02\xb1\xff\xf1&\xbc\x00\x01\x02\xae\xff\xdf\x08\
\x00\x00\x0f\x00\xcd\xff\xfd'\x0e\x00\xce\xff\xfd'\x0e\x00\
\xcf\xff\xfd'\x0e\x00\xd0\xff\xfd'\x0e\x00\xd1\xff\xfd'\
\x0e\x00\xd2\xff\xfd'\x0e\x00\xd3\xff\xfd'\x0e\x00\xd4\xff\
\xfd'\x0e\x00\xd5\xff\xfd'\x0e\x02\x03\xff\xfd'\x0e\x02\
\x04\xff\xfd'\x0e\x02\xab\xff\xfd'\x0e\x02\xac\xff\xfd'\
\x0e\x02\xb1\xff\xf6\x00\x00\x02\xb3\xff\xfb\x0e\x9e\x00\x01\x02\
\xb1\xff\xf9&\xa4\x00\x02\x02\xab\xff\xf9&\x9c\x02\xb1\xff\
\xef'\x10\x00\x01\x02\xae\xff\xf9&\x8e\x00\x01\x02\xb1\xff\
\xf3\x07~\x00\x10\x00\xcc\xff\xfd&\x8c\x00\xcd\xff\xf9&\
~\x00\xce\xff\xf9&~\x00\xcf\xff\xf9&~\x00\xd0\xff\
\xf9&~\x00\xd1\xff\xf9&~\x00\xd2\xff\xf9&~\x00\
\xd3\xff\xf9&~\x00\xd4\xff\xf9&~\x00\xd5\xff\xf9&\
~\x01\xdd\xff\xfd&\x8c\x02\x03\xff\xf9&~\x02\x04\xff\
\xf9&~\x02\x05\xff\xfd&\x8c\x02*\xff\xfd&\x8c\x02\
\xb1\xff\xf5\x00b\x00\x02\x00\xc6\x80\x00\x00\x0c\x01\xbd\xff\
\xf3&$\x01\xd9\xff\xc1\x07\x0e\x01\xdd\xff\xe2\x19\x98\x01\
\xed\xff\xe2\x00\x00\x02\x03\xff\xdf&$\x02.\xff\xf6!\
\x1c\x023\xff\xfa\x00J\x02K\x00\x00\x00\x00\x02\xc1\xff\
\xed\x12\xca\x02\xc2\xff\xf1\x0d\x88\x02\xdc\xff\xed\x12\xca\x02\
\xdd\xff\xed\x12\xca\x00\x02\x00\xeb\x80\x00\x00\x05\x01\xd9\x00\
\x00\x00,\x02\x03\x00\x00#\xea\x02.\x00\x00\x11\xfa\x02\
3\xff\xe2\x00&\x02K\xff\xda\x00 \x00\x02\x01I\x80\
\x00\x00\x02\x01>\x80\x00\x00\x01\x00\x11\x80\x00\x00\x09\x01\
\xd9\xff\xc7&\x08\x02\x03\xff\xd1%\x94\x02.\xff\xf3%\
\xa2\x02\xde\xff\xe2$\xe0\x02\xdf\xff\xe2$\xe0\x02\xe0\xff\
\xe2$\xe0\x02\xe1\xff\xe2$\xe0\x02\xe6\xff\xe2$\xe0\x02\
\xe7\xff\xe2$\xe0\x00\x02\x02\xc2\xff\xff%\xd6\x02\xce\x00\
\x00\x22\x9a\x00\x0a\x01\xd9\xff\xc3\x12\x90\x01\xdd\xff\xf6 \
T\x02\x03\xff\xc6\x07b\x02.\xff\xf9%\xc2\x02\xde\xff\
\xf3%H\x02\xdf\xff\xf3%H\x02\xe0\xff\xf3%H\x02\
\xe1\xff\xf3%H\x02\xe6\xff\xf3%H\x02\xe7\xff\xf3%\
H\x00\x04\x02@\xff\xfb$z\x02O\xff\xdb$z\x02\
T\xff\xe1\x06\xf6\x02[\xff\xc8\x00\x00\x00\x05\x02@\xff\
\xfb$`\x02O\xff\xcf%p\x02S\xff\xf9%j\x02\
T\xff\xe3\x00 \x02[\xff\xcb$H\x00\x02\x00\xf0\x80\
\x00\x00\x04\x01\xd9\xff\xce\x1f\xc4\x02\x03\xff\xd8\x00\x00\x02\
.\xff\xf6\x1f\xd6\x02K\xff\xf3\x0c\x0e\x00\x01\x02\xc2\xff\
\xf1\x0c(\x00\x02\x02H\xff\xf0\x00\x0e\x02K\xff\xf9\x11\
b\x00\x02\x01\x1d\x80\x00\x00\x10\x01\xd9\xff\xd0\x01\x90\x02\
\x03\xff\xd6\x01:\x02.\xff\xfe$\x12\x02K\xff\xfb%\
\x0e\x02c\xff\xfd#\xec\x02\xc1\xff\xff%\x14\x02\xc2\xff\
\xff%\x14\x02\xce\x00\x00!\xd8\x02\xdc\xff\xff%\x14\x02\
\xdd\xff\xff%\x14\x02\xde\xff\xef#|\x02\xdf\xff\xef#\
|\x02\xe0\xff\xef#|\x02\xe1\xff\xef#|\x02\xe6\xff\
\xef#|\x02\xe7\xff\xef#|\x00\x12\x01\xd9\xff\xc1\x05\
0\x01\xdd\x00\x00!v\x02\x03\xff\xc4\x1eT\x02.\xff\
\xe5\x00n\x023\xff\xfd#\xa2\x02S\xff\xf3\x12$\x02\
c\xff\xfd#\x8a\x02\xa4\xff\xff$\xb2\x02\xc1\xff\xf9$\
\xac\x02\xc2\xff\xf9$\xac\x02\xdc\xff\xf9$\xac\x02\xdd\xff\
\xf9$\xac\x02\xde\xff\xe9$2\x02\xdf\xff\xe9$2\x02\
\xe0\xff\xe9$2\x02\xe1\xff\xe9$2\x02\xe6\xff\xe9$\
2\x02\xe7\xff\xe9$2\x00\x02\x00\xfb\x80\x00\x00\x05\x02\
<\xff\xf6#\x1c\x02@\xff\xff$>\x02H\xff\xfd#\
\x16\x02O\xff\xf9\x10x\x02\x5c\xff\xfc\x11\xca\x00\x02\x02\
3\xff\xfd\x10X\x02K\xff\xfb\x1e\x08\x00\x01\x02K\xff\
\xf7$\x10\x00\x04\x023\xff\xff\x10B\x02H\xff\xff$\
\x08\x02T\xff\xfe\x11\x94\x02\x5c\xff\xfe\x11\x94\x00\x03\x02\
<\xff\xf3#n\x02H\xff\xfa\x00\x14\x02\x5c\xff\xf9#\
t\x00\x02\x00\xec\x80\x00\x00\x0b\x01\xd9\xff\xc6\x00P\x02\
\x03\xff\xbb\x00J\x02.\xff\xe2\x00D\x02y\xff\xfd\x22\
\xac\x02\xa4\xff\xfc\x05n\x02\xde\xff\xe5#Z\x02\xdf\xff\
\xe5#Z\x02\xe0\xff\xe5#Z\x02\xe1\xff\xe5#Z\x02\
\xe6\xff\xe5#Z\x02\xe7\xff\xe5#Z\x00\x02\x01\x0b\x80\
\x00\x00\x02\x011\x80\x00\x00\x02\x00\xca\x80\x00\x00\x09\x02\
\xae\xff\xe5 <\x02\xb1\xff\xfd#\x12\x02\xc1\xff\x91 \
6\x02\xc2\xff\x99 0\x02\xc9\xff\xa9 <\x02\xce\xff\
\xcb\x22\xfe\x02\xcf\xff\xf6\x22P\x02\xd1\xff\xa9!\xd4\x02\
\xf0\xff\xf9#\x04\x00/\x01\xbd\xff\xe5\x22*\x01\xe8\xff\
\xfe\x22D\x02\x15\xff\xe5\x22*\x02\x16\xff\xe5\x22*\x02\
\x19\xff\xff#F\x02\x1a\xff\xff#F\x023\xff\xda\x01\
4\x02=\xff\xe4\x01.\x02>\xff\xe4\x01.\x02?\xff\
\xe4\x01.\x02K\xff\xe4\x01.\x02M\xff\xf6\x00\x00\x02\
N\xff\xe4\x01.\x02P\xff\xf6\x01(\x02Q\xff\xf6\x01\
(\x02R\xff\xe4\x01.\x02S\xff\xf6\x1d\xd2\x02^\xff\
\xf2\x01\x22\x02_\xff\xe4\x01.\x02j\xff\xe4\x01.\x02\
k\xff\xf6\x01(\x02v\xff\xe4\x01.\x02w\xff\xe4\x01\
.\x02y\xff\xf6\x01(\x02{\xff\xf6\x1d\xd2\x02\x8b\xff\
\xda\x014\x02\x8c\xff\xda\x014\x02\x8d\xff\xda\x014\x02\
\x8e\xff\xe4\x01.\x02\x96\xff\xe4\x01.\x02\x97\xff\xe4\x01\
.\x02\x98\xff\xe4\x01.\x02\x9a\xff\xf6\x01(\x02\x9b\xff\
\xf6\x01(\x02\x9c\xff\xf6\x01(\x02\xa0\xff\xf6\x1d\xd2\x02\
\xa4\xff\xf5\x01\x1c\x02\xa6\xff\xf6\x00\x00\x02\xc1\xff\xdb\x0e\
p\x02\xc2\xff\xdb\x0ep\x02\xc3\xff\xf6\x22\x18\x02\xc4\xff\
\xf6\x22\x18\x02\xce\xff\xf3\x22\xc6\x02\xcf\xff\xf9\x22\xcc\x02\
\xd1\xff\xfd\x22\xda\x02\xdc\xff\xdb\x0ep\x02\xdd\xff\xdb\x0e\
p\x00\x02\x01\x03\x80\x00\x00\x02\x00\xc5\x80\x00\x00\x02\x00\
\xfe\x80\x00\x00\x02\x01\x00\x80\x00\x00\x02\x01-\x80\x00\x00\
\x11\x01\xbd\xff\xfb\x090\x01\xd9\xff\xfd!\xa0\x01\xdd\xff\
\xf9!\x92\x01\xed\xff\xfd!\xa0\x02\x03\xff\xf9!\x92\x02\
\xb1\xff\xfd!\xa0\x02\xc1\xff\xf9!\x92\x02\xc2\xff\xf9!\
\x92\x02\xcf\xff\xf3!\x8c\x02\xdc\xff\xf9!\x92\x02\xdd\xff\
\xf9!\x92\x02\xde\xff\xf6 \xde\x02\xdf\xff\xf6 \xde\x02\
\xe0\xff\xf6 \xde\x02\xe1\xff\xf6 \xde\x02\xe6\xff\xf6 \
\xde\x02\xe7\xff\xf6 \xde\x00\x02\x02\xdf\xff\xc7!\x9e\x02\
\xe1\xff\xc7!\x9e\x00\x04\x02\xaa\xff\xfd!*\x02\xcc\xff\
\xf6 h\x02\xcf\xff\xf9!\x1c\x02\xd1\xff\xf9!\x1c\x00\
\x07\x02\xaa\xff\xf9!\x02\x02\xae\xff\xf6 N\x02\xb0\xff\
\xfd!\x10\x02\xb2\xff\xfd!\x10\x02\xce\xff\xef\x1f\xe4\x02\
\xd1\xff\xef\x1f\xe4\x02\xe3\xff\xfa\x0ff\x00\x18\x01\xbd\xff\
\xd8\x03\xea\x01\xd3\xff\xfd \xe4\x01\xe8\xff\xfd \xe4\x01\
\xed\xff\xec\x1b4\x02\x19\xff\xf9 \xd6\x023\xff\xba\x00\
\x98\x02K\xff\xc4\x1a\xf2\x02M\xff\xd7\x03\xea\x02S\xff\
\xd8\x00\x00\x02^\xff\xd1\x1b:\x02\xa4\xff\xdd\x1b:\x02\
\xaa\xff\xf9 \xd6\x02\xae\xff\xf6 \x22\x02\xb0\xff\xfd \
\xe4\x02\xb2\xff\xfd \xe4\x02\xc1\xff\xbe\x00\x92\x02\xc2\xff\
\xbe\x00\x92\x02\xc3\xff\xd1 \xd6\x02\xc4\xff\xd1 \xd6\x02\
\xce\xff\xef\x1f\xb8\x02\xd1\xff\xef\x1f\xb8\x02\xdc\xff\xbe\x00\
\x92\x02\xdd\xff\xbe\x00\x92\x02\xe3\xff\xfa\x0f:\x00\x02\x00\
\xab\x80\x00\x00\x02\x016\x80\x00\x00\x04\x02\xc1\xff\xe5 \
8\x02\xc2\xff\xe5 8\x02\xdc\xff\xe5 8\x02\xdd\xff\
\xe5 8\x00\x07\x01\xbd\xff\xfd ,\x01\xd3\xff\xfd \
,\x01\xdd\xff\xfd ,\x01\xe8\xff\xf9 \x1e\x02\x03\xff\
\xfd ,\x02\xce\xff\xf9 \x1e\x02\xcf\xff\xf3 \x18\x00\
\x04\x01\xd9\xff\xdd\x1fP\x01\xde\xff\xd1\x01\xd8\x01\xe5\xff\
\xd0\x1f\xbe\x01\xee\xff\xef\x00\x1a\x00\x02\x01\x01\x80\x00\x00\
\x0b\x01\xe8\xff\xfa\x1f*\x02\x19\xff\xf9\x1f\xd2\x023\xff\
\xf6\x1a\xd8\x02K\xff\xf6\x19\xee\x02^\xff\xec\x19\xf4\x02\
y\xff\xec\x1a\x12\x02\xa4\xff\xe2\x13T\x02\xaa\xff\xfd\x1f\
\xe0\x02\xcc\xff\xf6\x1f\x1e\x02\xcf\xff\xf9\x1f\xd2\x02\xd1\xff\
\xf9\x1f\xd2\x00\x16\x01\xbd\xff\xd7\x19\xf2\x01\xd3\xff\xf8\x01\
\xa2\x01\xed\xff\xe9\x1f\x9c\x02\x19\xff\xfd\x1f\x9c\x023\xff\
\xbf\x1f\x9c\x02K\xff\xc1\x00\x86\x02M\xff\xc7 \x02\x02\
S\xff\xce\x1a\x82\x02^\xff\xbf\x1e\xf8\x02c\xff\xf3\x00\
\x86\x02\xa4\xff\xc1\x00\x86\x02\xc1\xff\xcb\x1f\x9c\x02\xc2\xff\
\xcb\x1f\x9c\x02\xc3\xff\xc1\x1f\x9c\x02\xc4\xff\xc1\x1f\x9c\x02\
\xc9\xff\xf3\x1f\x88\x02\xce\xff\xec\x1a|\x02\xd1\xff\xef\x1e\
p\x02\xdc\xff\xcb\x1f\x9c\x02\xdd\xff\xcb\x1f\x9c\x02\xe2\xff\
\xef\x1ep\x02\xeb\xff\xfd\x1f\x9c\x00\x02\x00\xb7\x80\x00\x00\
\x0c\x01\xdd\xff\xfd\x1f\x10\x02\x03\xff\xfe\x1ez\x02\xc1\xff\
\xfd\x1f\x10\x02\xc2\xff\xfd\x1f\x10\x02\xdc\xff\xfd\x1f\x10\x02\
\xdd\xff\xfd\x1f\x10\x02\xde\xff\xf9\x1f\x02\x02\xdf\xff\xf9\x1f\
\x02\x02\xe0\xff\xf9\x1f\x02\x02\xe1\xff\xf9\x1f\x02\x02\xe6\xff\
\xf9\x1f\x02\x02\xe7\xff\xf9\x1f\x02\x00\x1a\x01\xbd\xff\xd3\x0c\
\xbe\x01\xc6\xff\xb9\x1ev\x01\xca\xff\xfd\x19\x1c\x01\xd2\xff\
\xcb\x1f2\x01\xdd\xff\xf6\x1b\xfc\x01\xe6\xff\xd1\x0c\x0c\x01\
\xe8\xff\xfd\x1e\xc6\x01\xed\xff\xeb\x00\xa4\x023\xff\xe7\x00\
\x9e\x02K\xff\xec\x1e0\x02S\x00\x00\x1b\xf6\x02^\xff\
\xf6\x1e\x04\x02\x8b\xff\xe7\x00\x9e\x02\x8c\xff\xe7\x00\x9e\x02\
\x8d\xff\xe7\x00\x9e\x02\xae\xff\xe5\x1b\xf0\x02\xb1\xff\xfd\x1e\
\xc6\x02\xc1\xff\x91\x1b\xea\x02\xc2\xff\x99\x1b\xe4\x02\xc9\xff\
\xa9\x1b\xf0\x02\xce\xff\xcb\x1e\xb2\x02\xcf\xff\xf6\x1e\x04\x02\
\xd1\xff\xa9\x1d\x88\x02\xdc\xffv\x0ah\x02\xdd\xffv\x0a\
h\x02\xf0\xff\xf9\x1e\xb8\x00\x02\x00\xf8\x80\x00\x00\x02\x00\
\xce\x80\x00\x00\x02\x02\xb1\xff\xfd\x1e\x1c\x02\xcf\xff\xf3\x1e\
\x08\x00\x03\x01\xd9\xff\xf8\x00\x14\x01\xe8\xff\xfb\x05\x9e\x02\
\x03\xff\xfd\x1e\x0e\x00\x02\x00\xd7\x80\x00\x00\x01\x02\xd1\xff\
\xf6\x1d2\x00\x05\x02\xc9\xff\xf3\x1d\xd8\x02\xce\xff\xec\x18\
\xcc\x02\xd1\xff\xef\x1c\xc0\x02\xe2\xff\xef\x1c\xc0\x02\xeb\xff\
\xfd\x1d\xec\x00\x0f\x01\xbd\xff\xff\x0ar\x01\xd9\xff\xe9\x00\
h\x01\xdd\xff\xeb\x1d\xe0\x02\x03\xff\xf9\x00b\x02.\xff\
\xfe\x0b\xc4\x02\xc1\xff\xf9\x1d\xbe\x02\xc2\xff\xf9\x1d\xbe\x02\
\xdc\xff\xf9\x1d\xbe\x02\xdd\xff\xf9\x1d\xbe\x02\xde\xff\xf1\x00\
\x5c\x02\xdf\xff\xf1\x00\x5c\x02\xe0\xff\xf1\x00\x5c\x02\xe1\xff\
\xf1\x00\x5c\x02\xe6\xff\xf1\x00\x5c\x02\xe7\xff\xf1\x00\x5c\x00\
\x02\x01\x19\x80\x00\x00\x02\x00\xf7\x80\x00\x00\x02\x010\x80\
\x00\x00\x01\x01\xde\xff\xe3\x1d\xca\x00\x0f\x01\xd9\xff\xd7\x17\
\xac\x01\xde\xff\xe7\x1c\xb2\x01\xe5\xff\xf4\x00b\x01\xe8\xff\
\xfd\x1dV\x02\x03\xff\xd8\x00\x5c\x02\x19\xff\xfb\x04\xe6\x02\
.\xff\xe5\x1c\xa6\x02y\xff\xf9\x1d\xbc\x02\xa4\xff\xf0\x0b\
N\x02\xde\xff\xc1\x1dV\x02\xdf\xff\xc7\x1d\xbc\x02\xe0\xff\
\xc1\x1dV\x02\xe1\xff\xc7\x1d\xbc\x02\xe6\xff\xc1\x1dV\x02\
\xe7\xff\xc1\x1dV\x00\x02\x00\xe2\x80\x00\x00\x02\x00\xbd\x80\
\x00\x00Q\x00\x1d\x00\x00\x00\x00\x00\x1e\x00\x00\x00\x00\x00\
%\x00\x00\x00\x00\x00&\x00\x00\x00\x00\x00'\x00\x00\x00\
\x00\x00(\x00\x00\x00\x00\x00*\x00\x00\x00\x00\x00+\x00\
\x00\x00\x00\x00,\x00\x00\x00\x00\x00.\x00\x00\x00\x00\x00\
/\x00\x00\x00\x00\x000\x00\x00\x00\x00\x001\x00\x00\x00\
\x00\x002\x00\x00\x00\x00\x003\x00\x00\x00\x00\x004\x00\
\x00\x00\x00\x005\x00\x00\x00\x00\x006\x00\x00\x00\x00\x00\
7\x00\x00\x00\x00\x008\x00\x00\x00\x00\x009\x00\x00\x00\
\x00\x00:\x00\x00\x00\x00\x00;\x00\x00\x00\x00\x00<\x00\
\x00\x00\x00\x00=\x00\x00\x00\x00\x00>\x00\x00\x00\x00\x00\
?\x00\x00\x00\x00\x00@\x00\x00\x00\x00\x00A\x00\x00\x00\
\x00\x00E\x00\x00\x00\x00\x00F\x00\x00\x00\x00\x00O\x00\
\x00\x00\x00\x00P\x00\x00\x00\x00\x00Q\x00\x00\x00\x00\x00\
R\x00\x00\x00\x00\x00S\x00\x00\x00\x00\x00T\x00\x00\x00\
\x00\x00U\x00\x00\x00\x00\x00V\x00\x00\x00\x00\x00W\x00\
\x00\x00\x00\x00X\x00\x00\x00\x00\x00Y\x00\x00\x00\x00\x00\
Z\x00\x00\x00\x00\x00[\x00\x00\x00\x00\x00\x5c\x00\x00\x00\
\x00\x00]\x00\x00\x00\x00\x00^\x00\x00\x00\x00\x00_\x00\
\x00\x00\x00\x00`\x00\x00\x00\x00\x00a\x00\x00\x00\x00\x00\
b\xff\xe4\x01\xe8\x00c\xff\xe4\x01\xe8\x00d\x00\x00\x00\
\x00\x00e\x00\x00\x00\x00\x00f\x00\x00\x00\x00\x00g\x00\
\x00\x00\x00\x00h\x00\x00\x00\x00\x00i\x00\x00\x00\x00\x00\
j\x00\x00\x00\x00\x00k\x00\x00\x00\x00\x00l\x00\x00\x00\
\x00\x00m\x00\x00\x00\x00\x00n\x00\x00\x00\x00\x00q\x00\
\x00\x00\x00\x00r\x00\x00\x00\x00\x00s\x00\x00\x00\x00\x00\
t\x00\x00\x00\x00\x00u\x00\x00\x00\x00\x00v\x00\x00\x00\
\x00\x00w\x00\x00\x00\x00\x00x\x00\x00\x00\x00\x00\x98\x00\
\x00\x00\x00\x00\x99\x00\x00\x00\x00\x00\x9a\x00\x00\x00\x00\x00\
\x9c\x00\x00\x00\x00\x00\x9d\x00\x00\x00\x00\x00\x9e\x00\x00\x00\
\x00\x00\x9f\x00\x00\x00\x00\x00\xa0\x00\x00\x00\x00\x00\xa1\x00\
\x00\x00\x00\x00\xcc\x00\x00\x1a\x1e\x00\x02\x01;\x80\x00\x00\
\x02\x00\xc6\xff\xf2\x1a\xcc\x01[\xff\xf8\x1a\xbe\x00\x02\x00\
\xc6\xff\xec\x02\x94\x00\xcc\xff\xec\x15$\x00\x03\x00\xc6\xff\
\xec\x02\x86\x00\xcc\xff\xec\x15\x16\x01i\x00\x00\x00\x00\x00\
U\x00\xaa\xff\xce\x15\xb6\x00\xab\xff\xce\x15\xb6\x00\xac\xff\
\xce\x15\xb6\x00\xad\xff\xce\x15\xb6\x00\xae\xff\xce\x15\xb6\x00\
\xaf\xff\xce\x15\xb6\x00\xc6\xff\xec\x18\x00\x00\xc7\xff\xf6\x15\
\xc8\x00\xc8\xff\xf6\x15\xc8\x00\xc9\xff\xf6\x15\xc8\x00\xca\xff\
\xf6\x15\xc8\x00\xcb\xff\xf6\x15\xc8\x00\xcd\xff\xd8\x00\x00\x00\
\xce\xff\xd8\x00\x00\x00\xcf\xff\xd8\x00\x00\x00\xd0\xff\xd8\x00\
\x00\x00\xd1\xff\xd8\x00\x00\x00\xd2\xff\xd8\x00\x00\x00\xd3\xff\
\xd8\x00\x00\x00\xd4\xff\xd8\x00\x00\x00\xd5\xff\xd8\x00\x00\x00\
\xec\xff\xf5\x08\x16\x00\xf8\xff\xf3\x02\x00\x00\xf9\xff\xf3\x02\
\x00\x00\xfa\xff\xf3\x02\x00\x00\xfb\xff\xf3\x02\x00\x00\xfc\xff\
\xf3\x02\x00\x00\xfd\xff\xf3\x02\x00\x00\xfe\xff\xf3\x02\x00\x00\
\xff\xff\xf3\x02\x00\x01\x00\xff\xf3\x02\x00\x01\x01\xff\xf3\x02\
\x00\x01\x04\xff\xf3\x02\x00\x01\x05\xff\xf3\x02\x00\x01\x06\xff\
\xf3\x02\x00\x01\x07\xff\xf3\x02\x00\x01\x08\xff\xf3\x02\x00\x01\
\x09\xff\xf3\x02\x00\x01\x0a\xff\xf3\x02\x00\x01\x0b\xff\xf3\x02\
\x00\x01\x0c\xff\xf3\x02\x00\x01\x0d\xff\xf3\x02\x00\x01\x0e\xff\
\xf3\x02\x00\x01\x0f\xff\xf3\x02\x00\x01\x10\xff\xf3\x02\x00\x01\
\x11\xff\xf3\x02\x00\x01\x12\xff\xf3\x02\x00\x01\x13\xff\xf3\x02\
\x00\x01\x14\xff\xf3\x02\x00\x01\x15\xff\xf3\x02\x00\x01\x16\xff\
\xf3\x02\x00\x01\x17\xff\xf3\x02\x00\x01\x18\xff\xf3\x02\x00\x01\
R\xff\xf3\x02\x00\x01S\xff\xf3\x02\x00\x01T\xff\xf3\x02\
\x00\x01U\xff\xf3\x02\x00\x01V\xff\xf3\x02\x00\x01W\xff\
\xf3\x02\x00\x01X\xff\xf3\x02\x00\x01Y\xff\xf3\x02\x00\x01\
Z\xff\xf3\x02\x00\x01[\xff\xfd\x1a\x80\x01\x5c\xff\xf3\x02\
\x00\x01]\xff\xf3\x02\x00\x01^\xff\xf3\x02\x00\x01_\xff\
\xf3\x02\x00\x01`\xff\xfd\x1a\x80\x01a\xff\xf3\x02\x00\x01\
b\xff\xf3\x02\x00\x01c\xff\xf3\x02\x00\x01d\xff\xf3\x02\
\x00\x01e\xff\xf3\x02\x00\x01f\xff\xf3\x02\x00\x01g\xff\
\xf3\x02\x00\x01h\xff\xf3\x02\x00\x01i\xff\xfd\x1a\x80\x01\
j\xff\xf3\x02\x00\x01k\xff\xf3\x02\x00\x01l\xff\xf3\x02\
\x00\x01m\xff\xf3\x02\x00\x01n\xff\xf3\x02\x00\x01o\xff\
\xf3\x02\x00\x01p\xff\xf3\x02\x00\x01t\xff\xf3\x02\x00\x00\
\x02\x01\x16\x80\x00\x00\x03\x00\xc6\xff\xec\x12\xd8\x00\xcc\xff\
\xe2\x0c>\x02\xc2\xff\xf1\x00.\x00\x04\x00\xc6\xff\xec\x12\
\xc4\x00\xcc\xff\xe2\x0c*\x01\x17\x00\x00\x00\x00\x02\xc2\xff\
\xf1\x00\x1a\x00\x02\x00\xcf\x80\x00\x00\x06\x00\xc6\xff\xec\x00\
8\x00\xcc\xff\xec\x12\xc8\x02\xc1\xff\xed\x002\x02\xc2\xff\
\xef\x00,\x02\xdc\xff\xe3\x00&\x02\xdd\xff\xe3\x00&\x00\
\x02\x00\xf1\x80\x00\x00\x02\x00\xcd\x80\x00\x00\x02\x00\xc2\x80\
\x00\x00\x00\x00\x07\x80\x00\x00\x01\x00\xc6\xff\xec\x12f\x00\
\x01\x00\xc6\xff\xf6\x00\x08\x00\x02\x01\x08\x80\x00\x00\x90\x00\
\xaa\xff\xe2\x03\x92\x00\xab\xff\xe2\x03\x92\x00\xac\xff\xe2\x03\
\x92\x00\xad\xff\xe2\x03\x92\x00\xae\xff\xe2\x03\x92\x00\xaf\xff\
\xe2\x03\x92\x00\xc6\xff\xd9\x03\x8c\x00\xc7\xff\xe5\x03\x86\x00\
\xc8\xff\xe5\x03\x86\x00\xc9\xff\xe5\x03\x86\x00\xca\xff\xe5\x03\
\x86\x00\xcb\xff\xe5\x03\x86\x00\xcc\xff\xec\x0b\xbc\x00\xcd\xff\
\xd8\x03\x80\x00\xce\xff\xd8\x03\x80\x00\xcf\xff\xd8\x03\x80\x00\
\xd0\xff\xd8\x03\x80\x00\xd1\xff\xd8\x03\x80\x00\xd2\xff\xd8\x03\
\x80\x00\xd3\xff\xd8\x03\x80\x00\xd4\xff\xd8\x03\x80\x00\xd5\xff\
\xd8\x03\x80\x00\xd6\xff\xec\x0b\xbc\x00\xd7\xff\xec\x0b\xbc\x00\
\xd8\xff\xec\x0b\xbc\x00\xd9\xff\xec\x0b\xbc\x00\xf8\xff\xf6\x13\
:\x00\xf9\xff\xf6\x13:\x00\xfa\xff\xf6\x13:\x00\xfb\xff\
\xf6\x13:\x00\xfc\xff\xf6\x13:\x00\xfd\xff\xf6\x13:\x00\
\xfe\xff\xf6\x13:\x00\xff\xff\xf6\x13:\x01\x00\xff\xf6\x13\
:\x01\x01\xff\xf6\x13:\x01\x04\xff\xf6\x13:\x01\x05\xff\
\xf6\x13:\x01\x06\xff\xf6\x13:\x01\x07\xff\xf6\x13:\x01\
\x08\xff\xf6\x13:\x01\x09\xff\xf6\x13:\x01\x0a\xff\xf6\x13\
:\x01\x0b\xff\xf6\x13:\x01\x0c\xff\xf6\x13:\x01\x0d\xff\
\xf6\x13:\x01\x0e\xff\xf6\x13:\x01\x0f\xff\xf6\x13:\x01\
\x10\xff\xf6\x13:\x01\x11\xff\xf6\x13:\x01\x12\xff\xf6\x13\
:\x01\x13\xff\xf6\x13:\x01\x14\xff\xf6\x13:\x01\x15\xff\
\xf6\x13:\x01\x16\xff\xf6\x13:\x01\x17\xff\xf6\x13:\x01\
\x18\xff\xf6\x13:\x01R\xff\xf6\x13:\x01S\xff\xf6\x13\
:\x01T\xff\xf6\x13:\x01U\xff\xf6\x13:\x01V\xff\
\xf6\x13:\x01W\xff\xf6\x13:\x01X\xff\xf6\x13:\x01\
Y\xff\xf6\x13:\x01Z\xff\xf6\x13:\x01[\xff\xf6\x13\
:\x01\x5c\xff\xf6\x13:\x01]\xff\xf6\x13:\x01^\xff\
\xf6\x13:\x01_\xff\xf6\x13:\x01`\xff\xf6\x13:\x01\
a\xff\xf6\x13:\x01b\xff\xf6\x13:\x01c\xff\xf6\x13\
:\x01d\xff\xf6\x13:\x01e\xff\xf6\x13:\x01f\xff\
\xf6\x13:\x01g\xff\xf6\x13:\x01h\xff\xf6\x13:\x01\
i\xff\xf6\x13:\x01j\xff\xf6\x13:\x01k\xff\xf6\x13\
:\x01l\xff\xf6\x13:\x01m\xff\xf6\x13:\x01n\xff\
\xf6\x13:\x01o\xff\xf6\x13:\x01p\xff\xf6\x13:\x01\
t\xff\xf6\x13:\x01{\xff\xf2\x03z\x01|\xff\xf2\x03\
z\x01}\xff\xf2\x03z\x01~\xff\xf2\x03z\x01\x7f\xff\
\xf2\x03z\x01\x80\xff\xf2\x03z\x01\x81\xff\xf2\x03z\x01\
\x84\xff\xe8\x03t\x01\x85\xff\xe8\x03t\x01\x86\xff\xe8\x03\
t\x01\x87\xff\xe8\x03t\x01\x88\xff\xe8\x03t\x01\x89\xff\
\xe8\x03t\x01\x8a\xff\xf6\x13:\x01\x8b\xff\xf6\x13:\x01\
\x8c\xff\xf6\x13:\x01\x8d\xff\xf6\x13:\x01\x8e\xff\xf6\x13\
:\x01\x8f\xff\xf6\x13:\x01\x90\xff\xf6\x13:\x01\x91\xff\
\xf6\x13:\x01\x92\xff\xf6\x13:\x01\x93\xff\xf6\x13:\x01\
\x94\xff\xf6\x13:\x01\x95\xff\xf6\x13:\x01\x96\xff\xf6\x13\
:\x01\x97\xff\xf6\x13:\x01\x98\xff\xf6\x13:\x01\x99\xff\
\xf6\x13:\x01\x9a\xff\xf6\x13:\x01\x9b\xff\xf6\x13:\x01\
\x9c\xff\xf6\x13:\x01\x9d\xff\xf6\x13:\x01\x9e\xff\xf6\x13\
:\x01\x9f\xff\xf6\x13:\x01\xa0\xff\xe7\x03n\x01\xa1\xff\
\xe2\x03h\x01\xa2\xff\xe2\x03h\x01\xa3\xff\xe2\x03h\x01\
\xa4\xff\xe2\x03h\x01\xa5\xff\xe2\x03h\x01\xa6\xff\xe9\x04\
\x14\x01\xa7\xff\xe6\x03b\x01\xa8\xff\xe6\x03b\x01\xa9\xff\
\xe6\x03b\x01\xaa\xff\xe6\x03b\x01\xab\xff\xe6\x03b\x01\
\xac\xff\xe6\x03b\x01\xad\xff\xe6\x03b\x01\xae\xff\xe6\x03\
b\x01\xaf\xff\xe6\x03b\x01\xb0\xff\xe5\x03\x86\x01\xb1\xff\
\xe5\x03\x86\x01\xb2\xff\xe5\x03\x86\x01\xb3\xff\xe5\x03\x86\x00\
\x02\x017\x80\x00\x00\x02\x01B\x80\x00\x00\x02\x015\x80\
\x00\x00\x02\x013\x80\x00\x00\x02\x01\x17\x80\x00\x00\x02\x01\
\x1e\x80\x00\x00\x02\x01:\x80\x00\x00\x02\x01/\x80\x00\x00\
\x02\x00\xb6\x80\x00\x00\x02\x00\xc6\xff\xd8\x00\x0e\x00\xcc\xff\
\xf6\x0f\xa2\x00\x02\x01\x1c\x80\x00\x00\x07\x00\xcc\xff\xec\x0e\
\xc8\x00\xf8\xff\xfc\x008\x00\xfb\xff\xfc\x008\x00\xfe\xff\
\xfd\x14F\x01\x1e\xff\xfd\x002\x01[\xff\xef\x00,\x01\
t\xff\xf5\x14\x88\x00\x02\x00\xdd\x80\x00\x00\x02\x01\x0d\x80\
\x00\x00\x02\x00\xfc\x80\x00\x00\x02\x00\xcc\xff\xec\x0e\x8a\x01\
t\xff\xf5\x14J\x00\x03\x00\xcc\xff\xec\x0e|\x01`\xff\
\xfb\x00\xf0\x01t\xff\xf5\x14<\x00\x01\x00\xc6\xff\xe9\x00\
\x08\x00\x02\x012\x80\x00\x00\x07\x00\xc6\xff\xd8\x02\x0c\x00\
\xcc\x00\x00\x11X\x01\x1e\xff\xff\x14\x94\x01:\xff\xfd\x13\
l\x01;\xff\xfd\x13l\x01<\xff\xfd\x13l\x01\xa6\xff\
\xfd\x13l\x00\x03\x00\xc6\xff\xd8\x01\xe0\x00\xcc\x00\x00\x11\
,\x01\xa6\xff\xfc\x00\x14\x00\x02\x01\x06\x80\x00\x00\x01\x00\
\xc6\x00\x00\x00\x08\x00\x01\x00\x0e\x80\x00\x00\x01\x00\xc6\x00\
\x00\x00\x08\x00\x01\x00\x04\x80\x00\x00\x01\x00\xc6\xff\xe3\x00\
\x08\x00\x02\x01\x10\x80\x00\x00\x04\x00\xc6\xff\xf6\x0e\xb0\x00\
\xcc\xff\xec\x072\x01p\xff\xfb\x14\x1e\x01t\xff\xfb\x14\
\x1e\x00\x0b\x00\xc6\xff\xf6\x0e\x96\x00\xcc\xff\xec\x07\x18\x00\
\xec\xff\xe5\x10\xbc\x01[\xff\xf9\x00D\x01`\xff\xf5\x00\
D\x01h\xff\xf5\x00D\x01i\xff\xf5\x00D\x01p\xff\
\xfb\x14\x04\x01t\xff\xfb\x14\x04\x01\x8f\xff\xff\x13\x9e\x01\
\x9d\xff\xff\x13\x9e\x00\x02\x00\xde\x80\x00\x00\x05\x019\xff\
\xf7\x00\x8e\x02\xc1\xff\xf3\x13\x04\x02\xc2\x00\x00\x00\x00\x02\
\xdf\x00\x0f\x00\x82\x02\xe1\x00#\x0d\xaa\x00\x10\x00\xec\xff\
\xf5\x00z\x00\xfb\xff\xec\x00t\x01\x13\xff\xec\x00t\x01\
3\x00\x00\x00\x00\x019\xff\xf7\x00n\x01C\x00\x00\x00\
\x00\x01[\xff\xf5\x12\x90\x01`\x00\x00\x00\x00\x01h\x00\
\x00\x00\x00\x01i\x00\x00\x00\x00\x01\x8f\xff\xf6\x00h\x01\
\x9d\xff\xf6\x00h\x02\xc1\xff\xf3\x12\xe4\x02\xc2\x00\x00\x00\
\x00\x02\xdf\x00\x0f\x00b\x02\xe1\x00#\x0d\x8a\x00\x02\x00\
\x84\x80\x00\x00\x02\x00\xaf\x80\x00\x00\x02\x00\xb8\x80\x00\x00\
\x02\x00\x80\x80\x00\x00\x02\x00\xa6\x80\x00\x00\x02\x00\xc6\xff\
\xe2\x00\xb2\x01\xa6\xff\xf5\x11\xf8\x00\x02\x00\xc6\xff\xe2\x00\
\xa4\x01\xa6\xff\xf9\x00\x0e\x00\x02\x00\xf2\x80\x00\x00\x01\x00\
\xc6\x00\x0a\x00\x08\x00\x02\x01\x0c\x80\x00\x00\x03\x00\xc6\x00\
\x00\x00.\x02\xc2\xff\xff\x12\xf0\x02\xce\x00\x00\x0f\xb4\x00\
\x04\x00\xc6\x00\x00\x00\x1a\x01[\xff\xfb\x12\xd6\x02\xc2\xff\
\xff\x12\xdc\x02\xce\x00\x00\x0f\xa0\x00\x02\x00\x9c\x80\x00\x00\
\x03\x00\xc6\xff\xd8\x004\x00\xcc\x00\x00\x0f\x80\x01\xa6\xff\
\xf3\x00.\x00\x04\x00\xc6\xff\xd8\x00 \x00\xcc\x00\x00\x0f\
l\x00\xec\xff\xfd\x11\x98\x01\xa6\xff\xf3\x00\x1a\x00\x02\x01\
\x0e\x80\x00\x00\x02\x01L\x80\x00\x00\x02\x00\xc6\xff\xe2\x00\
\x14\x01\xa6\xff\xf8\x00\x0e\x00\x02\x00\xe3\x80\x00\x00\x02\x01\
\x1a\x80\x00\x00\x02\x00\xc6\xff\xd0\x0c\x16\x01\xa0\xff\xfd\x11\
@\x00\x0b\x00\xa9\xff\xec\x00J\x01t\xff\xf1\x11J\x01\
\x82\xff\xec\x05h\x01\xa6\xff\xd8\x00\x00\x02\xaa\xff\xf9\x11\
\xe0\x02\xae\xff\xf6\x11,\x02\xb0\xff\xfd\x11\xee\x02\xb2\xff\
\xfd\x11\xee\x02\xce\xff\xef\x10\xc2\x02\xd1\xff\xef\x10\xc2\x02\
\xe3\xff\xfa\x00D\x00\x02\x00\xf4\x80\x00\x00\x02\x01)\x80\
\x00\x00\xd6\x00\x1f\xff\xf9\x11\x90\x00 \xff\xf9\x11\x90\x00\
!\xff\xf9\x11\x90\x00\x22\xff\xf9\x11\x90\x00#\xff\xf9\x11\
\x90\x00$\xff\xf9\x11\x90\x00B\xff\xf9\x11\x90\x00G\xff\
\xf9\x11\x90\x00H\xff\xf9\x11\x90\x00I\xff\xf9\x11\x90\x00\
J\xff\xf9\x11\x90\x00K\xff\xf9\x11\x90\x00L\xff\xf9\x11\
\x90\x00M\xff\xf9\x11\x90\x00N\xff\xf9\x11\x90\x00y\xff\
\xf9\x11\x90\x00z\xff\xf9\x11\x90\x00{\xff\xf9\x11\x90\x00\
|\xff\xf9\x11\x90\x00}\xff\xf9\x11\x90\x00~\xff\xf9\x11\
\x90\x00\x7f\xff\xf9\x11\x90\x00\x80\xff\xf9\x11\x90\x00\x81\xff\
\xf9\x11\x90\x00\x82\xff\xf9\x11\x90\x00\x83\xff\xf9\x11\x90\x00\
\x84\xff\xf9\x11\x90\x00\x85\xff\xf9\x11\x90\x00\x86\xff\xf9\x11\
\x90\x00\x87\xff\xf9\x11\x90\x00\x88\xff\xf9\x11\x90\x00\x89\xff\
\xf9\x11\x90\x00\x8a\xff\xf9\x11\x90\x00\x8b\xff\xf9\x11\x90\x00\
\x8c\xff\xf9\x11\x90\x00\x8d\xff\xf9\x11\x90\x00\x8e\xff\xf9\x11\
\x90\x00\x8f\xff\xf9\x11\x90\x00\x90\xff\xf9\x11\x90\x00\x91\xff\
\xf9\x11\x90\x00\x92\xff\xf9\x11\x90\x00\x93\xff\xf9\x11\x90\x00\
\x94\xff\xf9\x11\x90\x00\x95\xff\xf9\x11\x90\x00\x96\xff\xf9\x11\
\x90\x00\x97\xff\xf9\x11\x90\x00\x9b\xff\xf9\x11\x90\x00\xa2\xff\
\xfa\x10\xe8\x00\xa3\xff\xfa\x10\xe8\x00\xa4\xff\xfa\x10\xe8\x00\
\xa5\xff\xfa\x10\xe8\x00\xa6\xff\xfa\x10\xe8\x00\xa7\xff\xfa\x10\
\xe8\x00\xa8\xff\xfa\x10\xe8\x00\xda\xff\xf6\x0c\x96\x00\xdb\xff\
\xf6\x0c\x96\x00\xdc\xff\xf6\x0c\x96\x00\xdd\xff\xf6\x0c\x96\x00\
\xde\xff\xf6\x0c\x96\x00\xdf\xff\xf6\x0c\x96\x00\xe0\xff\xf6\x0c\
\x96\x00\xe1\xff\xf6\x0c\x96\x00\xe2\xff\xf6\x0c\x96\x00\xe3\xff\
\xf6\x0c\x96\x00\xe4\xff\xf6\x0c\x96\x00\xe5\xff\xf6\x0c\x96\x00\
\xe6\xff\xf6\x0c\x96\x00\xe7\xff\xf6\x0c\x96\x00\xe8\xff\xf6\x0c\
\x96\x00\xe9\xff\xf6\x0c\x96\x00\xea\xff\xf6\x0c\x96\x00\xeb\xff\
\xf6\x0c\x96\x00\xec\xff\xf6\x0c\x96\x00\xed\xff\xf6\x0c\x96\x00\
\xee\xff\xf6\x0c\x96\x00\xef\xff\xf6\x0c\x96\x00\xf0\xff\xf6\x0c\
\x96\x00\xf1\xff\xf6\x0c\x96\x00\xf2\xff\xf6\x0c\x96\x00\xf3\xff\
\xf6\x0c\x96\x00\xf4\xff\xf6\x0c\x96\x00\xf5\xff\xf6\x0c\x96\x00\
\xf8\xff\xf6\x0b\xac\x00\xf9\xff\xf6\x0b\xac\x00\xfa\xff\xf6\x0b\
\xac\x00\xfb\xff\xf6\x0b\xac\x00\xfc\xff\xf6\x0b\xac\x00\xfd\xff\
\xf6\x0b\xac\x00\xfe\xff\xf6\x0b\xac\x00\xff\xff\xf6\x0b\xac\x01\
\x00\xff\xf6\x0b\xac\x01\x01\xff\xf6\x0b\xac\x01\x04\xff\xf6\x0b\
\xac\x01\x05\xff\xf6\x0b\xac\x01\x06\xff\xf6\x0b\xac\x01\x07\xff\
\xf6\x0b\xac\x01\x08\xff\xf6\x0b\xac\x01\x09\xff\xf6\x0b\xac\x01\
\x0a\xff\xf6\x0b\xac\x01\x0b\xff\xf6\x0b\xac\x01\x0c\xff\xf6\x0b\
\xac\x01\x0d\xff\xf6\x0b\xac\x01\x0e\xff\xf6\x0b\xac\x01\x0f\xff\
\xf6\x0b\xac\x01\x10\xff\xf6\x0b\xac\x01\x11\xff\xf6\x0b\xac\x01\
\x12\xff\xf6\x0b\xac\x01\x13\xff\xf6\x0b\xac\x01\x14\xff\xf6\x0b\
\xac\x01\x15\xff\xf6\x0b\xac\x01\x16\xff\xf6\x0b\xac\x01\x17\xff\
\xf6\x0b\xac\x01\x18\xff\xf6\x0b\xac\x01\x1c\xff\xec\x05\x18\x01\
\x1d\xff\xec\x05\x18\x01\x1e\xff\xf6\x0c\x96\x01\x1f\xff\xf6\x0c\
\x96\x01 \xff\xf6\x0c\x96\x01!\xff\xf6\x0c\x96\x01\x22\xff\
\xf6\x0c\x96\x01#\xff\xf6\x0c\x96\x01$\xff\xf6\x0c\x96\x01\
%\xff\xf6\x0c\x96\x01@\x00\x00\x00\x00\x01H\x00\x00\x00\
\x00\x01I\x00\x00\x00\x00\x01J\x00\x00\x00\x00\x01K\x00\
\x00\x00\x00\x01L\x00\x00\x00\x00\x01M\x00\x00\x00\x00\x01\
N\x00\x00\x00\x00\x01O\x00\x00\x00\x00\x01P\x00\x00\x00\
\x00\x01Q\x00\x00\x00\x00\x01R\xff\xf6\x0b\xac\x01S\xff\
\xf6\x0b\xac\x01T\xff\xf6\x0b\xac\x01U\xff\xf6\x0b\xac\x01\
V\xff\xf6\x0b\xac\x01W\xff\xf6\x0b\xac\x01X\xff\xf6\x0b\
\xac\x01Y\xff\xf6\x0b\xac\x01Z\xff\xf6\x0b\xac\x01[\xff\
\xf6\x0b\xac\x01\x5c\xff\xf6\x0b\xac\x01]\xff\xf6\x0b\xac\x01\
^\xff\xf6\x0b\xac\x01_\xff\xf6\x0b\xac\x01`\xff\xf6\x0b\
\xac\x01a\xff\xf6\x0b\xac\x01b\xff\xf6\x0b\xac\x01c\xff\
\xf6\x0b\xac\x01d\xff\xf6\x0b\xac\x01e\xff\xf6\x0b\xac\x01\
f\xff\xf6\x0b\xac\x01g\xff\xf6\x0b\xac\x01h\xff\xf6\x0b\
\xac\x01i\xff\xf6\x0b\xac\x01j\xff\xf6\x0b\xac\x01k\xff\
\xf6\x0b\xac\x01l\xff\xf6\x0b\xac\x01m\xff\xf6\x0b\xac\x01\
n\xff\xf6\x0b\xac\x01o\xff\xf6\x0b\xac\x01p\xff\xf6\x0b\
\xac\x01t\xff\xf6\x0b\xac\x01u\x00\x00\x00\x00\x01v\x00\
\x00\x00\x00\x01w\x00\x00\x00\x00\x01x\x00\x00\x00\x00\x01\
y\x00\x00\x00\x00\x01z\x00\x00\x00\x00\x01{\xff\xec\x0b\
\xb2\x01|\xff\xec\x0b\xb2\x01}\xff\xec\x0b\xb2\x01~\xff\
\xec\x0b\xb2\x01\x7f\xff\xec\x0b\xb2\x01\x80\xff\xec\x0b\xb2\x01\
\x81\xff\xec\x0b\xb2\x01\x83\xff\xec\x05\x18\x01\x84\xff\xec\x05\
\x18\x01\x85\xff\xec\x05\x18\x01\x86\xff\xec\x05\x18\x01\x87\xff\
\xec\x05\x18\x01\x88\xff\xec\x05\x18\x01\x89\xff\xec\x05\x18\x01\
\xa0\xff\xec\x0b\xd0\x01\xa1\xff\xe2\x05\x12\x01\xa2\xff\xe2\x05\
\x12\x01\xa3\xff\xe2\x05\x12\x01\xa4\xff\xe2\x05\x12\x01\xa5\xff\
\xe2\x05\x12\x01\xa7\xff\xe2\x05\x0c\x01\xa8\xff\xe2\x05\x0c\x01\
\xa9\xff\xe2\x05\x0c\x01\xaa\xff\xe2\x05\x0c\x01\xab\xff\xe2\x05\
\x0c\x01\xac\xff\xe2\x05\x0c\x01\xad\xff\xe2\x05\x0c\x01\xae\xff\
\xe2\x05\x0c\x01\xaf\xff\xe2\x05\x0c\x01\xb4\xff\xec\x05\x18\x01\
\xb5\xff\xec\x05\x18\x01\xb6\xff\xec\x05\x18\x01\xb7\xff\xec\x05\
\x18\x01\xb8\xff\xec\x05\x18\x01\xb9\xff\xec\x05\x18\x01\xba\xff\
\xec\x05\x18\x01\xbb\xff\xd7\x05\x06\x01\xbc\xff\xd7\x05\x06\x02\
\xaa\xff\xfd\x11\x9e\x02\xcc\xff\xf6\x10\xdc\x02\xcf\xff\xf9\x11\
\x90\x02\xd1\xff\xf9\x11\x90\x00\x02\x01M\x80\x00\x00\x00\x00\
\x08\x80\x00\x00\x02\x01@\x80\x00\x00\x02\x01,\x80\x00\x00\
\x06\x01t\xff\xff\x0c\xec\x01\xa0\xff\xf6\x07x\x01\xa6\xff\
\xf6\x07x\x02\xce\xff\xf3\x0cl\x02\xcf\xff\xf9\x0cr\x02\
\xd1\xff\xfd\x0c\x80\x01\x0e\x00\x01\xff\xd9\x0c\xc0\x00\x02\xff\
\xd9\x0c\xc0\x00\x03\xff\xd9\x0c\xc0\x00\x04\xff\xd9\x0c\xc0\x00\
\x05\xff\xd9\x0c\xc0\x00\x06\xff\xd9\x0c\xc0\x00\x07\xff\xd9\x0c\
\xc0\x00\x08\xff\xd9\x0c\xc0\x00\x09\xff\xd9\x0c\xc0\x00\x0a\xff\
\xd9\x0c\xc0\x00\x0b\xff\xd9\x0c\xc0\x00\x0c\xff\xd9\x0c\xc0\x00\
\x0d\xff\xd9\x0c\xc0\x00\x0e\xff\xd9\x0c\xc0\x00\x0f\xff\xd9\x0c\
\xc0\x00\x10\xff\xd9\x0c\xc0\x00\x11\xff\xd9\x0c\xc0\x00\x12\xff\
\xd9\x0c\xc0\x00\x13\xff\xd9\x0c\xc0\x00\x14\xff\xd9\x0c\xc0\x00\
\x15\xff\xd9\x0c\xc0\x00\x16\xff\xd9\x0c\xc0\x00\x17\xff\xd9\x0c\
\xc0\x00\x18\xff\xd9\x0c\xc0\x00\x19\xff\xd9\x0c\xc0\x00\x1a\xff\
\xd9\x0c\xc0\x00\x1b\x00\x00\x06\xb6\x00\x1c\x00\x00\x06\xb6\x00\
\x1f\xff\xfb\x06\xb0\x00 \xff\xfb\x06\xb0\x00!\xff\xfb\x06\
\xb0\x00\x22\xff\xfb\x06\xb0\x00#\xff\xfb\x06\xb0\x00$\xff\
\xfb\x06\xb0\x00B\xff\xfb\x06\xb0\x00G\xff\xfb\x06\xb0\x00\
H\xff\xfb\x06\xb0\x00I\xff\xfb\x06\xb0\x00J\xff\xfb\x06\
\xb0\x00K\xff\xfb\x06\xb0\x00L\xff\xfb\x06\xb0\x00M\xff\
\xfb\x06\xb0\x00N\xff\xfb\x06\xb0\x00b\xff\xec\x06\xaa\x00\
c\xff\xec\x06\xaa\x00o\xff\xfd\x0cZ\x00p\xff\xfd\x0c\
Z\x00y\xff\xfb\x06\xb0\x00z\xff\xfb\x06\xb0\x00{\xff\
\xfb\x06\xb0\x00|\xff\xfb\x06\xb0\x00}\xff\xfb\x06\xb0\x00\
~\xff\xfb\x06\xb0\x00\x7f\xff\xfb\x06\xb0\x00\x80\xff\xfb\x06\
\xb0\x00\x81\xff\xfb\x06\xb0\x00\x82\xff\xfb\x06\xb0\x00\x83\xff\
\xfb\x06\xb0\x00\x84\xff\xfb\x06\xb0\x00\x85\xff\xfb\x06\xb0\x00\
\x86\xff\xfb\x06\xb0\x00\x87\xff\xfb\x06\xb0\x00\x88\xff\xfb\x06\
\xb0\x00\x89\xff\xfb\x06\xb0\x00\x8a\xff\xfb\x06\xb0\x00\x8b\xff\
\xfb\x06\xb0\x00\x8c\xff\xfb\x06\xb0\x00\x8d\xff\xfb\x06\xb0\x00\
\x8e\xff\xfb\x06\xb0\x00\x8f\xff\xfb\x06\xb0\x00\x90\xff\xfb\x06\
\xb0\x00\x91\xff\xfb\x06\xb0\x00\x92\xff\xfb\x06\xb0\x00\x93\xff\
\xfb\x06\xb0\x00\x94\xff\xfb\x06\xb0\x00\x95\xff\xfb\x06\xb0\x00\
\x96\xff\xfb\x06\xb0\x00\x97\xff\xfb\x06\xb0\x00\x9b\xff\xfb\x06\
\xb0\x00\xa2\xff\xfe\x06\xa4\x00\xa3\xff\xfe\x06\xa4\x00\xa4\xff\
\xfe\x06\xa4\x00\xa5\xff\xfe\x06\xa4\x00\xa6\xff\xfe\x06\xa4\x00\
\xa7\xff\xfe\x06\xa4\x00\xa8\xff\xfe\x06\xa4\x00\xa9\xff\xf6\x07\
R\x00\xda\xff\xc4\x06\x9e\x00\xdb\xff\xc4\x06\x9e\x00\xdc\xff\
\xc4\x06\x9e\x00\xdd\xff\xc4\x06\x9e\x00\xde\xff\xc4\x06\x9e\x00\
\xdf\xff\xc4\x06\x9e\x00\xe0\xff\xc4\x06\x9e\x00\xe1\xff\xc4\x06\
\x9e\x00\xe2\xff\xc4\x06\x9e\x00\xe3\xff\xc4\x06\x9e\x00\xe4\xff\
\xc4\x06\x9e\x00\xe5\xff\xc4\x06\x9e\x00\xe6\xff\xc4\x06\x9e\x00\
\xe7\xff\xc4\x06\x9e\x00\xe8\xff\xc4\x06\x9e\x00\xe9\xff\xc4\x06\
\x9e\x00\xea\xff\xc4\x06\x9e\x00\xeb\xff\xc4\x06\x9e\x00\xec\xff\
\xc4\x06\x9e\x00\xed\xff\xc4\x06\x9e\x00\xee\xff\xc4\x06\x9e\x00\
\xef\xff\xc4\x06\x9e\x00\xf0\xff\xc4\x06\x9e\x00\xf1\xff\xc4\x06\
\x9e\x00\xf2\xff\xc4\x06\x9e\x00\xf3\xff\xc4\x06\x9e\x00\xf4\xff\
\xc4\x06\x9e\x00\xf5\xff\xc4\x06\x9e\x00\xf8\xff\xd8\x06\x98\x00\
\xf9\xff\xd8\x06\x98\x00\xfa\xff\xd8\x06\x98\x00\xfb\xff\xd8\x06\
\x98\x00\xfc\xff\xd8\x06\x98\x00\xfd\xff\xd8\x06\x98\x00\xfe\xff\
\xd8\x06\x98\x00\xff\xff\xd8\x06\x98\x01\x00\xff\xd8\x06\x98\x01\
\x01\xff\xd8\x06\x98\x01\x04\xff\xd8\x06\x98\x01\x05\xff\xd8\x06\
\x98\x01\x06\xff\xd8\x06\x98\x01\x07\xff\xd8\x06\x98\x01\x08\xff\
\xd8\x06\x98\x01\x09\xff\xd8\x06\x98\x01\x0a\xff\xd8\x06\x98\x01\
\x0b\xff\xd8\x06\x98\x01\x0c\xff\xd8\x06\x98\x01\x0d\xff\xd8\x06\
\x98\x01\x0e\xff\xd8\x06\x98\x01\x0f\xff\xd8\x06\x98\x01\x10\xff\
\xd8\x06\x98\x01\x11\xff\xd8\x06\x98\x01\x12\xff\xd8\x06\x98\x01\
\x13\xff\xd8\x06\x98\x01\x14\xff\xd8\x06\x98\x01\x15\xff\xd8\x06\
\x98\x01\x16\xff\xd8\x06\x98\x01\x17\xff\xd8\x06\x98\x01\x18\xff\
\xd8\x06\x98\x01\x1e\xff\xcf\x06\x92\x01\x1f\xff\xcf\x06\x92\x01\
 \xff\xcf\x06\x92\x01!\xff\xcf\x06\x92\x01\x22\xff\xcf\x06\
\x92\x01#\xff\xcf\x06\x92\x01$\xff\xcf\x06\x92\x01%\xff\
\xcf\x06\x92\x01@\xff\xec\x06\x8c\x01H\xff\xec\x06\x8c\x01\
I\xff\xec\x06\x8c\x01J\xff\xec\x06\x8c\x01K\xff\xec\x06\
\x8c\x01L\xff\xec\x06\x8c\x01M\xff\xec\x06\x8c\x01N\xff\
\xec\x06\x8c\x01O\xff\xec\x06\x8c\x01P\xff\xec\x06\x8c\x01\
Q\xff\xec\x06\x8c\x01R\xff\xd8\x06\x98\x01S\xff\xd8\x06\
\x98\x01T\xff\xd8\x06\x98\x01U\xff\xd8\x06\x98\x01V\xff\
\xd8\x06\x98\x01W\xff\xd8\x06\x98\x01X\xff\xd8\x06\x98\x01\
Y\xff\xd8\x06\x98\x01Z\xff\xd8\x06\x98\x01[\xff\xd8\x06\
\x98\x01\x5c\xff\xd8\x06\x98\x01]\xff\xd8\x06\x98\x01^\xff\
\xd8\x06\x98\x01_\xff\xd8\x06\x98\x01`\xff\xd8\x06\x98\x01\
a\xff\xd8\x06\x98\x01b\xff\xd8\x06\x98\x01c\xff\xd8\x06\
\x98\x01d\xff\xd8\x06\x98\x01e\xff\xd8\x06\x98\x01f\xff\
\xd8\x06\x98\x01g\xff\xd8\x06\x98\x01h\xff\xd8\x06\x98\x01\
i\xff\xd8\x06\x98\x01j\xff\xd8\x06\x98\x01k\xff\xd8\x06\
\x98\x01l\xff\xd8\x06\x98\x01m\xff\xd8\x06\x98\x01n\xff\
\xd8\x06\x98\x01o\xff\xd8\x06\x98\x01p\xff\xd8\x06\x98\x01\
q\xff\xe2\x06\x86\x01r\xff\xe2\x06\x86\x01t\xff\xdf\x06\
\x80\x01u\xff\xec\x06\x8c\x01v\xff\xec\x06\x8c\x01w\xff\
\xec\x06\x8c\x01x\xff\xec\x06\x8c\x01y\xff\xec\x06\x8c\x01\
z\xff\xec\x06\x8c\x01{\xff\xd8\x06z\x01|\xff\xd8\x06\
z\x01}\xff\xd8\x06z\x01~\xff\xd8\x06z\x01\x7f\xff\
\xd8\x06z\x01\x80\xff\xd8\x06z\x01\x81\xff\xd8\x06z\x01\
\x84\xff\xf6\x07R\x01\x85\xff\xf6\x07R\x01\x86\xff\xf6\x07\
R\x01\x87\xff\xf6\x07R\x01\x88\xff\xf6\x07R\x01\x89\xff\
\xf6\x07R\x01\x8a\xff\xe4\x06t\x01\x8b\xff\xe4\x06t\x01\
\x8c\xff\xe4\x06t\x01\x8d\xff\xe4\x06t\x01\x8e\xff\xe4\x06\
t\x01\x8f\xff\xe4\x06t\x01\x90\xff\xe4\x06t\x01\x91\xff\
\xe4\x06t\x01\x92\xff\xe4\x06t\x01\x93\xff\xe4\x06t\x01\
\x94\xff\xe4\x06t\x01\x95\xff\xe4\x06t\x01\x96\xff\xe4\x06\
t\x01\x97\xff\xe4\x06t\x01\x98\xff\xe4\x06t\x01\x99\xff\
\xe4\x06t\x01\x9a\xff\xe4\x06t\x01\x9b\xff\xe4\x06t\x01\
\x9c\xff\xe4\x06t\x01\x9d\xff\xe4\x06t\x01\x9e\xff\xe4\x06\
t\x01\x9f\xff\xe4\x06t\x01\xa0\xff\xec\x06n\x01\xa1\xff\
\xec\x06h\x01\xa2\xff\xec\x06h\x01\xa3\xff\xec\x06h\x01\
\xa4\xff\xec\x06h\x01\xa5\xff\xec\x06h\x01\xa6\xff\xec\x09\
\x8a\x01\xa7\xff\xe2\x06b\x01\xa8\xff\xe2\x06b\x01\xa9\xff\
\xe2\x06b\x01\xaa\xff\xe2\x06b\x01\xab\xff\xe2\x06b\x01\
\xac\xff\xe2\x06b\x01\xad\xff\xe2\x06b\x01\xae\xff\xe2\x06\
b\x01\xaf\xff\xe2\x06b\x01\xb0\xff\xd7\x06\x5c\x01\xb1\xff\
\xd7\x06\x5c\x01\xb2\xff\xd7\x06\x5c\x01\xb3\xff\xd7\x06\x5c\x01\
\xbb\xff\xec\x06V\x01\xbc\xff\xec\x06V\x02\xc1\xff\xd1\x0c\
L\x02\xc2\xff\xd1\x0cL\x02\xc3\xff\xf6\x0b\x98\x02\xc4\xff\
\xf6\x0b\x98\x02\xce\xff\xf9\x0c\xc0\x02\xd1\xff\xe5\x0c\xc0\x02\
\xdc\xff\xd1\x0cL\x02\xdd\xff\xd1\x0cL\x00\x02\x01*\x80\
\x00\x00\x02\x01<\x80\x00\x00\x02\x01A\x80\x00\x00\x00\x00\
\x06\x80\x00\x00\x02\x01+\x80\x00\x00\x02\x01#\x80\x00\x00\
\x02\x00\xff\x80\x00\x00\x02\x01D\x80\x00\x00\x02\x01?\x80\
\x00\x00\x02\x01(\x80\x00\x00\x02\x01%\x80\x00\x00\x02\x01\
!\x80\x00\x00\x02\x01\x18\x80\x00\x00\x02\x00\xe1\x80\x00\x00\
\x02\x00\xa0\x80\x00\x00\x02\x00\xe9\x80\x00\x00\x01\x00\x00\x80\
\x00\x00\x01\x02\xce\xff\xf6\x04\xdc\x00\x09\x00\xa9\xff\xf6\x00\
\x8e\x01t\xff\xff\x06\x02\x01\x82\xff\xf6\x00\x82\x01\xa6\xff\
\xce\x00|\x02\xc9\xff\xf3\x05\x82\x02\xce\xff\xec\x00v\x02\
\xd1\xff\xef\x04j\x02\xe2\xff\xef\x04j\x02\xeb\xff\xfd\x05\
\x96\x00\x0a\x00\xa9\xff\xf6\x00V\x00\xec\xff\xe8\x00P\x01\
t\xff\xff\x05\xca\x01\x82\xff\xf6\x00J\x01\xa6\xff\xce\x00\
D\x02\xc9\xff\xf3\x05J\x02\xce\xff\xec\x00>\x02\xd1\xff\
\xef\x042\x02\xe2\xff\xef\x042\x02\xeb\xff\xfd\x05^\x00\
\x02\x01'\x80\x00\x00\x02\x00e\x80\x00\x00\x01\x00\x0d\x80\
\x00\x00\x02\x00v\x80\x00\x00\x02\x01\x0a\x80\x00\x00\x10\x00\
\xc6\x00\x00\x00h\x00\xc7\x00\x00\x00b\x00\xc8\x00\x00\x00\
b\x00\xc9\x00\x00\x00b\x00\xca\x00\x00\x00b\x00\xcb\x00\
\x00\x00b\x00\xcc\x00\x00\x022\x00\xcd\x00\x00\x01\xbe\x00\
\xce\x00\x00\x01\xbe\x00\xcf\x00\x00\x01\xbe\x00\xd0\x00\x00\x01\
\xbe\x00\xd1\x00\x00\x01\xbe\x00\xd2\x00\x00\x01\xbe\x00\xd3\x00\
\x00\x01\xbe\x00\xd4\x00\x00\x01\xbe\x00\xd5\x00\x00\x01\xbe\x00\
\x01\x00\x0a\x80\x00\x00\x01\x00\x05\x80\x00\x00\x04\x00\xc6\xff\
\xfd\x04\x94\x00\xcc\xff\xfd\x04\x94\x02\xce\xff\xf9\x04\x86\x02\
\xcf\xff\xf3\x04\x80\x00\x02\x00\xc6\xff\xfd\x00\x0e\x02\xcf\xff\
\xf6\x03\xb8\x00\x02\x00\xe7\x80\x00\x000\x00\x01\x00\x00\x01\
4\x00\x02\x00\x00\x014\x00\x03\x00\x00\x014\x00\x04\x00\
\x00\x014\x00\x05\x00\x00\x014\x00\x06\x00\x00\x014\x00\
\x07\x00\x00\x014\x00\x08\x00\x00\x014\x00\x09\x00\x00\x01\
4\x00\x0a\x00\x00\x014\x00\x0b\x00\x00\x014\x00\x0c\x00\
\x00\x014\x00\x0d\x00\x00\x014\x00\x0e\x00\x00\x014\x00\
\x0f\x00\x00\x014\x00\x10\x00\x00\x014\x00\x11\x00\x00\x01\
4\x00\x12\x00\x00\x014\x00\x13\x00\x00\x014\x00\x14\x00\
\x00\x014\x00\x15\x00\x00\x014\x00\x16\x00\x00\x014\x00\
\x17\x00\x00\x014\x00\x18\x00\x00\x014\x00\x19\x00\x00\x01\
4\x00\x1a\x00\x00\x014\x00\x1b\x00\x00\x01.\x00\x1c\x00\
\x00\x01.\x00\xaa\x00\x00\x01\x96\x00\xab\x00\x00\x01\x96\x00\
\xac\x00\x00\x01\x96\x00\xad\x00\x00\x01\x96\x00\xae\x00\x00\x01\
\x96\x00\xaf\x00\x00\x01\x96\x00\xcc\x00\x00\x01(\x00\xcd\x00\
\x00\x01\x22\x00\xce\x00\x00\x01\x22\x00\xcf\x00\x00\x01\x22\x00\
\xd0\x00\x00\x01\x22\x00\xd1\x00\x00\x01\x22\x00\xd2\x00\x00\x01\
\x22\x00\xd3\x00\x00\x01\x22\x00\xd4\x00\x00\x01\x22\x00\xd5\x00\
\x00\x01\x22\x00\xd6\x00\x00\x01\x96\x00\xd7\x00\x00\x01\x96\x00\
\xd8\x00\x00\x01\x96\x00\xd9\x00\x00\x01\x96\x00\x01\x00\x06\x80\
\x00\x00\x01\x00\x03\x80\x00\x00\x01\x00\x01\x80\x00\x00\x01\x00\
\x07\x80\x00\x00\x0c\x00\xcc\xff\xf6\x00b\x01t\xff\xff\x03\
\x98\x01\xa6\x00\x00\x00\x5c\x02\xae\xff\xe5\x00V\x02\xb1\xff\
\xfd\x03,\x02\xc1\xff\x91\x00P\x02\xc2\xff\x99\x00J\x02\
\xc9\xff\xa9\x00V\x02\xce\xff\xcb\x03\x18\x02\xcf\xff\xf6\x02\
j\x02\xd1\xff\xa9\x01\xee\x02\xf0\xff\xf9\x03\x1e\x00\x02\x00\
c\x80\x00\x00\x02\x00o\x80\x00\x00\x02\x00\x8b\x80\x00\x00\
\x01\x00\x09\x80\x00\x00\x02\x01\x07\x80\x00\x00\x04\x00\xc6\xff\
\xfd\x02\xc4\x00\xcc\xff\xfc\x02\x82\x02\xb1\xff\xfd\x02\xc4\x02\
\xcf\xff\xf3\x02\xb0\x00\x01\x00\xc6\xff\xfd\x02\xaa\x00\x06\x00\
\xaa\xff\xc4\x00&\x00\xab\xff\xc4\x00&\x00\xac\xff\xc4\x00\
&\x00\xad\xff\xc4\x00&\x00\xae\xff\xc4\x00&\x00\xaf\xff\
\xc4\x00&\x00\x02\x01Q\x80\x00\x00\x17\x00\xaa\x00\x00\x00\
\x92\x00\xab\x00\x00\x00\x92\x00\xac\x00\x00\x00\x92\x00\xad\x00\
\x00\x00\x92\x00\xae\x00\x00\x00\x92\x00\xaf\x00\x00\x00\x92\x00\
\xc0\xff\xfd\x01\xba\x00\xc6\x00\x00\x00\x8c\x00\xc7\x00\x00\x00\
\x8c\x00\xc8\x00\x00\x00\x8c\x00\xc9\x00\x00\x00\x8c\x00\xca\x00\
\x00\x00\x8c\x00\xcb\x00\x00\x00\x8c\x00\xcd\x00\x00\x00\x8c\x00\
\xce\x00\x00\x00\x8c\x00\xcf\x00\x00\x00\x8c\x00\xd0\x00\x00\x00\
\x8c\x00\xd1\x00\x00\x00\x8c\x00\xd2\x00\x00\x00\x8c\x00\xd3\x00\
\x00\x00\x8c\x00\xd4\x00\x00\x00\x8c\x00\xd5\x00\x00\x00\x8c\x01\
h\xff\xfd\x01\xba\x00\x01\x00\x10\x80\x00\x00\x01\x00\x12\x80\
\x00\x00\x0c\x00\x9b\xff\xf8\x01(\x00\xc6\xff\xb7\x01:\x02\
\xab\xff\xf3\x01\xca\x02\xb1\xff\xfd\x01\xde\x02\xca\xff\xe2\x00\
\xc4\x02\xcc\xff\xd5\x00\xbe\x02\xcf\xff\xdf\x00\xb8\x02\xd1\xff\
\xef\x00\xb2\x02\xdf\xff\xc4\x00\xac\x02\xe1\xff\xdb\x00\xa6\x02\
\xe6\xff\xe3\x00\xa0\x02\xe7\xff\xe3\x00\xa0\x00\x0e\x00\x9b\xff\
\xf8\x00\xde\x00\xc0\xff\xfd\x00\xd8\x00\xc6\xff\xb7\x00\xf0\x01\
h\xff\xfd\x00\xd8\x02\xab\xff\xf3\x01\x80\x02\xb1\xff\xfd\x01\
\x94\x02\xca\xff\xe2\x00z\x02\xcc\xff\xd5\x00t\x02\xcf\xff\
\xdf\x00n\x02\xd1\xff\xef\x00h\x02\xdf\xff\xc4\x00b\x02\
\xe1\xff\xdb\x00\x5c\x02\xe6\xff\xe3\x00V\x02\xe7\xff\xe3\x00\
V\x00\x02\x00T\x80\x00\x00\x02\x00\x82\x80\x00\x00\x02\x00\
A\x80\x00\x00\x02\x01 \x80\x00\x00\x02\x01E\x80\x00\x00\
\x02\x01O\x80\x00\x00\x02\x01=\x80\x00\x00\x03\x00\x9b\xff\
\xf5\x00j\x01\xa0\xff\xfd\x00X\x02\xd1\xff\xf6\x00R\x00\
\x0a\x00\x8f\xff\xf7\x00\x5c\x00\x9b\xff\xf5\x00V\x00\xec\xff\
\xfb\x00P\x01[\xff\xf6\x00\xbe\x01h\xff\xfb\x00\x5c\x01\
\x8f\xff\xfe\x00J\x01\x9a\xff\xfd\x00D\x01\x9d\xff\xfe\x00\
J\x01\xa0\xff\xfd\x00D\x02\xd1\xff\xf6\x00>\x00\x02\x01\
\x05\x80\x00\x00\x02\x00\xdb\x80\x00\x00\x02\x00\xf5\x80\x00\x00\
\x02\x00\xc4\x80\x00\x00\x02\x00\xf9\x80\x00\x00\x02\x00\xd0\x80\
\x00\x00\x01\x00\xc6\xff\xf9\x00\x08\x00\x02\x00\xe4\x80\x00\x00\
\x01\x01\xa6\xff\xf6\x00:\x00\x08\x00\xec\xff\xfb\x00\xee\x00\
\xfb\xff\xfc\x00F\x01[\xff\xfd\x008\x01`\xff\xef\x00\
\xee\x01h\xff\xef\x00\xee\x01i\xff\xef\x00\xee\x01~\xff\
\xec\x00\x00\x01\xa6\xff\xf6\x002\x00\x02\x00\x9e\x80\x00\x00\
\x02\x01\x02\x80\x00\x00\x01\x01h\xff\xfc\x00\x08\x00\x02\x00\
\xd8\x80\x00\x00\x01\x00\xc6\xff\xf2\x00\x08\x00\x02\x00\xed\x80\
\x00\x00\x04\x00\xc6\xff\xfd\x00.\x00\xcc\xff\xf9\x00 \x02\
\xb1\xff\xfd\x00.\x02\xcf\xff\xf3\x00\x1a\x00\x02\x01\x13\x80\
\x00\x00\x02\x00\xfa\x80\x00\x00\x01\x00\xcc\xff\xfd\x00\x08\x00\
\x02\x00\xe8\x80\x00\x00\x02\x00\xc6\xff\xe7\x00\x14\x00\xcc\xff\
\xeb\x00\x0e\x00\x02\x01.\x80\x00\x00\x02\x014\x80\x00\x00\
\x05\x00\x9b\x00\x00\x00\x00\x00\xc6\xff\xd9\x00F\x01\xa0\xff\
\xf9\x00F\x02\xdf\xff\xc7\x00F\x02\xe1\xff\xc7\x00F\x00\
\x06\x00\x22\xff\xff\x00,\x00\x9b\x00\x00\x00\x00\x00\xc6\xff\
\xd9\x00&\x01\xa0\xff\xf9\x00&\x02\xdf\xff\xc7\x00&\x02\
\xe1\xff\xc7\x00&\x00\x02\x00\xd1\x80\x00\x00\x02\x00\xda\x80\
\x00\x00\x00\x00\x02\x00Z\x00\x00\x02P\x03*\x00\x03\x00\
\x07\x00\x003\x11!\x11%!\x11!Z\x01\xf6\xfeq\
\x01(\xfe\xd8\x03*\xfc\xd6Z\x02v\x00\x02\x00\x13\x00\
\x00\x01\xd9\x03*\x00\x07\x00\x0a\x00\x003\x133\x13#\
'#\x07\x133\x03\x13\xacm\xadk%\xa5'6\x87\
D\x03*\xfc\xd6\xcc\xcc\x01\x1d\x01m\xff\xff\x00\x13\x00\
\x00\x01\xd9\x04 \x02&\x00\x01\x00\x00\x00\x07\x035\x00\
\xf6\x00\xe8\xff\xff\x00\x13\x00\x00\x01\xd9\x03\xf1\x02&\x00\
\x01\x00\x00\x00\x07\x03:\x00\xf7\x00\xe8\xff\xff\x00\x13\x00\
\x00\x01\xd9\x04\x85\x02&\x00\x01\x00\x00\x00\x07\x03K\x00\
\xf7\x00\xe8\xff\xff\x00\x13\xffP\x01\xd9\x03\xf1\x02&\x00\
\x01\x00\x00\x00'\x03C\x00\xf6\x00\x00\x00\x07\x03:\x00\
\xf7\x00\xe8\xff\xff\x00\x13\x00\x00\x01\xd9\x04\x85\x02&\x00\
\x01\x00\x00\x00\x07\x03L\x00\xf7\x00\xe8\xff\xff\x00\x13\x00\
\x00\x01\xd9\x04\xb4\x02&\x00\x01\x00\x00\x00\x07\x03M\x00\
\xf7\x00\xe8\xff\xff\x00\x13\x00\x00\x01\xd9\x04\x96\x02&\x00\
\x01\x00\x00\x00'\x03:\x00\xf6\x00\xe8\x00\x07\x03<\x00\
\xf6\x01f\xff\xff\x00\x13\x00\x00\x01\xd9\x04\x12\x02&\x00\
\x01\x00\x00\x00\x07\x039\x00\xf6\x00\xe8\xff\xff\x00\x13\x00\
\x00\x01\xd9\x04\x12\x02&\x00\x01\x00\x00\x00\x07\x038\x00\
\xf6\x00\xe8\xff\xff\x00\x13\x00\x00\x02\x07\x04>\x02&\x00\
\x01\x00\x00\x00\x07\x03O\x00\xf6\x00\xe8\xff\xff\x00\x13\xff\
P\x01\xd9\x03\xfe\x02&\x00\x01\x00\x00\x00'\x03S\x00\
\xf6\x00\xe8\x00\x07\x03C\x00\xf6\x00\x00\xff\xff\x00\x13\x00\
\x00\x01\xd9\x04>\x02&\x00\x01\x00\x00\x00\x07\x03P\x00\
\xf6\x00\xe8\xff\xff\x00\x13\x00\x00\x01\xeb\x04w\x02&\x00\
\x01\x00\x00\x00\x07\x03Q\x00\xf6\x00\xe8\xff\xff\x00\x13\x00\
\x00\x01\xd9\x04\xa0\x02&\x00\x01\x00\x00\x00'\x03S\x00\
\xf6\x00\xe8\x00\x07\x03<\x00\xf6\x01p\xff\xff\x00\x13\x00\
\x00\x01\xd9\x04\x12\x02&\x00\x01\x00\x00\x00\x07\x03?\x00\
\xf6\x00\xe8\xff\xff\x00\x13\x00\x00\x01\xd9\x04\x12\x02&\x00\
\x01\x00\x00\x00\x07\x032\x00\xf6\x00\xe8\xff\xff\x00\x13\xff\
P\x01\xd9\x03*\x02&\x00\x01\x00\x00\x00\x07\x03C\x00\
\xf6\x00\x00\xff\xff\x00\x13\x00\x00\x01\xd9\x04 \x02&\x00\
\x01\x00\x00\x00\x07\x034\x00\xf6\x00\xe8\xff\xff\x00\x13\x00\
\x00\x01\xd9\x04&\x02&\x00\x01\x00\x00\x00\x07\x03>\x00\
\xf6\x00\xe8\xff\xff\x00\x13\x00\x00\x01\xd9\x04\x12\x02&\x00\
\x01\x00\x00\x00\x07\x03@\x00\xf6\x00\xe8\xff\xff\x00\x13\x00\
\x00\x01\xd9\x03\xd6\x02&\x00\x01\x00\x00\x00\x07\x03=\x00\
\xf6\x00\xe8\xff\xff\x00\x13\xff\x19\x01\xe6\x03*\x02&\x00\
\x01\x00\x00\x00\x07\x03G\x01\xae\x00\x00\xff\xff\x00\x13\x00\
\x00\x01\xd9\x04\x1b\x02&\x00\x01\x00\x00\x00\x07\x03;\x00\
\xf6\x00\xe8\xff\xff\x00\x13\x00\x00\x01\xd9\x05\x11\x02&\x00\
\x01\x00\x00\x00'\x03;\x00\xf6\x00\xe8\x00\x07\x035\x00\
\xf6\x01\xd9\xff\xff\x00\x13\x00\x00\x01\xd9\x04\x18\x02&\x00\
\x01\x00\x00\x00\x07\x03<\x00\xf6\x00\xe8\x00\x02\xff\xcd\x00\
\x00\x02]\x03*\x00\x0f\x00\x12\x00\x00#\x01!\x15#\
\x113\x15#\x113\x15!5#\x07\x133\x113\x01\
U\x01;\xcd\x93\x93\xcd\xfe\xc7\x95Vtw\x03*R\
\xfe\xf4Q\xfe\xd7R\xcd\xcd\x01\x1e\x01?\x00\xff\xff\xff\
\xcd\x00\x00\x02]\x04 \x02&\x00\x1b\x00\x00\x00\x07\x03\
5\x01Z\x00\xe8\x00\x03\x00?\x00\x00\x01\xe7\x03*\x00\
\x14\x00\x1e\x00)\x00\x003\x1132\x1e\x02\x15\x14\x06\
\x06\x07\x1e\x02\x15\x14\x0e\x02#'32654&\
&##5326654&&##?\xba\
7Q6\x1a\x193(1<\x1d\x183O6gL\
L3\x1b;2CC06\x16\x22H:\x1b\x03*\
\x182M42I*\x06\x0b5S:4V<!\
QGO3E#V\x1b<082\x0d\xff\xff\x00\
?\x00\x00\x01\xe7\x03\xfe\x02&\x00\x1d\x00\x00\x00\x07\x03\
3\x01\x06\x00\xe8\x00\x01\x000\xff\xf7\x01\xd6\x031\x00\
'\x00\x00\x05\x22&&5\x1146632\x16\x16\
\x15\x15#54&&#\x22\x06\x06\x15\x11\x14\x16\x16\
3266553\x15\x14\x06\x06\x01\x0aV_%\
%_VLY'k\x09(/0,\x0d\x14.'\
.(\x0ak$X\x09HzK\x01\x1eRzC8\
hI@9-E&)K2\xfe\xbf=G\x1e)\
H0<<Jq?\xff\xff\x000\xff\xf7\x01\xd6\x04\
 \x02&\x00\x1f\x00\x00\x00\x07\x035\x01\x02\x00\xe8\xff\
\xff\x000\xff\xf7\x01\xd6\x04\x12\x02&\x00\x1f\x00\x00\x00\
\x07\x039\x01\x02\x00\xe8\xff\xff\x000\xff\x15\x01\xd6\x03\
1\x02&\x00\x1f\x00\x00\x00\x07\x03F\x01\x02\x00\x00\xff\
\xff\x000\xff\xf7\x01\xd6\x04\x12\x02&\x00\x1f\x00\x00\x00\
\x07\x038\x01\x02\x00\xe8\xff\xff\x000\xff\xf7\x01\xd6\x03\
\xfe\x02&\x00\x1f\x00\x00\x00\x07\x033\x01\x02\x00\xe8\x00\
\x02\x00?\x00\x00\x01\xdf\x03*\x00\x0b\x00\x17\x00\x003\
\x1132\x16\x16\x15\x11\x14\x06\x06#'3266\
5\x114&&##?\xb0Zi--eUH\
@>4\x0b\x106:=\x03*7nR\xfe\xd6V\
v=Q0\x5cA\x01\x07?N$\xff\xff\x00?\x00\
\x00\x03\x98\x03*\x00&\x00%\x00\x00\x00\x07\x00\xd6\x02\
\x0c\x00\x00\xff\xff\x00?\x00\x00\x03\x98\x04\x12\x00&\x00\
%\x00\x00\x00'\x00\xd6\x02\x0c\x00\x00\x00\x07\x039\x02\
\xe7\x00\xe8\xff\xff\x00?\x00\x00\x01\xdf\x04\x12\x02&\x00\
%\x00\x00\x00\x07\x039\x01\x08\x00\xe8\x00\x02\x00\x11\x00\
\x00\x01\xe0\x03*\x00\x0f\x00\x1f\x00\x003\x11#53\
\x1132\x16\x16\x15\x11\x14\x06\x06#'3266\
5\x114&&##\x113\x15#A00\xb1Z\
h,,eUG?>4\x0b\x106:<<<\
\x01\x84A\x01e7nR\xfe\xd6Vv=Q0\x5c\
A\x01\x07?N$\xfe\xefA\xff\xff\x00?\x00\x00\x01\
\xdf\x03\xfe\x02&\x00%\x00\x00\x00\x07\x033\x01\x08\x00\
\xe8\xff\xff\x00?\x00\x00\x03S\x03*\x00&\x00%\x00\
\x00\x00\x07\x01\xb0\x02\x0f\x00\x00\xff\xff\x00?\x00\x00\x03\
S\x03*\x00&\x00%\x00\x00\x00'\x01\xb0\x02\x0f\x00\
\x00\x00\x07\x039\x02\xc7\x00\x00\x00\x02\x00\x0e\x00\x00\x01\
\xdf\x03*\x00\x0f\x00\x1f\x00\x003\x11#53\x113\
2\x16\x16\x15\x11\x14\x06\x06#'32665\x11\
4&&##\x113\x15#?11\xb0Zi-\
-eUH@>4\x0b\x106:===\x01\x84\
A\x01e7nR\xfe\xd6Vv=Q0\x5cA\x01\
\x07?N$\xfe\xefA\x00\x01\x00?\x00\x00\x01{\x03\
*\x00\x0b\x00\x003\x11!\x15#\x113\x15#\x113\
\x15?\x01:\xc9\xa3\xa3\xcb\x03*T\xfe\xf4P\xfe\xd7\
Q\xff\xff\x00?\x00\x00\x01{\x04 \x02&\x00.\x00\
\x00\x00\x07\x035\x00\xe0\x00\xe8\xff\xff\x00?\x00\x00\x01\
{\x03\xf1\x02&\x00.\x00\x00\x00\x07\x03:\x00\xe1\x00\
\xe8\xff\xff\x00?\x00\x00\x01{\x04\x12\x02&\x00.\x00\
\x00\x00\x07\x039\x00\xe0\x00\xe8\xff\xff\x00?\x00\x00\x01\
{\x04\x12\x02&\x00.\x00\x00\x00\x07\x038\x00\xe0\x00\
\xe8\xff\xff\x00?\x00\x00\x01\xf1\x04>\x02&\x00.\x00\
\x00\x00\x07\x03O\x00\xe0\x00\xe8\xff\xff\x00?\xffP\x01\
{\x03\xfe\x02&\x00.\x00\x00\x00'\x03S\x00\xe0\x00\
\xe8\x00\x07\x03C\x00\xcc\x00\x00\xff\xff\x00?\x00\x00\x01\
\xba\x04>\x02&\x00.\x00\x00\x00\x07\x03P\x00\xe0\x00\
\xe8\xff\xff\x00?\x00\x00\x01\xd5\x04w\x02&\x00.\x00\
\x00\x00\x07\x03Q\x00\xe0\x00\xe8\xff\xff\x00?\x00\x00\x01\
{\x04\xa0\x02&\x00.\x00\x00\x00'\x03S\x00\xe0\x00\
\xe8\x00\x07\x03<\x00\xe0\x01p\xff\xff\x00\x1b\x00\x00\x01\
{\x04\x12\x02&\x00.\x00\x00\x00\x07\x03?\x00\xe0\x00\
\xe8\xff\xff\x00?\x00\x00\x01{\x04\x12\x02&\x00.\x00\
\x00\x00\x07\x032\x00\xe0\x00\xe8\xff\xff\x00?\x00\x00\x01\
{\x03\xfe\x02&\x00.\x00\x00\x00\x07\x033\x00\xe0\x00\
\xe8\xff\xff\x00?\xffP\x01{\x03*\x02&\x00.\x00\
\x00\x00\x07\x03C\x00\xcc\x00\x00\xff\xff\x00?\x00\x00\x01\
{\x04 \x02&\x00.\x00\x00\x00\x07\x034\x00\xe0\x00\
\xe8\xff\xff\x00?\x00\x00\x01{\x04&\x02&\x00.\x00\
\x00\x00\x07\x03>\x00\xe0\x00\xe8\xff\xff\x00?\x00\x00\x01\
{\x04\x12\x02&\x00.\x00\x00\x00\x07\x03@\x00\xe0\x00\
\xe8\xff\xff\x00?\x00\x00\x01{\x03\xd6\x02&\x00.\x00\
\x00\x00\x07\x03=\x00\xe0\x00\xe8\xff\xff\x00?\xff\x19\x01\
{\x03*\x02&\x00.\x00\x00\x00\x07\x03G\x01<\x00\
\x00\xff\xff\x00?\x00\x00\x01{\x04\x18\x02&\x00.\x00\
\x00\x00\x07\x03<\x00\xe0\x00\xe8\x00\x02\x00,\xff\xf7\x01\
\xe7\x031\x00\x1e\x00)\x00\x00\x05\x22&&55!\
54&&#\x22\x06\x06\x15\x15#54663\
2\x16\x16\x15\x11\x14\x06\x06'26655#\x15\
\x14\x16\x16\x01\x0aRb*\x01I\x10-.-/\x10\
r*aSR`++`R-.\x10\xd7\x10/\
\x09@wP\xa7\xa3-A##A-F/Ps\
=>rP\xfe\xccOvAY%C-gg-\
C%\x00\x00\x01\x00\x1e\xff\xf7\x01\xac\x03*\x00&\x00\
\x00\x17\x22&&553\x14\x14\x15\x14\x1632>\
\x0254&&##57#5!\x15\x03'3\
2\x16\x16\x15\x14\x06\x06\xe4BX,j%7\x1d$\
\x14\x08\x1bB:U\xab\xd1\x01Y\xd8\x13APZ$\
(X\x092^@\x1b\x04\x09\x057I\x15(7!\
FZ,B\xe6Q1\xfe\xd3%BxRHk;\
\x00\xff\xff\x00\x1e\xff\xf7\x01\xac\x04\x12\x02&\x00C\x00\
\x00\x00\x07\x039\x00\xe4\x00\xe8\x00\x01\x00?\x00\x00\x01\
x\x03*\x00\x09\x00\x003\x11!\x15#\x113\x15#\
\x11?\x019\xc8\x9b\x9b\x03*Q\xfe\xf2P\xfe\x85\xff\
\xff\x00?\x00\x00\x01x\x03\xfe\x02&\x00E\x00\x00\x00\
\x07\x033\x00\xc4\x00\xe8\x00\x01\x000\xff\xf6\x01\xe2\x03\
1\x00*\x00\x00\x05\x22&&5\x1146632\
\x16\x16\x15\x15#54&&#\x22\x06\x06\x15\x11\x14\
\x16\x16326655#53\x11#'\x06\x06\
\x01\x00L[)%_UL]*j\x0e+.2\
-\x0b\x110,,0\x12g\xcdG\x0b\x10D\x0aA\
|W\x01\x0fY}B3iP\x1e\x195C!.\
O2\xfe\xd4:N&*R=8P\xfeo]-\
:\xff\xff\x000\xff\xf6\x01\xe2\x04 \x02&\x00G\x00\
\x00\x00\x07\x035\x01\x0c\x00\xe8\xff\xff\x000\xff\xf6\x01\
\xe2\x03\xf1\x02&\x00G\x00\x00\x00\x07\x03:\x01\x0d\x00\
\xe8\xff\xff\x000\xff\xf6\x01\xe2\x04\x12\x02&\x00G\x00\
\x00\x00\x07\x039\x01\x0c\x00\xe8\xff\xff\x000\xff\xf6\x01\
\xe2\x04\x12\x02&\x00G\x00\x00\x00\x07\x038\x01\x0c\x00\
\xe8\xff\xff\x000\xfe\xe1\x01\xe2\x031\x02&\x00G\x00\
\x00\x00\x07\x03E\x01\x0c\x00\x00\xff\xff\x000\xff\xf6\x01\
\xe2\x03\xfe\x02&\x00G\x00\x00\x00\x07\x033\x01\x0c\x00\
\xe8\x00\x02\x000\xff\xf6\x02\x19\x031\x00\x03\x00.\x00\
\x00%53\x15\x05\x22&&5\x1146632\
\x16\x16\x15\x15#54&&#\x22\x06\x06\x15\x11\x14\
\x16\x16326655#53\x11#'\x06\x06\
\x01:\xdf\xfe\xe7L[)%_UL]*j\x0e\
+.2-\x0b\x110,,0\x12g\xcdG\x0b\x10\
D\xd0AA\xdaA|W\x01\x0fY}B3iP\
\x1e\x195C!.O2\xfe\xd4:N&*R=\
8P\xfeo]-:\x00\x01\x00?\x00\x00\x01\xf1\x03\
*\x00\x0b\x00\x003\x113\x113\x113\x11#\x11#\
\x11?q\xd0qq\xd0\x03*\xfe\xa2\x01^\xfc\xd6\x01\
{\xfe\x85\x00\x02\x00\x10\x00\x00\x02 \x03*\x00\x13\x00\
\x17\x00\x003\x11#5353\x15353\x153\
\x15#\x11#\x11#\x11\x1135#?//q\xd0\
q//q\xd0\xd0\xd0\x02k:\x85\x85\x85\x85:\xfd\
\x95\x01{\xfe\x85\x01\xcc\x9f\x00\xff\xff\x00?\x00\x00\x01\
\xf1\x04\x12\x02&\x00O\x00\x00\x00\x07\x039\x01\x19\x00\
\xe8\xff\xff\x00?\x00\x00\x01\xf1\x04\x12\x02&\x00O\x00\
\x00\x00\x07\x038\x01\x19\x00\xe8\x00\x01\x00E\x00\x00\x00\
\xb4\x03*\x00\x03\x00\x003\x113\x11Eo\x03*\xfc\
\xd6\xff\xff\x00E\xff\xed\x01\xe5\x03*\x00&\x00S\x00\
\x00\x00\x07\x00b\x00\xf8\x00\x00\xff\xff\x00E\x00\x00\x01\
\x06\x04 \x02&\x00S\x00\x00\x00\x07\x035\x00|\x00\
\xe8\xff\xff\xff\xf9\x00\x00\x01\x00\x03\xf1\x02&\x00S\x00\
\x00\x00\x07\x03:\x00}\x00\xe8\xff\xff\xff\xef\x00\x00\x01\
\x09\x04\x12\x02&\x00S\x00\x00\x00\x07\x038\x00|\x00\
\xe8\xff\xff\xff\xb7\x00\x00\x00\xdd\x04\x12\x02&\x00S\x00\
\x00\x00\x07\x03?\x00|\x00\xe8\xff\xff\xff\xf0\x00\x00\x01\
\x08\x04\x12\x02&\x00S\x00\x00\x00\x07\x032\x00|\x00\
\xe8\xff\xff\x00E\x00\x00\x00\xb4\x03\xfe\x02&\x00S\x00\
\x00\x00\x07\x033\x00|\x00\xe8\xff\xff\x00E\xffP\x00\
\xb4\x03*\x02&\x00S\x00\x00\x00\x06\x03C|\x00\xff\
\xff\xff\xf4\x00\x00\x00\xb4\x04 \x02&\x00S\x00\x00\x00\
\x07\x034\x00|\x00\xe8\xff\xff\x00,\x00\x00\x00\xec\x04\
&\x02&\x00S\x00\x00\x00\x07\x03>\x00|\x00\xe8\xff\
\xff\xff\xf8\x00\x00\x01\x00\x04\x12\x02&\x00S\x00\x00\x00\
\x07\x03@\x00|\x00\xe8\xff\xff\x00\x1c\x00\x00\x00\xdc\x03\
\xd6\x02&\x00S\x00\x00\x00\x07\x03=\x00|\x00\xe8\xff\
\xff\xff\xf4\xff\x19\x00\xb5\x03*\x02&\x00S\x00\x00\x00\
\x06\x03G}\x00\xff\xff\xff\xe6\x00\x00\x01\x12\x04\x18\x02\
&\x00S\x00\x00\x00\x07\x03<\x00|\x00\xe8\x00\x01\x00\
\x07\xff\xed\x00\xed\x03*\x00\x0d\x00\x00\x1752>\x02\
5\x113\x11\x14\x06\x06#\x07%.\x19\x0ap\x1eL\
F\x13Q\x0a\x1a1&\x02q\xfd\x8dFY+\x00\xff\
\xff\x00\x07\xff\xed\x01B\x04\x12\x02&\x00b\x00\x00\x00\
\x07\x038\x00\xb5\x00\xe8\x00\x01\x00?\x00\x00\x01\xed\x03\
*\x00\x0b\x00\x003\x113\x11\x133\x03\x13#\x03\x07\
\x11?q\xbai\xa0\xban\x9b4\x03*\xfe\x82\x01~\
\xfe\x9b\xfe;\x01|^\xfe\xe2\xff\xff\x00?\x00\x00\x01\
\xed\x04\x12\x02&\x00d\x00\x00\x00\x07\x039\x00\xf8\x00\
\xe8\xff\xff\x00?\xfe\xe1\x01\xed\x03*\x02&\x00d\x00\
\x00\x00\x07\x03E\x00\xf8\x00\x00\x00\x01\x00?\x00\x00\x01\
\x7f\x03*\x00\x05\x00\x003\x113\x113\x15?q\xcf\
\x03*\xfd'Q\xff\xff\x00?\xff\xed\x02z\x03*\x00\
&\x00g\x00\x00\x00\x07\x00b\x01\x8d\x00\x00\xff\xff\x00\
?\x00\x00\x01\x7f\x04 \x02&\x00g\x00\x00\x00\x07\x03\
5\x00x\x00\xe8\xff\xff\x00?\x00\x00\x01\x80\x03*\x02\
&\x00g\x00\x00\x00\x07\x037\x01\x12\x00\x19\xff\xff\x00\
?\xfe\xe1\x01\x7f\x03*\x02&\x00g\x00\x00\x00\x07\x03\
E\x00\xdf\x00\x00\xff\xff\x00?\x00\x00\x01\x7f\x03*\x02\
&\x00g\x00\x00\x00\x07\x02\xd0\x00\xe7\x00;\xff\xff\x00\
?\xffn\x02>\x03*\x00&\x00g\x00\x00\x00\x07\x01\
:\x01\x8d\x00\x00\x00\x01\xff\xfa\x00\x00\x01\x7f\x03*\x00\
\x0d\x00\x003\x11\x0757\x113\x117\x15\x07\x113\
\x15?EEqii\xcf\x01y&W&\x01Z\xfe\
\xe59V:\xfe\x99Q\x00\x01\x00=\x00\x00\x02W\x03\
*\x00\x0c\x00\x003\x133\x13\x133\x13#\x03\x03#\
\x03\x03=\x0fo\x8f\x90n\x0f[\x09\x89@\x88\x09\x03\
*\xfdo\x02\x91\xfc\xd6\x02L\xfd\xb4\x02L\xfd\xb4\xff\
\xff\x00=\x00\x00\x02W\x03\xfe\x02&\x00o\x00\x00\x00\
\x07\x033\x01J\x00\xe8\x00\x01\x00?\x00\x00\x01\xd0\x03\
*\x00\x09\x00\x003\x113\x13\x113\x11#\x03\x11?\
M\xe6^H\xe9\x03*\xfd\xe6\x02\x1a\xfc\xd6\x02)\xfd\
\xd7\xff\xff\x00?\xff\xed\x02\xfd\x03*\x00&\x00q\x00\
\x00\x00\x07\x00b\x02\x10\x00\x00\xff\xff\x00?\x00\x00\x01\
\xd0\x04 \x02&\x00q\x00\x00\x00\x07\x035\x01\x08\x00\
\xe8\xff\xff\x00?\x00\x00\x01\xd0\x04\x12\x02&\x00q\x00\
\x00\x00\x07\x039\x01\x08\x00\xe8\xff\xff\x00?\xfe\xe1\x01\
\xd0\x03*\x02&\x00q\x00\x00\x00\x07\x03E\x01\x08\x00\
\x00\xff\xff\x00?\xffn\x02\xc1\x03*\x00&\x00q\x00\
\x00\x00\x07\x01:\x02\x10\x00\x00\xff\xff\x00?\x00\x00\x01\
\xd0\x04\x18\x02&\x00q\x00\x00\x00\x07\x03<\x01\x08\x00\
\xe8\x00\x01\x00?\xffI\x01\xd0\x03*\x00\x13\x00\x00\x05\
526655\x03\x11#\x113\x13\x113\x11\x14\
\x06\x06#\x01\x0b3-\x0c\xdeZM\xecX\x1aDA\
\xb7M\x153+!\x01\xff\xfd\xd7\x03*\xfd\xe6\x02\x1a\
\xfc\xd6<Q*\x00\x02\x000\xff\xf7\x01\xeb\x031\x00\
\x11\x00#\x00\x00\x05\x22&&5\x1146632\
\x16\x16\x15\x11\x14\x06\x06'2665\x114&&\
#\x22\x06\x06\x15\x11\x14\x16\x16\x01\x0eRb*+a\
RR`++`R-.\x10\x10.--/\x10\
\x10/\x09@wP\x013Ps=>rP\xfe\xcc\
OvAY%C-\x01c-A##A-\xfe\
\x9d-C%\x00\xff\xff\x000\xff\xf7\x01\xeb\x04 \x02\
&\x00y\x00\x00\x00\x07\x035\x01\x0e\x00\xe8\xff\xff\x00\
0\xff\xf7\x01\xeb\x03\xf1\x02&\x00y\x00\x00\x00\x07\x03\
:\x01\x0f\x00\xe8\xff\xff\x000\xff\xf7\x01\xeb\x04\x12\x02\
&\x00y\x00\x00\x00\x07\x038\x01\x0e\x00\xe8\xff\xff\x00\
0\xff\xf7\x02\x1f\x04>\x02&\x00y\x00\x00\x00\x07\x03\
O\x01\x0e\x00\xe8\xff\xff\x000\xffP\x01\xeb\x03\xfe\x02\
&\x00y\x00\x00\x00'\x03S\x01\x0e\x00\xe8\x00\x07\x03\
C\x01\x0e\x00\x00\xff\xff\x000\xff\xf7\x01\xeb\x04>\x02\
&\x00y\x00\x00\x00\x07\x03P\x01\x0e\x00\xe8\xff\xff\x00\
0\xff\xf7\x02\x03\x04w\x02&\x00y\x00\x00\x00\x07\x03\
Q\x01\x0e\x00\xe8\xff\xff\x000\xff\xf7\x01\xeb\x04\xa0\x02\
&\x00y\x00\x00\x00'\x03S\x01\x0e\x00\xe8\x00\x07\x03\
<\x01\x0e\x01p\xff\xff\x000\xff\xf7\x01\xeb\x04\x12\x02\
&\x00y\x00\x00\x00\x07\x03?\x01\x0e\x00\xe8\xff\xff\x00\
0\xff\xf7\x01\xeb\x04\x12\x02&\x00y\x00\x00\x00\x07\x03\
2\x01\x0e\x00\xe8\xff\xff\x000\xff\xf7\x01\xeb\x04\xbe\x02\
&\x00y\x00\x00\x00'\x032\x01\x0e\x00\xe8\x00\x07\x03\
=\x01\x0e\x01\xd0\xff\xff\x000\xff\xf7\x01\xeb\x04\xaa\x02\
&\x00y\x00\x00\x00'\x033\x01\x0e\x00\xe8\x00\x07\x03\
=\x01\x0e\x01\xbc\xff\xff\x000\xffP\x01\xeb\x031\x02\
&\x00y\x00\x00\x00\x07\x03C\x01\x0e\x00\x00\xff\xff\x00\
0\xff\xf7\x01\xeb\x04 \x02&\x00y\x00\x00\x00\x07\x03\
4\x01\x0e\x00\xe8\xff\xff\x000\xff\xf7\x01\xeb\x04&\x02\
&\x00y\x00\x00\x00\x07\x03>\x01\x0e\x00\xe8\xff\xff\x00\
0\xff\xf7\x01\xeb\x03t\x02&\x00y\x00\x00\x00\x07\x03\
T\x01N\x00\xe8\xff\xff\x000\xff\xf7\x01\xeb\x04 \x02\
&\x00y\x00\x00\x00'\x03T\x01N\x00\xe8\x00\x07\x03\
5\x01\x0e\x00\xe8\xff\xff\x000\xffP\x01\xeb\x03t\x02\
&\x00y\x00\x00\x00'\x03T\x01N\x00\xe8\x00\x07\x03\
C\x01\x0e\x00\x00\xff\xff\x000\xff\xf7\x01\xeb\x04 \x02\
&\x00y\x00\x00\x00'\x03T\x01N\x00\xe8\x00\x07\x03\
4\x01\x0e\x00\xe8\xff\xff\x000\xff\xf7\x01\xeb\x04&\x02\
&\x00y\x00\x00\x00'\x03T\x01N\x00\xe8\x00\x07\x03\
>\x01\x0e\x00\xe8\xff\xff\x000\xff\xf7\x01\xeb\x04\x18\x02\
&\x00y\x00\x00\x00'\x03T\x01N\x00\xe8\x00\x07\x03\
<\x01\x0e\x00\xe8\xff\xff\x000\xff\xf7\x01\xeb\x04\x13\x02\
&\x00y\x00\x00\x00\x07\x036\x01\x0e\x00\xe8\xff\xff\x00\
0\xff\xf7\x01\xeb\x04\x12\x02&\x00y\x00\x00\x00\x07\x03\
@\x01\x0e\x00\xe8\xff\xff\x000\xff\xf7\x01\xeb\x03\xd6\x02\
&\x00y\x00\x00\x00\x07\x03=\x01\x0e\x00\xe8\xff\xff\x00\
0\xff\x19\x01\xeb\x031\x02&\x00y\x00\x00\x00\x07\x03\
G\x016\x00\x00\x00\x03\x000\xff\xb6\x01\xeb\x03p\x00\
\x03\x00\x15\x00'\x00\x00\x17'\x13\x17\x03\x22&&5\
\x1146632\x16\x16\x15\x11\x14\x06\x06'26\
65\x114&&#\x22\x06\x06\x15\x11\x14\x16\x16\xa0\
'\xfc(\x8fRb*+aRR`++`R\
-.\x10\x10.--/\x10\x10/J\x0c\x03\xae\x0a\
\xfc\x91@wP\x013Ps=>rP\xfe\xccO\
vAY%C-\x01c-A##A-\xfe\x9d\
-C%\xff\xff\x000\xff\xb6\x01\xeb\x04 \x02&\x00\
\x93\x00\x00\x00\x07\x035\x01\x0e\x00\xe8\xff\xff\x000\xff\
\xf7\x01\xeb\x04\x18\x02&\x00y\x00\x00\x00\x07\x03<\x01\
\x0e\x00\xe8\xff\xff\x000\xff\xf7\x01\xeb\x04\x9c\x02&\x00\
y\x00\x00\x00'\x03<\x01\x0e\x00\xe8\x00\x07\x03=\x01\
\x0e\x01\xae\x00\x02\x000\x00\x00\x02\x90\x03*\x00\x13\x00\
\x1f\x00\x00!\x22&&5\x114663!\x15#\
\x113\x15#\x113\x15%3\x11#\x22\x06\x06\x15\x11\
\x14\x16\x16\x01 Zi--fU\x01v\xc5\xa0\xa0\
\xc7\xfe\x9268=5\x0c\x1067nR\x01+V\
v<T\xfe\xf5Q\xfe\xd7QT\x02\x85/[B\xfe\
\xf6=N$\x00\x00\x02\x00?\x00\x00\x01\xd0\x03*\x00\
\x0c\x00\x17\x00\x003\x1132\x16\x16\x15\x14\x06\x06#\
#\x11\x11326654&&##?\xc9I\
W(-XBY418\x18\x11695\x03*\
5dG@^3\xfe\x87\x01\xca\x1672:>\x18\
\x00\xff\xff\x00?\x00\x00\x01\xd0\x03\xfe\x02&\x00\x98\x00\
\x00\x00\x07\x033\x00\xf0\x00\xe8\x00\x02\x00?\x00\x00\x01\
\xe6\x03*\x00\x0f\x00\x18\x00\x003\x113\x1532\x16\
\x16\x15\x14\x0e\x02##\x15\x1132654&#\
#?quDU(\x1a4P6bFC?6\
?S\x03*j:jG9X<\x1f\xe9\x01D<\
UN?\x00\x02\x000\xff\x5c\x01\xec\x031\x00\x1d\x00\
/\x00\x00\x05.\x02'\x06\x22#\x22&&5\x114\
6632\x16\x16\x15\x11\x14\x06\x06\x07\x1e\x02\x17'\
2665\x114&&#\x22\x06\x06\x15\x11\x14\x16\
\x16\x01\xb3\x1b5/\x13\x04\x0a\x05Rb*+aR\
Ra+\x184+\x0c\x1c\x1c\x0c\xb7..\x10\x10.\
.-/\x10\x10/\xa4\x0e4>\x1c\x01@wP\x01\
3Ps=>rP\xfe\xcc;aE\x12\x0f!\x1c\
\x09\x9b%C-\x01c-A##A-\xfe\x9d-\
C%\x00\x00\x02\x00?\x00\x00\x01\xdf\x03*\x00\x0f\x00\
\x19\x00\x003\x1132\x16\x16\x15\x14\x06\x06\x07\x13#\
\x03#\x11\x11326654&##?\xa3Q\
j3\x14,$smjX+0<\x1c4M2\
\x03*+_M/M5\x0c\xfej\x01|\xfe\x84\x01\
\xcd\x18:4G?\x00\xff\xff\x00?\x00\x00\x01\xdf\x04\
 \x02&\x00\x9c\x00\x00\x00\x07\x035\x01\x04\x00\xe8\xff\
\xff\x00?\x00\x00\x01\xdf\x04\x12\x02&\x00\x9c\x00\x00\x00\
\x07\x039\x01\x04\x00\xe8\xff\xff\x00?\xfe\xe1\x01\xdf\x03\
*\x02&\x00\x9c\x00\x00\x00\x07\x03E\x01\x04\x00\x00\xff\
\xff\x00?\x00\x00\x01\xdf\x04\x12\x02&\x00\x9c\x00\x00\x00\
\x07\x03?\x01\x04\x00\xe8\xff\xff\x00?\x00\x00\x01\xdf\x04\
\x12\x02&\x00\x9c\x00\x00\x00\x07\x03@\x01\x04\x00\xe8\x00\
\x01\x00'\xff\xf7\x01\xc0\x031\x00-\x00\x00\x17\x22&\
&'7\x1e\x0232654&''&&5\
4632\x1e\x02\x17\x07.\x02#\x22\x06\x15\x14\x16\
\x17\x17\x16\x16\x15\x14\x06\x06\xfeF]0\x04d\x03\x15\
0+,-2&\x88(&fX0I1\x1d\x05\
`\x03\x12-**/\x19\x1c\x89.F2W\x09<\
jF\x1b+P31.7C\x22x#S=Y\
b\x194O5\x1a(C)-,%0\x19x(\
oL<W.\xff\xff\x00'\xff\xf7\x01\xc0\x04 \x02\
&\x00\xa2\x00\x00\x00\x07\x035\x00\xed\x00\xe8\xff\xff\x00\
'\xff\xf7\x01\xc0\x04\x12\x02&\x00\xa2\x00\x00\x00\x07\x03\
9\x00\xed\x00\xe8\xff\xff\x00'\xff\x15\x01\xc0\x031\x02\
&\x00\xa2\x00\x00\x00\x07\x03F\x00\xed\x00\x00\xff\xff\x00\
'\xff\xf7\x01\xc0\x04\x12\x02&\x00\xa2\x00\x00\x00\x07\x03\
8\x00\xed\x00\xe8\xff\xff\x00'\xfe\xe1\x01\xc0\x031\x02\
&\x00\xa2\x00\x00\x00\x07\x03E\x00\xed\x00\x00\xff\xff\x00\
'\xff\xf7\x01\xc0\x03\xfe\x02&\x00\xa2\x00\x00\x00\x07\x03\
3\x00\xed\x00\xe8\x00\x01\x008\xff\xf7\x01\xfd\x031\x00\
$\x00\x00\x17532654&##57&\
&#\x22\x06\x15\x11#\x1146632\x16\x17\x15\
\x03'2\x16\x15\x14\x06#\xfe\x229889\x18\x85\
\x11-\x1aHDq4nV6U%\x98\x0fca\
ha\x09QGTVIV\xf4\x06\x07UR\xfd\xce\
\x02-MuB\x16\x13Y\xfe\xe8.rm~q\x00\
\x01\x00\x0f\x00\x00\x01\x8e\x03*\x00\x07\x00\x003\x11#\
5!\x15#\x11\x98\x89\x01\x7f\x85\x02\xd6TT\xfd*\
\x00\x00\x02\x00\x0f\x00\x00\x01\x8e\x03*\x00\x03\x00\x0b\x00\
\x00\x135!\x15\x03\x11#5!\x15#\x110\x01>\
\xd6\x89\x01\x7f\x85\x01\x87@@\xfey\x02\xd6TT\xfd\
*\xff\xff\x00\x0f\x00\x00\x01\x8e\x04\x12\x02&\x00\xaa\x00\
\x00\x00\x07\x039\x00\xce\x00\xe8\xff\xff\x00\x0f\xff\x15\x01\
\x8e\x03*\x02&\x00\xaa\x00\x00\x00\x07\x03F\x00\xce\x00\
\x00\xff\xff\x00\x0f\xfe\xe1\x01\x8e\x03*\x02&\x00\xaa\x00\
\x00\x00\x07\x03E\x00\xce\x00\x00\xff\xff\x00\x0f\x00\x00\x01\
\x8e\x03\xfe\x02&\x00\xaa\x00\x00\x00\x07\x033\x00\xce\x00\
\xe8\x00\x01\x008\xff\xf7\x01\xe7\x03*\x00\x15\x00\x00\x05\
\x22&&5\x113\x11\x14\x16\x1632665\x11\
3\x11\x14\x06\x06\x01\x10X^\x22l\x0e//0.\
\x0ek\x22]\x09F\x7fU\x02\x19\xfd\xe24V22\
V4\x02\x1e\xfd\xe7U\x7fF\xff\xff\x008\xff\xf7\x01\
\xe7\x04 \x02&\x00\xb0\x00\x00\x00\x07\x035\x01\x10\x00\
\xe8\xff\xff\x008\xff\xf7\x01\xe7\x03\xf1\x02&\x00\xb0\x00\
\x00\x00\x07\x03:\x01\x11\x00\xe8\xff\xff\x008\xff\xf7\x01\
\xe7\x04\x12\x02&\x00\xb0\x00\x00\x00\x07\x039\x01\x10\x00\
\xe8\xff\xff\x008\xff\xf7\x01\xe7\x04\x12\x02&\x00\xb0\x00\
\x00\x00\x07\x038\x01\x10\x00\xe8\xff\xff\x008\xff\xf7\x01\
\xe7\x04\x12\x02&\x00\xb0\x00\x00\x00\x07\x03?\x01\x10\x00\
\xe8\xff\xff\x008\xff\xf7\x01\xe7\x04\x12\x02&\x00\xb0\x00\
\x00\x00\x07\x032\x01\x10\x00\xe8\xff\xff\x008\xffP\x01\
\xe7\x03*\x02&\x00\xb0\x00\x00\x00\x07\x03C\x01\x10\x00\
\x00\xff\xff\x008\xff\xf7\x01\xe7\x04 \x02&\x00\xb0\x00\
\x00\x00\x07\x034\x01\x10\x00\xe8\xff\xff\x008\xff\xf7\x01\
\xe7\x04&\x02&\x00\xb0\x00\x00\x00\x07\x03>\x01\x10\x00\
\xe8\xff\xff\x008\xff\xf7\x02/\x03t\x02&\x00\xb0\x00\
\x00\x00\x07\x03B\x01\xa6\x00\xe8\xff\xff\x008\xff\xf7\x02\
/\x04 \x02&\x00\xb0\x00\x00\x00'\x03B\x01\xa6\x00\
\xe8\x00\x07\x035\x01\x10\x00\xe8\xff\xff\x008\xffP\x02\
/\x03t\x02&\x00\xb0\x00\x00\x00'\x03B\x01\xa6\x00\
\xe8\x00\x07\x03C\x01\x10\x00\x00\xff\xff\x008\xff\xf7\x02\
/\x04 \x02&\x00\xb0\x00\x00\x00'\x03B\x01\xa6\x00\
\xe8\x00\x07\x034\x01\x10\x00\xe8\xff\xff\x008\xff\xf7\x02\
/\x04&\x02&\x00\xb0\x00\x00\x00'\x03B\x01\xa6\x00\
\xe8\x00\x07\x03>\x01\x10\x00\xe8\xff\xff\x008\xff\xf7\x02\
/\x04\x18\x02&\x00\xb0\x00\x00\x00'\x03B\x01\xa6\x00\
\xe8\x00\x07\x03<\x01\x10\x00\xe8\xff\xff\x008\xff\xf7\x01\
\xe7\x04\x13\x02&\x00\xb0\x00\x00\x00\x07\x036\x01\x10\x00\
\xe8\xff\xff\x008\xff\xf7\x01\xe7\x04\x12\x02&\x00\xb0\x00\
\x00\x00\x07\x03@\x01\x10\x00\xe8\xff\xff\x008\xff\xf7\x01\
\xe7\x03\xd6\x02&\x00\xb0\x00\x00\x00\x07\x03=\x01\x10\x00\
\xe8\xff\xff\x008\xff\x19\x01\xe7\x03*\x02&\x00\xb0\x00\
\x00\x00\x07\x03G\x018\x00\x00\xff\xff\x008\xff\xf7\x01\
\xe7\x04\x1b\x02&\x00\xb0\x00\x00\x00\x07\x03;\x01\x10\x00\
\xe8\xff\xff\x008\xff\xf7\x01\xe7\x04\x18\x02&\x00\xb0\x00\
\x00\x00\x07\x03<\x01\x10\x00\xe8\x00\x01\x00\x17\x00\x00\x01\
\xe2\x03*\x00\x06\x00\x003\x033\x13\x133\x03\xcc\xb5\
j\x80zg\xb3\x03*\xfd\xab\x02U\xfc\xd6\x00\x01\x00\
$\x00\x00\x02\xb5\x03*\x00\x0c\x00\x003\x033\x13\x13\
3\x13\x133\x03#\x03\x03\xa8\x84^WmPnU\
\x5c\x82Rqr\x03*\xfd\xba\x02C\xfd\xba\x02I\xfc\
\xd6\x02X\xfd\xa8\xff\xff\x00$\x00\x00\x02\xb5\x04 \x02\
&\x00\xc7\x00\x00\x00\x07\x035\x01m\x00\xe8\xff\xff\x00\
$\x00\x00\x02\xb5\x04\x12\x02&\x00\xc7\x00\x00\x00\x07\x03\
8\x01m\x00\xe8\xff\xff\x00$\x00\x00\x02\xb5\x04\x12\x02\
&\x00\xc7\x00\x00\x00\x07\x032\x01m\x00\xe8\xff\xff\x00\
$\x00\x00\x02\xb5\x04 \x02&\x00\xc7\x00\x00\x00\x07\x03\
4\x01m\x00\xe8\x00\x01\x00\x0d\x00\x00\x01\xd5\x03*\x00\
\x0b\x00\x003\x13\x033\x13\x133\x03\x13#\x03\x03\x0d\
\xa9\xa6i{pi\xaa\xb2i\x84r\x01\xa8\x01\x82\xfe\
\xe2\x01\x1e\xfeu\xfea\x011\xfe\xcf\x00\x01\x00\x0c\x00\
\x00\x01\xd5\x03*\x00\x08\x00\x003\x11\x033\x13\x133\
\x03\x11\xbb\xafi|zj\xae\x01\x1e\x02\x0c\xfey\x01\
\x87\xfd\xf4\xfe\xe2\xff\xff\x00\x0c\x00\x00\x01\xd5\x04 \x02\
&\x00\xcd\x00\x00\x00\x07\x035\x00\xf1\x00\xe8\xff\xff\x00\
\x0c\x00\x00\x01\xd5\x04\x12\x02&\x00\xcd\x00\x00\x00\x07\x03\
8\x00\xf1\x00\xe8\xff\xff\x00\x0c\x00\x00\x01\xd5\x04\x12\x02\
&\x00\xcd\x00\x00\x00\x07\x032\x00\xf1\x00\xe8\xff\xff\x00\
\x0c\xffP\x01\xd5\x03*\x02&\x00\xcd\x00\x00\x00\x07\x03\
C\x00\xf1\x00\x00\xff\xff\x00\x0c\x00\x00\x01\xd5\x04 \x02\
&\x00\xcd\x00\x00\x00\x07\x034\x00\xf1\x00\xe8\xff\xff\x00\
\x0c\x00\x00\x01\xd5\x04&\x02&\x00\xcd\x00\x00\x00\x07\x03\
>\x00\xf1\x00\xe8\xff\xff\x00\x0c\x00\x00\x01\xd5\x03\xd6\x02\
&\x00\xcd\x00\x00\x00\x07\x03=\x00\xf1\x00\xe8\xff\xff\x00\
\x0c\x00\x00\x01\xd5\x04\x18\x02&\x00\xcd\x00\x00\x00\x07\x03\
<\x00\xf1\x00\xe8\x00\x01\x00&\x00\x00\x01\x8c\x03*\x00\
\x09\x00\x0035\x13#5!\x15\x033\x15&\xee\xdf\
\x01W\xfb\xfbQ\x02\x88Q1\xfdXQ\x00\xff\xff\x00\
&\x00\x00\x01\x8c\x04 \x02&\x00\xd6\x00\x00\x00\x07\x03\
5\x00\xdb\x00\xe8\xff\xff\x00&\x00\x00\x01\x8c\x04\x12\x02\
&\x00\xd6\x00\x00\x00\x07\x039\x00\xdb\x00\xe8\xff\xff\x00\
&\x00\x00\x01\x8c\x03\xfe\x02&\x00\xd6\x00\x00\x00\x07\x03\
3\x00\xdb\x00\xe8\x00\x02\x00\x19\xff\xf8\x01r\x02J\x00\
%\x002\x00\x00\x17\x22&&54>\x02754\
&&#\x22\x06\x06\x15\x15'6632\x16\x15\x11\
\x14\x16\x16\x17#&&'\x06\x06'26675\
\x0e\x03\x15\x14\x16\x8d\x224\x1e$?S.\x08\x19\x19\
\x16\x1b\x0cj\x02TXVH\x03\x05\x02b\x03\x09\x02\
\x0a9\x08\x10\x1c\x16\x04\x19,!\x13\x1a\x08'=\x22\
6J3&\x12)#.\x17\x14%\x19\x1d\x04`[\
^Y\xfe\xf8\x1b2+\x13\x101\x14\x22;\x5c\x12\x17\
\x07\xa4\x0e\x1c\x1f'\x19#(\xff\xff\x00\x19\xff\xf8\x01\
r\x038\x02&\x00\xda\x00\x00\x00\x07\x035\x00\xca\x00\
\x00\xff\xff\x00\x19\xff\xf8\x01r\x03\x09\x02&\x00\xda\x00\
\x00\x00\x07\x03:\x00\xcb\x00\x00\xff\xff\x00\x19\xff\xf8\x01\
r\x03\x9d\x02&\x00\xda\x00\x00\x00\x07\x03K\x00\xcb\x00\
\x00\xff\xff\x00\x19\xffP\x01r\x03\x09\x02&\x00\xda\x00\
\x00\x00'\x03C\x00\xc4\x00\x00\x00\x07\x03:\x00\xcb\x00\
\x00\xff\xff\x00\x19\xff\xf8\x01r\x03\x9d\x02&\x00\xda\x00\
\x00\x00\x07\x03L\x00\xcb\x00\x00\xff\xff\x00\x19\xff\xf8\x01\
r\x03\xcc\x02&\x00\xda\x00\x00\x00\x07\x03M\x00\xcb\x00\
\x00\xff\xff\x00\x19\xff\xf8\x01r\x03\xae\x02&\x00\xda\x00\
\x00\x00'\x03:\x00\xca\x00\x00\x00\x07\x03<\x00\xca\x00\
~\xff\xff\x00\x19\xff\xf8\x01r\x03*\x02&\x00\xda\x00\
\x00\x00\x07\x039\x00\xca\x00\x00\xff\xff\x00\x19\xff\xf8\x01\
r\x03*\x02&\x00\xda\x00\x00\x00\x07\x038\x00\xca\x00\
\x00\xff\xff\x00\x19\xff\xf8\x01\xdb\x03V\x02&\x00\xda\x00\
\x00\x00\x07\x03O\x00\xca\x00\x00\xff\xff\x00\x19\xffP\x01\
r\x03\x16\x02&\x00\xda\x00\x00\x00'\x03C\x00\xc4\x00\
\x00\x00\x07\x03S\x00\xca\x00\x00\xff\xff\x00\x19\xff\xf8\x01\
\xa4\x03V\x02&\x00\xda\x00\x00\x00\x07\x03P\x00\xca\x00\
\x00\xff\xff\x00\x19\xff\xf8\x01\xbf\x03\x8f\x02&\x00\xda\x00\
\x00\x00\x07\x03Q\x00\xca\x00\x00\xff\xff\x00\x19\xff\xf8\x01\
r\x03\xb8\x02&\x00\xda\x00\x00\x00'\x03S\x00\xca\x00\
\x00\x00\x07\x03<\x00\xca\x00\x88\xff\xff\x00\x05\xff\xf8\x01\
r\x03*\x02&\x00\xda\x00\x00\x00\x07\x03?\x00\xca\x00\
\x00\xff\xff\x00\x19\xff\xf8\x01r\x03*\x02&\x00\xda\x00\
\x00\x00\x07\x032\x00\xca\x00\x00\xff\xff\x00\x19\xffP\x01\
r\x02J\x02&\x00\xda\x00\x00\x00\x07\x03C\x00\xc4\x00\
\x00\xff\xff\x00\x19\xff\xf8\x01r\x038\x02&\x00\xda\x00\
\x00\x00\x07\x034\x00\xca\x00\x00\xff\xff\x00\x19\xff\xf8\x01\
r\x03>\x02&\x00\xda\x00\x00\x00\x07\x03>\x00\xca\x00\
\x00\xff\xff\x00\x19\xff\xf8\x01r\x03*\x02&\x00\xda\x00\
\x00\x00\x07\x03@\x00\xca\x00\x00\xff\xff\x00\x19\xff\xf8\x01\
r\x02\xee\x02&\x00\xda\x00\x00\x00\x07\x03=\x00\xca\x00\
\x00\xff\xff\x00\x19\xff\x19\x01~\x02J\x02&\x00\xda\x00\
\x00\x00\x07\x03G\x01F\x00\x00\xff\xff\x00\x19\xff\xf8\x01\
r\x033\x02&\x00\xda\x00\x00\x00\x07\x03;\x00\xca\x00\
\x00\xff\xff\x00\x19\xff\xf8\x01r\x04)\x02&\x00\xda\x00\
\x00\x00'\x03;\x00\xca\x00\x00\x00\x07\x035\x00\xca\x00\
\xf1\xff\xff\x00\x19\xff\xf8\x01r\x030\x02&\x00\xda\x00\
\x00\x00\x07\x03<\x00\xca\x00\x00\x00\x03\x00*\xff\xf8\x02\
`\x02J\x00:\x00H\x00T\x00\x00\x17\x22&54\
667754&#\x22\x06\x06\x15#663\
2\x16\x17#>\x0232\x16\x15\x14\x06\x06\x07\x07\x15\
\x14\x163266553\x15\x14\x06\x06#\x22&\
&'\x0e\x02'26655\x07\x0e\x02\x15\x14\x16\
\x16\x1376654&#\x22\x06\x06\x15\xb4FD\
%F/N\x17&\x17\x1c\x0cj\x01XP4=\x07\
\x0f\x05'>&GF+E'G\x18#\x19\x1a\x0a\
k D6.:\x1e\x06\x08\x225\x0c\x17\x1d\x0f.\
\x19$\x12\x0c\x1a\xc27#\x22\x1a!\x19\x1c\x0c\x08M\
95F,\x0d\x15K.8\x18+\x1cQ`:*\
\x1c-\x1bH=8>\x1d\x09\x0f\x7f .\x1a-\x1c\
\x19\x18:R-\x1d5##5\x1dS\x15+ ^\
\x0f\x08\x1c'\x1a\x16!\x13\x01\x09\x0d\x08$'\x1a%\
\x1a-\x1f\xff\xff\x00*\xff\xf8\x02`\x038\x02&\x00\
\xf4\x00\x00\x00\x07\x035\x01E\x00\x00\x00\x02\x008\xff\
\xf8\x01\x94\x03*\x00\x14\x00$\x00\x00\x05\x22&'\x15\
#\x113\x116632\x1e\x02\x15\x15\x14\x06\x06'\
266554&&#\x22\x06\x07\x11\x16\x16\x01\
\x05\x1f1\x12kk\x135%-5\x1a\x08\x18>O\
\x1c\x18\x06\x08\x1a\x1c\x15%\x0e\x0e'\x08\x1f\x13*\x03\
*\xfe\xea\x16 /GI\x1a\x8c=mCT)F\
*\x8c$=$\x12\x0b\xfe\x8d\x0b\x0f\xff\xff\x008\xff\
\xf8\x01\x94\x03\xfe\x02&\x00\xf6\x00\x00\x00\x07\x033\x00\
n\x00\xe8\x00\x01\x00+\xff\xf8\x01r\x02J\x00&\x00\
\x00\x17\x22&&5546632\x16\x16\x15\x15\
#54&&#\x22\x06\x06\x15\x15\x14\x16326\
6553\x15\x14\x06\x06\xd4GI\x19\x1aIF?\
E\x1aa\x0a\x1a\x18\x1a\x1c\x09\x1c$\x1b\x19\x07a\x1b\
E\x089hE\x85Ig7)Q<\x22#&,\
\x14\x1891\xb6J2\x19.\x1d/(:T,\xff\
\xff\x00+\xff\xf8\x01r\x038\x02&\x00\xf8\x00\x00\x00\
\x07\x035\x00\xce\x00\x00\xff\xff\x00+\xff\xf8\x01r\x03\
*\x02&\x00\xf8\x00\x00\x00\x07\x039\x00\xce\x00\x00\xff\
\xff\x00+\xff\x15\x01r\x02J\x02&\x00\xf8\x00\x00\x00\
\x07\x03F\x00\xce\x00\x00\xff\xff\x00+\xff\xf8\x01r\x03\
*\x02&\x00\xf8\x00\x00\x00\x07\x038\x00\xce\x00\x00\xff\
\xff\x00+\xff\xf8\x01r\x03\x16\x02&\x00\xf8\x00\x00\x00\
\x07\x033\x00\xce\x00\x00\x00\x02\x00+\xff\xf8\x01\x84\x03\
*\x00\x12\x00!\x00\x00\x17\x22&554663\
2\x16\x17\x113\x11#5\x06\x06'267\x11&\
&#\x22\x06\x15\x15\x14\x16\x16\xbcIH\x16=;\x1d\
0\x13kk\x13-\x02\x0f\x22\x11\x0e\x22\x14%\x1a\x09\
\x1c\x08k\x80pBqD\x1a\x13\x01\x0d\xfc\xd6%\x14\
\x19T\x0b\x0b\x01{\x0a\x0fG2\xa3(A%\x00\xff\
\xff\x00+\xff\xf8\x02\x22\x03*\x00&\x00\xfe\x00\x00\x00\
\x07\x037\x01\xb4\x00\x19\x00\x02\x00+\xff\xf8\x01\xbf\x03\
*\x00\x1a\x00)\x00\x00\x17\x22&554663\
2\x16\x175#5353\x153\x15#\x11#5\
\x06\x06'267\x11&&#\x22\x06\x15\x15\x14\x16\
\x16\xbcIH\x16=;\x1d0\x13ppk;;k\
\x13-\x02\x0f\x22\x11\x0e\x22\x14%\x1a\x09\x1c\x08k\x80\
pBqD\x1a\x13\x8a;HH;\xfdY%\x14\x19\
T\x0b\x0b\x01{\x0a\x0fG2\xa3(A%\xff\xff\x00\
+\xff\xf8\x01\x85\x03\xfe\x02&\x00\xfe\x00\x00\x00\x07\x03\
3\x01O\x00\xe8\xff\xff\x00+\xff\xf8\x02\xfe\x03*\x00\
&\x00\xfe\x00\x00\x00\x07\x01\xb0\x01\xba\x00\x00\xff\xff\x00\
+\xff\xf8\x02\xfe\x03*\x00&\x00\xfe\x00\x00\x00'\x01\
\xb0\x01\xba\x00\x00\x00\x07\x039\x02r\x00\x00\x00\x02\x00\
4\xff\xf7\x01\xba\x033\x00$\x008\x00\x00\x17\x22&\
&5546632\x16\x17&&'\x0757\
&&'7\x16\x16\x177\x15\x07\x1e\x02\x15\x15\x14\x06\
\x06'2665<\x035&&#\x22\x06\x06\x15\
\x14\x16\x16\xed>S(\x18CB#0\x0e\x04\x11\x0e\
wZ\x15IG\x05ar!tY\x15\x1c\x0e\x22O\
B\x1d\x1f\x0b\x0d$\x17\x1e\x22\x0d\x09!\x099iH\
CIxH\x17\x0d'I\x16%6\x1a\x18\x1a\x01F\
\x01-0\x226\x18.]g>\x8cJo=U$\
@+\x1b676\x1b\x0c\x15(R?D]/\x00\
\x02\x00+\xff\xf8\x01z\x02J\x00\x1d\x00(\x00\x00\x17\
\x22&&5546632\x16\x16\x15\x15#\x15\
\x14\x16\x163266553\x15\x14\x06\x0335\
4&&#\x22\x06\x06\x15\xd6DJ\x1d\x1eKBI\
E\x16\xe4\x0d\x1d\x17\x18\x19\x09hJ\x99{\x08\x19\x1b\
\x1a\x1b\x0a\x085gK\x84Mf4<qO/t\
#,\x15\x17+\x1d#\x16Wd\x01a4$1\x19\
\x1892\xff\xff\x00+\xff\xf8\x01z\x038\x02&\x01\
\x05\x00\x00\x00\x07\x035\x00\xd3\x00\x00\xff\xff\x00+\xff\
\xf8\x01z\x03\x09\x02&\x01\x05\x00\x00\x00\x07\x03:\x00\
\xd4\x00\x00\xff\xff\x00+\xff\xf8\x01z\x03*\x02&\x01\
\x05\x00\x00\x00\x07\x039\x00\xd3\x00\x00\xff\xff\x00+\xff\
\xf8\x01z\x03*\x02&\x01\x05\x00\x00\x00\x07\x038\x00\
\xd3\x00\x00\xff\xff\x00+\xff\xf8\x01\xe4\x03V\x02&\x01\
\x05\x00\x00\x00\x07\x03O\x00\xd3\x00\x00\xff\xff\x00+\xff\
P\x01z\x03\x16\x02&\x01\x05\x00\x00\x00'\x03C\x00\
\xd3\x00\x00\x00\x07\x03S\x00\xd3\x00\x00\xff\xff\x00+\xff\
\xf8\x01\xad\x03V\x02&\x01\x05\x00\x00\x00\x07\x03P\x00\
\xd3\x00\x00\xff\xff\x00+\xff\xf8\x01\xc8\x03\x8f\x02&\x01\
\x05\x00\x00\x00\x07\x03Q\x00\xd3\x00\x00\xff\xff\x00+\xff\
\xf8\x01z\x03\xb8\x02&\x01\x05\x00\x00\x00'\x03S\x00\
\xd3\x00\x00\x00\x07\x03<\x00\xd3\x00\x88\xff\xff\x00\x0e\xff\
\xf8\x01z\x03*\x02&\x01\x05\x00\x00\x00\x07\x03?\x00\
\xd3\x00\x00\xff\xff\x00+\xff\xf8\x01z\x03*\x02&\x01\
\x05\x00\x00\x00\x07\x032\x00\xd3\x00\x00\xff\xff\x00+\xff\
\xf8\x01z\x03\x16\x02&\x01\x05\x00\x00\x00\x07\x033\x00\
\xd3\x00\x00\xff\xff\x00+\xffP\x01z\x02J\x02&\x01\
\x05\x00\x00\x00\x07\x03C\x00\xd3\x00\x00\xff\xff\x00+\xff\
\xf8\x01z\x038\x02&\x01\x05\x00\x00\x00\x07\x034\x00\
\xd3\x00\x00\xff\xff\x00+\xff\xf8\x01z\x03>\x02&\x01\
\x05\x00\x00\x00\x07\x03>\x00\xd3\x00\x00\xff\xff\x00+\xff\
\xf8\x01z\x03*\x02&\x01\x05\x00\x00\x00\x07\x03@\x00\
\xd3\x00\x00\xff\xff\x00+\xff\xf8\x01z\x02\xee\x02&\x01\
\x05\x00\x00\x00\x07\x03=\x00\xd3\x00\x00\xff\xff\x00+\xff\
#\x01z\x02J\x02&\x01\x05\x00\x00\x00\x07\x03G\x00\
\xf9\x00\x0a\xff\xff\x00+\xff\xf8\x01z\x030\x02&\x01\
\x05\x00\x00\x00\x07\x03<\x00\xd3\x00\x00\x00\x02\x00+\xff\
\xf7\x01z\x02J\x00\x1d\x00(\x00\x00\x17\x22&&5\
5354&&#\x22\x06\x06\x15\x15#546\
32\x16\x16\x15\x15\x14\x06\x06'26655#\
\x15\x14\x16\x16\xcfHF\x16\xe4\x09\x1a\x1c\x19\x1a\x09h\
KXDJ\x1d\x1eJB\x1a\x1b\x0a{\x08\x1a\x09<\
qO/p\x1d0\x1c\x17*\x1d#\x16Vd4g\
K\x86Lg4O\x1892\x1f4#2\x19\x00\x00\
\x01\x00\x1e\xff<\x01\xac\x02B\x00&\x00\x00\x17\x22&\
&553\x14\x14\x15\x14\x16326654&\
&##57\x17!5!\x15\x03'32\x16\x16\
\x15\x14\x06\x06\xe4BX,j%7'(\x0e\x145\
2e\xb9(\xfe\xfc\x01C\xba =LW%)X\
\xc42^@\x1b\x04\x09\x057I%D,9O)\
E\xf5#P:\xff\x00\x1bAqGHk;\x00\xff\
\xff\x00\x1e\xff<\x01\xac\x03*\x02&\x01\x1a\x00\x00\x00\
\x07\x039\x00\xe5\x00\x00\x00\x01\x00\x13\x00\x00\x01\x1b\x03\
\x0d\x00\x18\x00\x003\x11#53546632\
\x16\x17\x15&&#\x22\x06\x15\x153\x15#\x11XE\
E\x1166\x14\x1f\x13\x09\x16\x09\x1f\x11XX\x01\xf3\
O\x1e6M*\x03\x04N\x02\x03)\x220O\xfe\x0d\
\x00\xff\xff\x00\x13\x00\x00\x01\x1b\x03\xdc\x02&\x01\x1c\x00\
\x00\x00\x07\x033\x00\xc4\x00\xc6\x00\x04\x00\x14\xffK\x01\
\xc5\x02O\x00,\x00<\x00P\x00Y\x00\x00\x17\x22&\
&54667\x17\x0e\x02\x15\x14\x163265\
4&&''&&5467\x17\x06\x06\x15\x14\
\x16\x17\x17\x16\x16\x15\x14\x06\x06\x03\x22&&546\
632\x16\x16\x15\x14\x06\x06'2>\x0254.\
\x02#\x22\x0e\x02\x15\x14\x1e\x027'667\x17\x0e\
\x02\xcf5U1\x1c,\x182\x0d\x18\x10-:97\
\x0e\x22 ~'&)#$\x06\x12\x17\x19aDB\
-ZB;J#&K79H\x22\x1fG=\x16\
\x1a\x0d\x05\x04\x0e\x1a\x15\x16\x1b\x0f\x05\x05\x0e\x1b\xa5\x19\
\x088 \x1c\x0e/&\xb5\x170'\x1e- \x09\x07\
\x0c\x19\x1b\x10\x1a\x1a\x1b\x1d\x12\x17\x0e\x03\x10\x05(\x18\
$2\x1f\x1c\x08\x1d\x0e\x0b\x0e\x02\x09\x06FA0B\
!\x01g4\x5c;C[/9^9;[2M\
\x11 /\x1e\x1e0!\x12\x11!0\x1f\x1b.\x22\x13\
\xe2(\x0e*\x0eF\x03\x10\x11\xff\xff\x00\x14\xffK\x01\
\xc5\x038\x02&\x01\x1e\x00\x00\x00\x07\x035\x00\xdd\x00\
\x00\xff\xff\x00\x14\xffK\x01\xc5\x03\x09\x02&\x01\x1e\x00\
\x00\x00\x07\x03:\x00\xde\x00\x00\xff\xff\x00\x14\xffK\x01\
\xc5\x03*\x02&\x01\x1e\x00\x00\x00\x07\x039\x00\xdd\x00\
\x00\xff\xff\x00\x14\xffK\x01\xc5\x03*\x02&\x01\x1e\x00\
\x00\x00\x07\x038\x00\xdd\x00\x00\x00\x05\x00\x14\xffK\x01\
\xc5\x03`\x00,\x00<\x00P\x00Y\x00d\x00\x00\x17\
\x22&&54667\x17\x0e\x02\x15\x14\x1632\
654&&''&&5467\x17\x06\x06\
\x15\x14\x16\x17\x17\x16\x16\x15\x14\x06\x06\x03\x22&&5\
46632\x16\x16\x15\x14\x06\x06'2>\x025\
4.\x02#\x22\x0e\x02\x15\x14\x1e\x027'667\
\x17\x0e\x02\x03\x17\x06\x06\x153\x15#546\xcf5\
U1\x1c,\x182\x0d\x18\x10-:97\x0e\x22 \
~'&)#$\x06\x12\x17\x19aDB-ZB\
;J#&K79H\x22\x1fG=\x16\x1a\x0d\x05\
\x04\x0e\x1a\x15\x16\x1b\x0f\x05\x05\x0e\x1b\xa5\x19\x088 \
\x1c\x0e/&i\x1b\x1f\x197l\x1e\xb5\x170'\x1e\
- \x09\x07\x0c\x19\x1b\x10\x1a\x1a\x1b\x1d\x12\x17\x0e\x03\
\x10\x05(\x18$2\x1f\x1c\x08\x1d\x0e\x0b\x0e\x02\x09\x06\
FA0B!\x01g4\x5c;C[/9^9\
;[2M\x11 /\x1e\x1e0!\x12\x11!0\x1f\
\x1b.\x22\x13\xe2(\x0e*\x0eF\x03\x10\x11\x01{5\
\x02\x1f\x1dmg5B\xff\xff\x00\x14\xffK\x01\xc5\x03\
\x16\x02&\x01\x1e\x00\x00\x00\x07\x033\x00\xdd\x00\x00\x00\
\x04\xff\xf1\xffM\x01\xbf\x02M\x008\x00<\x00K\x00\
_\x00\x00\x17\x22&&54667&&54\
67&&546632\x16\x176677\
\x17\x0e\x02\x07\x16\x16\x15\x14\x06\x06#\x22&'\x06\x06\
\x15\x14\x16\x17\x17\x16\x16\x15\x14\x06\x06%5!\x15\x07\
2654&&''\x0e\x02\x15\x14\x16\x132>\
\x0254.\x02#\x22\x0e\x02\x15\x14\x1e\x02\xcc4T\
0\x18&\x15\x1c\x1c\x22\x1e!\x22%I5/9\x0f\
\x05,\x1d\x10\x1b\x0d+%\x05\x07\x0b\x1eE=\x0d\x1e\
\x0c\x06\x0d\x17\x19ZDB,Y\xfe\xe1\x01\xc7\xe49\
6\x0d\x22 [\x0b\x14\x0c,5\x17\x1b\x0e\x05\x05\x0d\
\x1b\x17\x16\x1d\x0e\x06\x05\x0f\x1c\xb3\x160'\x1c*\x1f\
\x0a\x08#\x13 .\x1b\x19NED[/  \x08\
'\x0d\x07E\x02\x0f\x0f\x05\x11@\x19;Z3\x04\x03\
\x09\x18\x0b\x0b\x0d\x02\x08\x06FA/A u33\
!\x1b\x1e\x12\x18\x0e\x03\x08\x0b\x16\x19\x0e\x1a\x1a\x01[\
\x11!0\x1e\x1e1#\x12\x12!1 \x1b/\x22\x14\
\x00\x00\x01\x009\x00\x00\x01\x8b\x03*\x00\x14\x00\x003\
\x113\x116632\x16\x16\x15\x11#\x114&#\
\x22\x06\x07\x119k\x1dH,\x22%\x0fk\x12\x1c\x13\
)\x12\x03*\xfe\xdc\x1c($6\x1c\xfe,\x01\xb5\x1f\
\x22\x16\x10\xfe0\x00\x01\xff\xfa\x00\x00\x01\x8b\x03*\x00\
\x1c\x00\x003\x11#5353\x153\x15#\x156\
632\x16\x16\x15\x11#\x114&#\x22\x06\x07\x11\
9??kzz\x1dH+#%\x0fk\x12\x1c\x13\
)\x12\x02\xb2<<<<\xac\x1c($6\x1c\xfe,\
\x01\xb5\x1f\x22\x16\x10\xfe0\x00\xff\xff\x009\x00\x00\x01\
\xad\x03\xda\x02&\x01&\x00\x00\x00\x07\x039\x01!\x00\
\xb0\xff\xff\xff\xe2\x00\x00\x01\x8b\x04\x12\x02&\x01&\x00\
\x00\x00\x07\x038\x00o\x00\xe8\x00\x02\x00=\x00\x00\x00\
\xa8\x03\x08\x00\x03\x00\x07\x00\x003\x113\x11\x0353\
\x15=kkk\x02B\xfd\xbe\x02\x98pp\x00\x01\x00\
=\x00\x00\x00\xa8\x02B\x00\x03\x00\x003\x113\x11=\
k\x02B\xfd\xbe\xff\xff\x00=\x00\x00\x00\xfd\x038\x02\
&\x01+\x00\x00\x00\x06\x035s\x00\xff\xff\xff\xf0\x00\
\x00\x00\xf7\x03\x09\x02&\x01+\x00\x00\x00\x06\x03:t\
\x00\xff\xff\xff\xe6\x00\x00\x01\x00\x03*\x02&\x01+\x00\
\x00\x00\x06\x038s\x00\xff\xff\xff\xae\x00\x00\x00\xd4\x03\
*\x02&\x01+\x00\x00\x00\x06\x03?s\x00\xff\xff\xff\
\xe7\x00\x00\x00\xff\x03*\x02&\x01+\x00\x00\x00\x06\x03\
2s\x00\xff\xff\x00=\x00\x00\x00\xa9\x03\x16\x02&\x01\
+\x00\x00\x00\x06\x033s\x00\xff\xff\x00=\xffP\x00\
\xa9\x03\x08\x02&\x01*\x00\x00\x00\x06\x03Cs\x00\xff\
\xff\xff\xeb\x00\x00\x00\xa8\x038\x02&\x01+\x00\x00\x00\
\x06\x034s\x00\xff\xff\x00#\x00\x00\x00\xe3\x03>\x02\
&\x01+\x00\x00\x00\x06\x03>s\x00\xff\xff\xff\xef\x00\
\x00\x00\xf7\x03*\x02&\x01+\x00\x00\x00\x06\x03@s\
\x00\xff\xff\x00\x13\x00\x00\x00\xd3\x02\xee\x02&\x01+\x00\
\x00\x00\x06\x03=s\x00\xff\xff\xff\xea\xff\x19\x00\xab\x03\
\x08\x02&\x01*\x00\x00\x00\x06\x03Gs\x00\xff\xff\xff\
\xdd\x00\x00\x01\x09\x030\x02&\x01+\x00\x00\x00\x06\x03\
<s\x00\xff\xff\x00=\xffn\x01\x96\x03\x08\x00&\x01\
*\x00\x00\x00\x07\x01:\x00\xe5\x00\x00\x00\x02\xff\xed\xff\
n\x00\xb1\x03\x08\x00\x10\x00\x14\x00\x00\x17\x22&'5\
\x16\x1632665\x113\x11\x14\x06\x0353\x15\
$\x0d\x1f\x0b\x05\x12\x05\x17\x1a\x0bkK l\x92\x03\
\x04M\x01\x02\x12 \x14\x02=\xfd\xb8DH\x03*p\
p\x00\x01\xff\xed\xffn\x00\xb0\x02B\x00\x10\x00\x00\x17\
\x22&'5\x16\x1632665\x113\x11\x14\x06\
$\x0d\x1f\x0b\x05\x12\x05\x17\x1a\x0bkK\x92\x03\x04M\
\x01\x02\x12 \x14\x02=\xfd\xb8DH\xff\xff\xff\xed\xff\
n\x01\x08\x03*\x02&\x01;\x00\x00\x00\x06\x038{\
\x00\x00\x01\x008\x00\x00\x01\xaf\x03+\x00\x0b\x00\x007\
\x113\x1173\x07\x13#\x03\x07\x158k\x9cp\x88\
\x84kl1\x01\x03*\xfe\x1d\xfa\xe2\xfe\xa0\x01(J\
\xdd\xff\xff\x008\x00\x00\x01\xaf\x03\xdf\x02&\x01=\x00\
\x00\x00\x07\x039\x01\x1c\x00\xb5\xff\xff\x008\xfe\xe1\x01\
\xaf\x03+\x02&\x01=\x00\x00\x00\x07\x03E\x00\xd7\x00\
\x00\x00\x01\x00;\x00\x00\x01\xaa\x02B\x00\x0b\x00\x003\
\x113\x1573\x07\x13#\x03\x07\x15;k\x98l\x84\
\x84ka8\x02B\xfe\xfe\xdd\xfe\x9b\x01\x1cT\xc8\x00\
\x01\x00@\x00\x00\x00\xab\x03*\x00\x03\x00\x003\x113\
\x11@k\x03*\xfc\xd6\xff\xff\x00@\x00\x00\x01\x00\x04\
 \x02&\x01A\x00\x00\x00\x07\x035\x00v\x00\xe8\xff\
\xff\x00@\x00\x00\x01I\x03*\x00&\x01A\x00\x00\x00\
\x07\x037\x00\xdb\x00\x19\xff\xff\x00?\xfe\xe1\x00\xac\x03\
*\x02&\x01A\x00\x00\x00\x06\x03Ev\x00\xff\xff\x00\
@\x00\x00\x01*\x03*\x00&\x01A\x00\x00\x00\x07\x02\
\xd0\x00\xac\x00<\xff\xff\x00@\xffn\x01\x96\x03*\x00\
&\x01A\x00\x00\x00\x07\x01:\x00\xe5\x00\x00\x00\x01\x00\
\x11\x00\x00\x00\xfd\x03*\x00\x0b\x00\x003\x11\x0757\
\x113\x117\x15\x07\x11UDDk==\x01\xa0!\
T \x017\xfe\xfa\x1eS\x1e\xfe/\x00\x01\x006\x00\
\x00\x02u\x02L\x00&\x00\x003\x113\x15663\
2\x16\x176632\x16\x16\x15\x11#\x114&#\
\x22\x06\x07\x14\x14\x15\x11#\x114&#\x22\x06\x07\x11\
6c\x1dF% 3\x0b\x1fI(\x1c.\x1cb\x1b\
\x17\x160\x14b\x1b\x17\x16/\x15\x02B7!  \
)&#\x1b;0\xfe:\x01\xbf*\x1d\x19\x16\x04\x08\
\x05\xfe:\x01\xbf*\x1d\x19\x16\xfe)\xff\xff\x006\x00\
\x00\x02u\x03\x16\x02&\x01H\x00\x00\x00\x07\x033\x01\
T\x00\x00\x00\x01\x006\x00\x00\x01\x85\x02J\x00\x14\x00\
\x003\x113\x156632\x16\x16\x15\x11#\x114\
&#\x22\x06\x07\x116k\x1dF*#%\x0fk\x12\
\x1c\x12'\x12\x02B9\x1b&$6\x1c\xfe,\x01\xb5\
\x1f\x22\x15\x0f\xfe.\x00\xff\xff\x006\x00\x00\x01\x85\x03\
8\x02&\x01J\x00\x00\x00\x07\x035\x00\xdc\x00\x00\xff\
\xff\x00\x0a\x00\x00\x01\xcc\x03R\x00'\x02\xc2\xff\xe2\x02\
\xdf\x00\x06\x01JG\x00\xff\xff\x006\x00\x00\x01\x85\x03\
*\x02&\x01J\x00\x00\x00\x07\x039\x00\xdc\x00\x00\xff\
\xff\x006\xfe\xe1\x01\x85\x02J\x02&\x01J\x00\x00\x00\
\x07\x03E\x00\xdc\x00\x00\xff\xff\x006\xffn\x02h\x03\
\x08\x00&\x01J\x00\x00\x00\x07\x01:\x01\xb7\x00\x00\xff\
\xff\x006\x00\x00\x01\x85\x030\x02&\x01J\x00\x00\x00\
\x07\x03<\x00\xdc\x00\x00\x00\x01\x00,\xffH\x01{\x02\
J\x00\x1d\x00\x00\x1752665\x114&#\x22\
\x06\x07\x11#\x113\x156632\x16\x16\x15\x11\x14\
\x06\x06#\x9a22\x12\x11\x1d\x12'\x12kk\x1dF\
+\x22%\x0f1W9\xb8Q\x16+!\x01\xba\x1f\x22\
\x15\x0f\xfe.\x02B9\x1b&$6\x1c\xfe&;P\
'\x00\x02\x00,\xff\xf8\x01}\x02J\x00\x11\x00#\x00\
\x00\x17\x22&&5546632\x16\x16\x15\x15\
\x14\x06\x06'266554&&#\x22\x06\x06\
\x15\x15\x14\x16\x16\xd5@J\x1f\x1fJ@@I\x1f\x1f\
I@\x1f\x19\x05\x05\x19\x1f\x1f\x1a\x05\x05\x1a\x084`\
A\xa8A`44`A\xa8A`4O$; \
\xb5!:%%:!\xb5 ;$\xff\xff\x00,\xff\
\xf8\x01}\x038\x02&\x01R\x00\x00\x00\x07\x035\x00\
\xd5\x00\x00\xff\xff\x00,\xff\xf8\x01}\x03\x09\x02&\x01\
R\x00\x00\x00\x07\x03:\x00\xd6\x00\x00\xff\xff\x00,\xff\
\xf8\x01}\x03*\x02&\x01R\x00\x00\x00\x07\x038\x00\
\xd5\x00\x00\xff\xff\x00,\xff\xf8\x01\xe6\x03V\x02&\x01\
R\x00\x00\x00\x07\x03O\x00\xd5\x00\x00\xff\xff\x00,\xff\
P\x01}\x03\x16\x02&\x01R\x00\x00\x00'\x03C\x00\
\xd5\x00\x00\x00\x07\x03S\x00\xd5\x00\x00\xff\xff\x00,\xff\
\xf8\x01\xaf\x03V\x02&\x01R\x00\x00\x00\x07\x03P\x00\
\xd5\x00\x00\xff\xff\x00,\xff\xf8\x01\xca\x03\x8f\x02&\x01\
R\x00\x00\x00\x07\x03Q\x00\xd5\x00\x00\xff\xff\x00,\xff\
\xf8\x01}\x03\xb8\x02&\x01R\x00\x00\x00'\x03S\x00\
\xd5\x00\x00\x00\x07\x03<\x00\xd5\x00\x88\xff\xff\x00\x10\xff\
\xf8\x01}\x03*\x02&\x01R\x00\x00\x00\x07\x03?\x00\
\xd5\x00\x00\xff\xff\x00,\xff\xf8\x01}\x03*\x02&\x01\
R\x00\x00\x00\x07\x032\x00\xd5\x00\x00\xff\xff\x00,\xff\
\xf8\x01}\x03\xd6\x02&\x01R\x00\x00\x00'\x032\x00\
\xd5\x00\x00\x00\x07\x03=\x00\xd5\x00\xe8\xff\xff\x00,\xff\
\xf8\x01}\x03\xc2\x02&\x01R\x00\x00\x00'\x033\x00\
\xd5\x00\x00\x00\x07\x03=\x00\xd5\x00\xd4\xff\xff\x00,\xff\
P\x01}\x02J\x02&\x01R\x00\x00\x00\x07\x03C\x00\
\xd5\x00\x00\xff\xff\x00,\xff\xf8\x01}\x038\x02&\x01\
R\x00\x00\x00\x07\x034\x00\xd5\x00\x00\xff\xff\x00,\xff\
\xf8\x01}\x03>\x02&\x01R\x00\x00\x00\x07\x03>\x00\
\xd5\x00\x00\xff\xff\x00,\xff\xf8\x01}\x02\x8c\x02&\x01\
R\x00\x00\x00\x07\x03B\x00\xf4\x00\x00\xff\xff\x00,\xff\
\xf8\x01}\x038\x02&\x01R\x00\x00\x00'\x03B\x00\
\xf4\x00\x00\x00\x07\x035\x00\xd4\x00\x00\xff\xff\x00,\xff\
P\x01}\x02\x8c\x02&\x01R\x00\x00\x00'\x03B\x00\
\xf4\x00\x00\x00\x07\x03C\x00\xd4\x00\x00\xff\xff\x00,\xff\
\xf8\x01}\x038\x02&\x01R\x00\x00\x00'\x03B\x00\
\xf4\x00\x00\x00\x07\x034\x00\xd4\x00\x00\xff\xff\x00,\xff\
\xf8\x01}\x03>\x02&\x01R\x00\x00\x00'\x03B\x00\
\xf4\x00\x00\x00\x07\x03>\x00\xd4\x00\x00\xff\xff\x00,\xff\
\xf8\x01}\x030\x02&\x01R\x00\x00\x00'\x03B\x00\
\xf4\x00\x00\x00\x07\x03<\x00\xd4\x00\x00\xff\xff\x00,\xff\
\xf8\x01\xa3\x03+\x02&\x01R\x00\x00\x00\x07\x036\x00\
\xd5\x00\x00\xff\xff\x00,\xff\xf8\x01}\x03*\x02&\x01\
R\x00\x00\x00\x07\x03@\x00\xd5\x00\x00\xff\xff\x00,\xff\
\xf8\x01}\x02\xee\x02&\x01R\x00\x00\x00\x07\x03=\x00\
\xd5\x00\x00\xff\xff\x00,\xff!\x01}\x02J\x02&\x01\
R\x00\x00\x00\x07\x03G\x01\x07\x00\x08\x00\x03\x00,\xff\
\xa1\x01}\x02\x9c\x00\x03\x00\x15\x00'\x00\x00\x17'\x01\
\x17\x03\x22&&5546632\x16\x16\x15\x15\
\x14\x06\x06'266554&&#\x22\x06\x06\
\x15\x15\x14\x16\x16` \x01\x0a%\x9a@J\x1f\x1fJ\
@@I\x1f\x1fI@\x1f\x19\x05\x05\x19\x1f\x1f\x1a\x05\
\x05\x1a_\x0b\x02\xf0\x0c\xfdh4`A\xa8A`4\
4`A\xa8A`4O$; \xb5!:%%\
:!\xb5 ;$\x00\xff\xff\x00,\xff\xa1\x01}\x03\
8\x02&\x01l\x00\x00\x00\x07\x035\x00\xd4\x00\x00\xff\
\xff\x00,\xff\xf8\x01}\x030\x02&\x01R\x00\x00\x00\
\x07\x03<\x00\xd5\x00\x00\xff\xff\x00,\xff\xf8\x01}\x03\
\xb4\x02&\x01R\x00\x00\x00'\x03<\x00\xd5\x00\x00\x00\
\x07\x03=\x00\xd5\x00\xc6\x00\x03\x009\xff\xf8\x02t\x02\
J\x00*\x00<\x00G\x00\x00\x17\x22&&554\
6632\x16\x16\x17>\x0232\x16\x16\x15\x15#\
\x15\x14\x16\x16326553\x15\x14\x06#\x22&\
'\x06\x06'266554&&#\x22\x06\x06\
\x15\x15\x14\x16\x16\x13354&&#\x22\x06\x06\x15\
\xe2@J\x1f\x1eH> /!\x0a\x0b%4\x1fA\
B\x17\xe8\x07\x1e \x1e\x1akJM3B\x11\x0e9\
.\x1f\x1a\x06\x06\x1a\x1f\x1e\x1a\x06\x06\x1a\xc8}\x06\x1a\
\x1e\x1c\x1b\x08\x083_A\xacA^4\x11\x1f\x14\x16\
\x1e\x109nO1$.P1+''&YR\
& \x1f'X#8 \xac 9##9 \xac\
 8#\x01\x09\x1f\x1e9$#8 \x00\x00\x02\x00\
6\xffB\x01\x93\x02J\x00\x14\x00$\x00\x00\x17\x113\
\x156632\x1e\x02\x15\x15\x14\x06\x06#\x22&'\
\x15\x13266554&&#\x22\x06\x07\x11\x16\
\x166k\x136%-5\x1a\x08\x18?9\x1f0\x13\
M\x1c\x18\x06\x08\x1a\x1c\x15&\x0e\x0f&\xbe\x03\x00.\
\x16 /GI\x1a\x8c=mC\x1f\x14\xe9\x01\x0a)\
F*\x8c$=$\x12\x0c\xfe\x8e\x0b\x0f\x00\xff\xff\x00\
6\xffB\x01\x93\x03\x16\x02&\x01q\x00\x00\x00\x07\x03\
3\x00\xdf\x00\x00\x00\x02\x007\xffB\x01\x94\x03*\x00\
\x14\x00$\x00\x00\x17\x113\x116632\x1e\x02\x15\
\x15\x14\x06\x06#\x22&'\x15\x13266554\
&&#\x22\x06\x07\x11\x16\x167k\x136%-5\
\x1a\x08\x18?9\x1f0\x13M\x1b\x19\x06\x08\x1b\x1c\x15\
%\x0e\x0f&\xbe\x03\xe8\xfe\xea\x16 /GI\x1a\x8c\
=mC\x1f\x14\xe9\x01\x0a)F*\x8c$=$\x12\
\x0c\xfe\x8e\x0b\x0f\x00\x02\x00,\xffB\x01\x85\x02J\x00\
\x12\x00!\x00\x00\x055\x06\x06#\x22&5546\
632\x16\x1753\x11\x03267\x11&&#\
\x22\x06\x15\x15\x14\x16\x16\x01\x1a\x13-\x1dIH\x16=\
;\x1d0\x13k\xad\x0f#\x10\x0e\x22\x14%\x1a\x09\x1c\
\xbe\xe3\x14\x19k\x80pBqD\x1a\x13%\xfd\x00\x01\
\x0a\x0b\x0b\x01{\x0a\x0fG2\xa3(A%\x00\x01\x00\
9\x00\x00\x015\x02I\x00\x11\x00\x003\x113\x156\
6322\x17\x15&&#\x22\x06\x07\x119k \
@ \x04\x07\x06\x0c\x1f\x10\x19)\x14\x02BR5$\
\x01v\x05\x07\x17!\xfeZ\x00\xff\xff\x009\x00\x00\x01\
B\x038\x02&\x01u\x00\x00\x00\x07\x035\x00\xb8\x00\
\x00\xff\xff\x00,\x00\x00\x01D\x03*\x02&\x01u\x00\
\x00\x00\x07\x039\x00\xb8\x00\x00\xff\xff\x008\xfe\xe1\x01\
5\x02I\x02&\x01u\x00\x00\x00\x06\x03Eo\x00\xff\
\xff\xff\xf3\x00\x00\x015\x03*\x02&\x01u\x00\x00\x00\
\x07\x03?\x00\xb8\x00\x00\xff\xff\x004\x00\x00\x01<\x03\
*\x02&\x01u\x00\x00\x00\x07\x03@\x00\xb8\x00\x00\x00\
\x01\x00\x19\xff\xf8\x01\x5c\x02J\x00+\x00\x00\x17\x22&\
'7\x16\x1632654&''&&54\
6632\x16\x17\x07.\x02#\x22\x06\x15\x14\x16\x17\
\x17\x1e\x02\x15\x14\x06\x06\xbcGV\x06Y\x08&%\x1d\
\x1e\x16\x19c\x1e)%C-HL\x06L\x04\x10\x1e\
\x18\x1a\x1f\x0d\x10f\x15%\x18(H\x08YI\x1b7\
7!\x1c\x19(\x15U\x1a@3.?!Y?\x1b\
\x1e-\x19#\x18\x0f\x1d\x0e^\x13,8%1B!\
\x00\xff\xff\x00\x19\xff\xf8\x01\x5c\x038\x02&\x01{\x00\
\x00\x00\x07\x035\x00\xbb\x00\x00\xff\xff\x00\x19\xff\xf8\x01\
\x5c\x03*\x02&\x01{\x00\x00\x00\x07\x039\x00\xbb\x00\
\x00\xff\xff\x00\x19\xff\x15\x01\x5c\x02J\x02&\x01{\x00\
\x00\x00\x07\x03F\x00\xbb\x00\x00\xff\xff\x00\x19\xff\xf8\x01\
\x5c\x03*\x02&\x01{\x00\x00\x00\x07\x038\x00\xbb\x00\
\x00\xff\xff\x00\x19\xfe\xe1\x01\x5c\x02J\x02&\x01{\x00\
\x00\x00\x07\x03E\x00\xbb\x00\x00\xff\xff\x00\x19\xff\xf8\x01\
\x5c\x03\x16\x02&\x01{\x00\x00\x00\x07\x033\x00\xbb\x00\
\x00\x00\x01\x00;\xff\xf7\x01\xcb\x033\x00+\x00\x00\x17\
52>\x0254&&#526654&\
#\x22\x06\x06\x15\x11#\x1146632\x16\x15\x14\
\x06\x07\x1e\x02\x15\x14\x0e\x02\xdf)3\x1b\x0b\x1a6*\
$(\x11\x1e2\x1f\x22\x0dk)Q<_]21\
*9\x1e\x1b8Z\x09Y\x14'9$*@%Y\
+D$4D\x1c5%\xfd\x9b\x02d?]3k\
eGV\x1a\x0b6P39Z> \x00\x00\x01\x00\
\x13\x00\x00\x01\x1b\x03\x0d\x00\x14\x00\x003\x11#53\
546632\x16\x17\x15&&#\x22\x06\x15\x11\
XEE\x1166\x14\x1f\x13\x09\x16\x09\x1f\x11\x01\xf3\
O\x1e6M*\x03\x04N\x02\x03)\x22\xfd\x8e\x00\x00\
\x01\x00\x16\xff\xf8\x01\x1b\x02\xeb\x00\x18\x00\x00\x17\x22&\
&5\x11#5353\x153\x15#\x11\x14\x163\
267\x15\x06\x06\xd0-7\x19==k]]\x16\
\x1f\x08\x15\x0a\x14\x22\x08\x22>*\x01yG\xa9\xa9G\
\xfe\x8e\x22\x1d\x02\x01O\x03\x03\x00\x02\x00\x16\xff\xf8\x01\
\x22\x02\xeb\x00\x03\x00\x1c\x00\x00\x135!\x15\x03\x22&\
&5\x11#5353\x153\x15#\x11\x14\x163\
267\x15\x06\x06\x1a\x01\x08R-7\x19==k\
]]\x16\x1f\x08\x15\x0a\x14\x22\x01T77\xfe\xa4\x22\
>*\x01yG\xa9\xa9G\xfe\x8e\x22\x1d\x02\x01O\x03\
\x03\xff\xff\x00\x16\xff\xf8\x01W\x03a\x00&\x01\x84\x00\
\x00\x00\x07\x037\x00\xe9\x00P\xff\xff\x00\x16\xff\x15\x01\
Z\x02\xeb\x02&\x01\x84\x00\x00\x00\x07\x03F\x00\xd0\x00\
\x00\xff\xff\x00\x16\xfe\xe1\x01\x1b\x02\xeb\x02&\x01\x84\x00\
\x00\x00\x07\x03E\x00\xd0\x00\x00\xff\xff\x00\x16\xff\xf8\x01\
\x1b\x03\xbf\x02&\x01\x84\x00\x00\x00\x07\x033\x00\x89\x00\
\xa9\x00\x01\x002\xff\xf8\x01\x81\x02B\x00\x14\x00\x00\x17\
\x22&&5\x113\x11\x14\x163267\x113\x11\
#5\x06\x06\x89\x22&\x0fk\x12\x1c\x12'\x12kk\
\x1cG\x08$6\x1c\x01\xd4\xfeL\x1f#\x15\x0f\x01\xd2\
\xfd\xbe9\x1b&\xff\xff\x002\xff\xf8\x01\x81\x038\x02\
&\x01\x8a\x00\x00\x00\x07\x035\x00\xdc\x00\x00\xff\xff\x00\
2\xff\xf8\x01\x81\x03\x09\x02&\x01\x8a\x00\x00\x00\x07\x03\
:\x00\xdd\x00\x00\xff\xff\x002\xff\xf8\x01\x81\x03*\x02\
&\x01\x8a\x00\x00\x00\x07\x039\x00\xdc\x00\x00\xff\xff\x00\
2\xff\xf8\x01\x81\x03*\x02&\x01\x8a\x00\x00\x00\x07\x03\
8\x00\xdc\x00\x00\xff\xff\x00\x17\xff\xf8\x01\x81\x03*\x02\
&\x01\x8a\x00\x00\x00\x07\x03?\x00\xdc\x00\x00\xff\xff\x00\
2\xff\xf8\x01\x81\x03*\x02&\x01\x8a\x00\x00\x00\x07\x03\
2\x00\xdc\x00\x00\xff\xff\x002\xffP\x01\x81\x02B\x02\
&\x01\x8a\x00\x00\x00\x07\x03C\x00\xdc\x00\x00\xff\xff\x00\
2\xff\xf8\x01\x81\x038\x02&\x01\x8a\x00\x00\x00\x07\x03\
4\x00\xdc\x00\x00\xff\xff\x002\xff\xf8\x01\x81\x03>\x02\
&\x01\x8a\x00\x00\x00\x07\x03>\x00\xdc\x00\x00\xff\xff\x00\
2\xff\xf8\x01\xb8\x02\x8c\x02&\x01\x8a\x00\x00\x00\x07\x03\
B\x01/\x00\x00\xff\xff\x002\xff\xf8\x01\xb8\x038\x02\
&\x01\x8a\x00\x00\x00'\x03B\x01/\x00\x00\x00\x07\x03\
5\x00\xdc\x00\x00\xff\xff\x002\xffP\x01\xb8\x02\x8c\x02\
&\x01\x8a\x00\x00\x00'\x03B\x01/\x00\x00\x00\x07\x03\
C\x00\xdc\x00\x00\xff\xff\x002\xff\xf8\x01\xb8\x038\x02\
&\x01\x8a\x00\x00\x00'\x03B\x01/\x00\x00\x00\x07\x03\
4\x00\xdc\x00\x00\xff\xff\x002\xff\xf8\x01\xb8\x03>\x02\
&\x01\x8a\x00\x00\x00'\x03B\x01/\x00\x00\x00\x07\x03\
>\x00\xdc\x00\x00\xff\xff\x002\xff\xf8\x01\xb8\x030\x02\
&\x01\x8a\x00\x00\x00'\x03B\x01/\x00\x00\x00\x07\x03\
<\x00\xdc\x00\x00\xff\xff\x002\xff\xf8\x01\xaa\x03+\x02\
&\x01\x8a\x00\x00\x00\x07\x036\x00\xdc\x00\x00\xff\xff\x00\
2\xff\xf8\x01\x81\x03*\x02&\x01\x8a\x00\x00\x00\x07\x03\
@\x00\xdc\x00\x00\xff\xff\x002\xff\xf8\x01\x81\x02\xee\x02\
&\x01\x8a\x00\x00\x00\x07\x03=\x00\xdc\x00\x00\xff\xff\x00\
2\xff\x19\x01\x84\x02B\x02&\x01\x8a\x00\x00\x00\x07\x03\
G\x01L\x00\x00\xff\xff\x002\xff\xf8\x01\x81\x033\x02\
&\x01\x8a\x00\x00\x00\x07\x03;\x00\xdc\x00\x00\xff\xff\x00\
2\xff\xf8\x01\x81\x030\x02&\x01\x8a\x00\x00\x00\x07\x03\
<\x00\xdc\x00\x00\x00\x01\x00\x0f\x00\x00\x01r\x02B\x00\
\x06\x00\x003\x033\x13\x133\x03\x81rlGHh\
n\x02B\xfe/\x01\xd1\xfd\xbe\x00\x01\x00\x1c\x00\x00\x02\
0\x02B\x00\x0c\x00\x003\x033\x13\x133\x13\x133\
\x03#\x03\x03y]X<MRM<X`ZO\
N\x02B\xfeV\x01\xaa\xfeX\x01\xa8\xfd\xbe\x01\x98\xfe\
h\xff\xff\x00\x1c\x00\x00\x020\x038\x02&\x01\xa1\x00\
\x00\x00\x07\x035\x01&\x00\x00\xff\xff\x00\x1c\x00\x00\x02\
0\x03*\x02&\x01\xa1\x00\x00\x00\x07\x038\x01&\x00\
\x00\xff\xff\x00\x1c\x00\x00\x020\x03*\x02&\x01\xa1\x00\
\x00\x00\x07\x032\x01&\x00\x00\xff\xff\x00\x1c\x00\x00\x02\
0\x038\x02&\x01\xa1\x00\x00\x00\x07\x034\x01&\x00\
\x00\x00\x01\x00\x09\x00\x00\x01}\x02B\x00\x0b\x00\x003\
\x13\x033\x1773\x03\x13#'\x07\x09\x82\x7ffU\
Ki\x84\x86f[N\x010\x01\x12\xb7\xb7\xfe\xe1\xfe\
\xdd\xc4\xc4\x00\x01\x00\x0c\xffo\x01}\x02B\x00\x12\x00\
\x00\x17526654&'\x033\x13\x133\x03\
\x0e\x02#-'.\x14\x0e\x08tlNKl\x8a\x09\
0K5\x91R\x07\x13\x11\x09>#\x01\xec\xfeP\x01\
\xb0\xfd\x9e*1\x16\x00\xff\xff\x00\x0c\xffo\x01}\x03\
8\x02&\x01\xa7\x00\x00\x00\x07\x035\x00\xc4\x00\x00\xff\
\xff\x00\x0c\xffo\x01}\x03*\x02&\x01\xa7\x00\x00\x00\
\x07\x038\x00\xc4\x00\x00\xff\xff\x00\x0c\xffo\x01}\x03\
*\x02&\x01\xa7\x00\x00\x00\x07\x032\x00\xc4\x00\x00\xff\
\xff\x00\x0c\xffP\x01}\x02B\x02&\x01\xa7\x00\x00\x00\
\x07\x03C\x01>\x00\x00\xff\xff\x00\x0c\xffo\x01}\x03\
8\x02&\x01\xa7\x00\x00\x00\x07\x034\x00\xc4\x00\x00\xff\
\xff\x00\x0c\xffo\x01}\x03>\x02&\x01\xa7\x00\x00\x00\
\x07\x03>\x00\xc4\x00\x00\xff\xff\x00\x0c\xffo\x01}\x02\
\xee\x02&\x01\xa7\x00\x00\x00\x07\x03=\x00\xc4\x00\x00\xff\
\xff\x00\x0c\xffo\x01}\x030\x02&\x01\xa7\x00\x00\x00\
\x07\x03<\x00\xc4\x00\x00\x00\x01\x00 \x00\x00\x01D\x02\
B\x00\x09\x00\x0035\x13#5!\x15\x033\x15 \
\xb1\x9f\x01\x12\xb2\xaeH\x01\xaaP:\xfeIQ\x00\xff\
\xff\x00 \x00\x00\x01D\x038\x02&\x01\xb0\x00\x00\x00\
\x07\x035\x00\xb8\x00\x00\xff\xff\x00 \x00\x00\x01D\x03\
*\x02&\x01\xb0\x00\x00\x00\x07\x039\x00\xb8\x00\x00\xff\
\xff\x00 \x00\x00\x01D\x03\x16\x02&\x01\xb0\x00\x00\x00\
\x07\x033\x00\xb8\x00\x00\xff\xff\x00\x13\x00\x00\x02\x19\x03\
\x0d\x00&\x01\x1c\x00\x00\x00\x07\x01\x1c\x00\xfe\x00\x00\x00\
\x02\x00\x13\x00\x00\x02\xa4\x03\x0d\x00/\x003\x00\x003\
\x11#53546632\x16\x17\x15&&#\
\x22\x06\x15\x153546632\x16\x17\x15&&\
#\x22\x06\x15\x153\x11#\x11#\x11#\x11#\x11\x01\
53\x15XEE\x1166\x14\x22\x10\x09\x16\x09\x1f\
\x11\x86\x1166\x14!\x10\x09\x16\x09\x1f\x11\xf0j\x86\
j\x86\x01vk\x01\xf3O\x1e6M*\x03\x04N\x02\
\x03)\x220\x1e6M*\x03\x04N\x02\x03)\x220\
\xfd\xbe\x01\xf3\xfe\x0d\x01\xf3\xfe\x0d\x02\x98pp\x00\xff\
\xff\x00\x13\xffn\x03\x91\x03\x0d\x00&\x01\xb5\x00\x00\x00\
\x07\x01:\x02\xe0\x00\x00\x00\x01\x00\x13\x00\x00\x02\xce\x03\
!\x001\x00\x00\x012\x16\x17\x11#\x11&&#\x22\
\x06\x06\x15\x153\x15#\x11#\x11#\x11#\x11#5\
3546632\x16\x17\x15&&#\x22\x06\x15\
\x15354>\x02\x02\x16$[9k\x12\x1e\x0d.\
(\x08XXk\x9akEE\x1166\x14 \x12\x09\
\x16\x09\x1f\x11\x9a\x08!L\x03!\x0c\x0d\xfc\xf8\x02\xcd\
\x02\x02\x1c2! O\xfe\x0d\x01\xf3\xfe\x0d\x01\xf3O\
\x1e6M*\x03\x04N\x02\x03)\x220\x1e C:\
$\xff\xff\x00\x13\xffn\x02\x9c\x03\x0c\x00&\x01\xb9\x00\
\x00\x00\x07\x01:\x01\xeb\x00\x00\x00\x02\x00\x13\x00\x00\x01\
\xb0\x03\x0c\x00\x1a\x00\x1e\x00\x003\x11#5354\
6632\x16\x17\x15&&#\x22\x06\x15\x153\x11\
#\x11#\x11\x1353\x15XEE\x19<4\x0d\x1d\
\x10\x0a\x13\x08\x1f\x14\xeck\x81\x8bb\x01\xf3O\x1e:\
L&\x02\x02P\x02\x02\x22(0\xfd\xbe\x01\xf3\xfe\x0d\
\x02\x98pp\x00\x00\x01\x00\x13\x00\x00\x01\xc9\x03!\x00\
\x1e\x00\x003\x11#5354>\x0232\x16\x17\
\x11#\x11&&#\x22\x06\x06\x15\x14\x14\x153\x15#\
\x11XEE\x08!LD$[9k\x12\x1e\x0d.\
(\x08XX\x01\xf3O\x1e C:$\x0c\x0d\xfc\xf8\
\x02\xcd\x02\x02\x1c2!\x08\x10\x08O\xfe\x0d\x00\x02\x00\
(\x01A\x01M\x036\x00\x1d\x00(\x00\x00\x13\x22&\
54>\x02754&#\x22\x06\x06\x15#66\
32\x16\x16\x15\x11#5\x06\x06'2675\x0e\
\x02\x15\x14\x16\x8d,9\x229G%\x10\x1b\x13\x17\x0a\
X\x02HC7;\x16V\x0f7\x01\x15\x22\x08\x1b/\
\x1e\x16\x01A?0(7&\x1c\x0c5%2\x18'\
\x19J[.V>\xfe\xd3@\x1d)R\x1d\x12q\x0d\
\x1d'\x1c\x19\x1a\x00\x02\x007\x01@\x01l\x036\x00\
\x0f\x00!\x00\x00\x13\x22&&554632\x16\
\x15\x15\x14\x06\x06'266554&&#\x22\
\x06\x06\x15\x15\x14\x16\x16\xd2;D\x1cCXSG\x1f\
C:\x1f\x19\x06\x06\x19\x1f\x1e\x1b\x07\x07\x1b\x01@-\
T8\x84UdgR\x846T/N!7\x1fl\
 5!!5 l\x1f6\x22\x00\xff\xff\x00\x13\x00\
\x00\x01\xd9\x03*\x02\x06\x00\x01\x00\x00\x00\x02\x00?\x00\
\x00\x01\xcd\x03*\x00\x0f\x00\x19\x00\x003\x11!\x15#\
\x1532\x16\x16\x15\x14\x0e\x02#'32665\
4&##?\x01\x5c\xeb\x19Xs9\x1e?_B\
\x1f 2A\x1f?V\x1d\x03*R\xff)f]?\
Y:\x1bQ\x17DBSF\xff\xff\x00?\x00\x00\x01\
\xe7\x03*\x02\x06\x00\x1d\x00\x00\x00\x01\x00?\x00\x00\x01\
x\x03*\x00\x05\x00\x003\x11!\x15#\x11?\x019\
\xc8\x03*T\xfd*\x00\xff\xff\x00?\x00\x00\x01x\x04\
 \x02&\x01\xc0\x00\x00\x00\x07\x035\x00\xc1\x00\xe8\x00\
\x01\x00?\x00\x00\x01t\x03\x96\x00\x07\x00\x003\x113\
53\x15#\x11?\xeeG\xc4\x03*l\xc0\xfd*\x00\
\x03\x00?\xffm\x01s\x03*\x00\x05\x00\x09\x00\x0d\x00\
\x003\x11!\x15#\x11\x07'3\x15'3\x15#?\
\x014\xc3\x0b\x0ef\x85==\x03*T\xfd*\x93\xe4\
\xe4\xe4Q\x00\x02\x00\x0e\x00\x00\x01\x8a\x03*\x00\x05\x00\
\x09\x00\x003\x11!\x15#\x11\x035!\x15Q\x019\
\xc8\xb4\x015\x03*Q\xfd'\x01\x8cVV\x00\x01\x00\
?\xffm\x01\xf2\x03*\x00%\x00\x00\x05\x22&&'\
52\x163266554&#\x22\x06\x07\x11\
#\x11!\x15#\x116632\x16\x16\x15\x15\x14\x06\
\x06\x01_\x07\x1c\x1c\x07\x05\x09\x0a\x18$\x14-5\x10\
? q\x014\xc3\x1fI'5P.\x22A\x93\x01\
\x03\x03K\x01\x0f('\xfe,.\x07\x0e\xfe\xa1\x03*\
T\xfe\xc9\x10\x11\x22G:\xfcBO#\x00\x00\x02\x00\
\x0b\xffm\x02]\x03*\x00\x11\x00\x1b\x00\x00\x1753\
>\x0477!\x113\x15#'!\x077!\x11#\
\x07\x0e\x04\x0b%\x11!\x1d\x18\x13\x05\x0d\x01SNW\
\x09\xfen\x097\x01\x06\x83\x08\x04\x11\x17\x1d!\x93\xe4\
\x0e(Ag\x9co\xf0\xfd'\xe4\x93\x93\xe4\x02\x85\xb7\
l\x93_;$\xff\xff\x00?\x00\x00\x01{\x03*\x02\
\x06\x00.\x00\x00\xff\xff\x00?\x00\x00\x01{\x04 \x02\
&\x00.\x00\x00\x00\x07\x034\x00\xe0\x00\xe8\xff\xff\x00\
?\x00\x00\x01{\x04\x12\x02&\x00.\x00\x00\x00\x07\x03\
2\x00\xe0\x00\xe8\x00\x01\x00\x04\x00\x00\x02\xa1\x03*\x00\
\x15\x00\x003\x13\x033\x133\x113\x113\x133\x03\
\x13#\x03#\x11#\x11#\x03\x04\xbc\xa9m\x98\x06`\
\x07\x97n\xaa\xbdo\xa8\x08`\x07\xa9\x01\x9e\x01\x8c\xfe\
y\x01\x87\xfey\x01\x87\xfet\xfeb\x01\x95\xfek\x01\
\x95\xfek\x00\x01\x00\x19\xff\xf7\x01\xb8\x031\x00<\x00\
\x00\x17\x22&&553\x14\x14\x17\x16\x16326\
654&'&\x22\x22#5226366\
54&#\x22\x06\x07\x14\x14\x15#54663\
2\x16\x16\x15\x14\x06\x07\x1e\x02\x15\x14\x06\x06\xf0BX\
,j\x01\x02$5'(\x0e8N\x04\x0b\x0b\x05\x04\
\x0b\x0b\x03M;+75.\x04k0\x5cBC]\
1?5$4\x1c(X\x092^@\x1b\x07\x0f\x06\
4B%C,?T\x05\x01V\x01\x05G@7C\
C6\x06\x0d\x07\x1bA\x5c23]AI\x5c\x0f\x0c\
4Q7Hk:\x00\x00\x01\x00?\x00\x00\x01\xe1\x03\
*\x00\x09\x00\x003\x113\x11\x133\x11#\x11\x03?\
d\xedQc\xeb\x03*\xfd\xcf\x021\xfc\xd6\x02:\xfd\
\xc6\xff\xff\x00?\x00\x00\x01\xe1\x03\xf1\x02&\x01\xcc\x00\
\x00\x00\x07\x03:\x01\x1b\x00\xe8\xff\xff\x00?\x00\x00\x01\
\xe1\x04 \x02&\x01\xcc\x00\x00\x00\x07\x034\x01\x1a\x00\
\xe8\x00\x03\x00?\xffm\x020\x03\xf1\x00\x03\x00\x0d\x00\
\x1b\x00\x00\x0573\x07%\x113\x11\x133\x11#\x11\
\x03\x13\x22&53\x16\x1632653\x14\x06\x01\
\xa7)`2\xfeAd\xedQc\xeb\x86H;>\x01\
\x1f%&\x1f?;\x93\xe4\xe4\x93\x03*\xfd\xcf\x021\
\xfc\xd6\x02:\xfd\xc6\x03iN:$'(#:N\
\x00\x00\x01\x00?\x00\x00\x01\xf0\x03*\x00\x0c\x00\x003\
\x113\x113\x133\x03\x13#\x03#\x11?q*\x91\
q\xa0\xb4q\xa4+\x03*\xfe\x98\x01h\xfe\x7f\xfeW\
\x01\x8b\xfeu\x00\xff\xff\x00?\x00\x00\x01\xf0\x04 \x02\
&\x01\xd0\x00\x00\x00\x07\x035\x00\xfe\x00\xe8\x00\x01\x00\
\x02\xff\xfc\x02\x05\x03*\x00\x13\x00\x0035\x16>\x03\
7\x13!\x11#\x11#\x03\x0e\x04\x02\x16%\x1d\x16\x10\
\x06\x1b\x01dq\x92\x13\x05\x10\x1f3NT\x01\x08\x1e\
@nT\x01\xaf\xfc\xd6\x02\xd6\xfe\xa5N}]=\x1a\
\x00\xff\xff\x00=\x00\x00\x02W\x03*\x02\x06\x00o\x00\
\x00\xff\xff\x00?\x00\x00\x01\xf1\x03*\x02\x06\x00O\x00\
\x00\xff\xff\x000\xff\xf7\x01\xeb\x031\x02\x06\x00y\x00\
\x00\x00\x01\x00?\x00\x00\x01\xfd\x03*\x00\x07\x00\x003\
\x11!\x11#\x11#\x11?\x01\xbeq\xdc\x03*\xfc\xd6\
\x02\xd9\xfd'\x00\xff\xff\x00?\x00\x00\x01\xd0\x03*\x02\
\x06\x00\x98\x00\x00\xff\xff\x000\xff\xf7\x01\xd6\x031\x02\
\x06\x00\x1f\x00\x00\xff\xff\x00\x0f\x00\x00\x01\x8e\x03*\x02\
\x06\x00\xaa\x00\x00\x00\x01\x00\x13\xffm\x01\xb8\x03*\x00\
\x1b\x00\x00\x175\x16\x1632>\x0254&'\x03\
3\x13\x137\x133\x03\x0e\x03#\x22&5\x0e\x17\x0a\
\x15\x1f\x16\x0b\x03\x03\xa0kD)$=l\x88\x10\x1e\
';-\x09!\x8eW\x01\x02\x0c\x18 \x13\x0d\x1e\x12\
\x02\xd0\xfe\xa7\xfe\xff\xff\x01[\xfdWPk>\x1b\x03\
\x00\xff\xff\x00\x13\xffm\x01\xb8\x03\xf1\x02&\x01\xda\x00\
\x00\x00\x07\x03:\x00\xe3\x00\xe8\x00\x03\x000\xff\xdc\x02\
f\x03s\x00#\x003\x00C\x00\x00\x055\x06\x06#\
\x22&&5546632\x16\x1753\x156\
632\x16\x16\x15\x15\x14\x06\x06#\x22&'\x15'\
267\x11&&#\x22\x06\x06\x15\x15\x14\x16\x163\
266554&&#\x22\x06\x07\x11\x16\x16\x01\
\x11\x05\x16\x08=U,*O7\x0e\x1c\x07q\x0a\x1e\
\x0b9O)*J/\x10 \x11\x8d\x08\x10\x04\x09\x12\
\x08!&\x10\x0e(\xda$&\x0e\x0e&&\x09\x12\x08\
\x07\x14$\x88\x01\x02&^R\xcaQ^)\x01\x01\x9c\
\x9c\x01\x01)_P\xcaQ^'\x02\x01\x88\xc9\x01\x01\
\x01\xec\x01\x01\x1a@:\xca:@\x18\x18@:\xca:\
@\x1a\x01\x01\xfe\x14\x01\x01\x00\xff\xff\x00\x0d\x00\x00\x01\
\xd5\x03*\x02\x06\x00\xcc\x00\x00\x00\x01\x002\x00\x00\x01\
\xe8\x03*\x00\x14\x00\x00!\x11\x06\x06#\x22&5\x11\
3\x11\x14\x16\x163267\x113\x11\x01v!<\
\x1aher\x162)\x151\x1br\x01v\x07\x08]\
_\x01\x07\xfe\xf9&3\x19\x06\x06\x01m\xfc\xd6\x00\x00\
\x01\x00?\xffm\x02T\x03*\x00\x0b\x00\x00\x05'!\
\x113\x113\x113\x113\x15\x01\xfd\x09\xfeKq\xe6\
qM\x93\x93\x03*\xfd'\x02\xd9\xfd'\xe4\x00\x01\x00\
?\x00\x00\x02\xaf\x03*\x00\x0b\x00\x003\x113\x113\
\x113\x113\x113\x11?q\x92q\x8bq\x03*\xfd\
(\x02\xd8\xfd(\x02\xd8\xfc\xd6\x00\x01\x00?\xffm\x02\
\xfd\x03*\x00\x0f\x00\x00\x05'!\x113\x113\x113\
\x113\x113\x113\x15\x02\xa5\x09\xfd\xa3q\x92q\x8b\
rM\x93\x93\x03*\xfd'\x02\xd9\xfd'\x02\xd9\xfd'\
\xe4\x00\x01\x00?\xffm\x01\xe3\x03*\x00\x0b\x00\x00\x17\
'#\x113\x113\x113\x11#\x07\xe9\x07\xa3q\xc3\
p\x9e\x07\x93\x93\x03*\xfd'\x02\xd9\xfc\xd6\x93\x00\x00\
\x02\x00?\x00\x00\x01\xd3\x03*\x00\x0d\x00\x17\x00\x003\
\x113\x1132\x16\x16\x15\x14\x0e\x02#'326\
654&##?q Xr9\x1e?_B\
%%3A @V#\x03*\xfe\xaf)f]?\
Y:\x1bQ\x17DBSF\x00\x03\x00?\x00\x00\x02\
\x98\x03*\x00\x0d\x00\x17\x00\x1b\x00\x003\x113\x113\
2\x16\x16\x15\x14\x0e\x02#'326654&\
##\x01\x113\x11?q Xr9\x1e?_B\
%%3A @V#\x01wq\x03*\xfe\xaf)\
f]?Y:\x1bQ\x17DBSF\xfey\x03*\
\xfc\xd6\x00\x00\x02\x00\x05\x00\x00\x02\x1d\x03*\x00\x0f\x00\
\x19\x00\x003\x11#53\x1132\x16\x16\x15\x14\x0e\
\x02#'326654&##\x88\x83\xf4\x1f\
Xt9\x1f>`B%&2A @V#\x02\
\xd4V\xfe\xaf)f]?Y:\x1bQ\x17DBS\
F\x00\x02\x00\x0e\xff\xfd\x03#\x03*\x00\x1c\x00&\x00\
\x00\x17'5\x16>\x027\x13!\x1132\x16\x16\x15\
\x14\x0e\x02##\x11#\x03\x0e\x03%32665\
4&##$\x16\x1f-\x1e\x13\x06\x19\x01f\x0fX\
s9\x1e?_B\x86\x91\x16\x05\x1a1L\x01\xb4\x15\
3A @V\x13\x01\x01T\x02\x16<mT\x01\xc5\
\xfe\xaf)f]?Y:\x1b\x02\xd6\xfe\x8f]\x88Y\
*T\x17DBSF\x00\x02\x00?\x00\x00\x02\xf2\x03\
+\x00\x15\x00\x1f\x00\x003\x113\x113\x113\x113\
2\x16\x16\x15\x14\x0e\x02##\x11#\x11%326\
654&##?q\xbdr\x10Xr9\x1e?\
_B\x87\xbd\x01/\x153A @U\x14\x03+\xfe\
\xad\x01S\xfe\xae)f]?Y:\x1b\x01\x87\xfey\
Q\x17DBSF\x00\xff\xff\x00'\xff\xf7\x01\xc0\x03\
1\x02\x06\x00\xa2\x00\x00\x00\x01\x000\xff\xf7\x01\xd6\x03\
1\x00+\x00\x00\x05\x22&&5\x1146632\
\x16\x16\x15\x15#54&&#\x22\x06\x06\x15\x153\
\x15#\x15\x14\x16\x163266553\x15\x14\x06\
\x06\x01\x0aV_%%_VLY'k\x09(/\
0,\x0d\xc8\xc8\x14.'.(\x0ak$X\x09H\
zK\x01\x1eRzC8hI\x1d\x16-E&)\
K2hN\x8b=G\x1e)H0!!Jq?\
\x00\x00\x01\x001\x00\x02\x01\xd7\x03=\x00+\x00\x007\
\x22&&553\x15\x14\x16\x16326655\
#5354&&#\x22\x06\x06\x15\x15#54\
6632\x16\x16\x15\x11\x14\x06\x06\xfeLZ'k\
\x09)/0,\x0c\x8e\x8e\x14-'-)\x0bk$\
YPV^%%^\x028hI( ,F'\
*L2\x80Jv=G\x1e(I0#$Jp\
?HyL\xfe\xe2R{C\x00\x01\x00E\x00\x00\x00\
\xb4\x03*\x00\x03\x00\x003\x113\x11Eo\x03*\xfc\
\xd6\xff\xff\xff\xf0\x00\x00\x01\x08\x04\x12\x02&\x01\xeb\x00\
\x00\x00\x07\x032\x00|\x00\xe8\x00\x01\x00\x07\xff\xed\x00\
\xed\x03*\x00\x0d\x00\x00\x1752>\x025\x113\x11\
\x14\x06\x06#\x07%.\x19\x0ap\x1eLF\x13Q\x0a\
\x1a1&\x02q\xfd\x8dFY+\x00\x00\x01\x00\x0a\x00\
\x00\x02H\x03*\x00\x18\x00\x00\x012\x16\x15\x11#\x11\
4&&#\x22\x06\x07\x11#\x11#5!\x15#\x11\
66\x01{idr\x161*\x151\x1br\x88\x01\
\x82\x88!<\x01\xc3]_\xfe\xf9\x01\x07'2\x19\x06\
\x06\xfe\x93\x02\xd6TT\xfe\xde\x08\x07\x00\x02\x00?\xff\
\xf7\x02\x9f\x031\x00\x19\x00+\x00\x00\x05\x22&&5\
5#\x11#\x113\x113546632\x16\x16\
\x15\x11\x14\x06\x06'2665\x114&&#\x22\
\x06\x06\x15\x11\x14\x16\x16\x01\xd2NZ%\x5cjj\x5c\
%ZNNY&&YN+,\x10\x10,++\
-\x10\x10-\x09AxPs\xfe\x8d\x03*\xfe\x9fe\
Qt>?tP\xfe\xd2OxBY%C-\x01\
c-A##A-\xfe\x9d-C%\x00\x00\x02\x00\
\x0d\x00\x00\x01\xe2\x03*\x00\x11\x00\x1a\x00\x003\x13&\
&546633\x11#\x11#\x22&#\x03\x13\
3\x11#\x22\x06\x15\x14\x16\x0d\xaa6A0p^\xa4\
q@\x02\x16\x02\x8c\xbc*-LMF\x01l\x18o\
WAe:\xfc\xd6\x01P\x01\xfe\xaf\x01\xa1\x018B\
LVT\x00\x01\x00\x0d\xff\xf7\x02I\x03*\x00&\x00\
\x00\x05\x22&'5\x1623>\x02554&#\
\x22\x06\x07\x11#\x11#5!\x15#\x116632\
\x16\x16\x15\x15\x14\x06\x06\x01\xb6\x0a\x1f\x0b\x06\x0b\x05\x16\
\x1c\x0e-5\x10@ q\x88\x01\x81\x88\x1fJ'5\
P.\x22A\x09\x03\x04I\x01\x01\x10#\x1f\x81,.\
\x07\x0e\xfe\xa1\x02\xd6TT\xfe\xc8\x11\x11\x22G:\x8b\
5E!\x00\x03\xff\xf6\x00\x00\x01\xdd\x03*\x00\x0d\x00\
\x17\x00\x1b\x00\x003\x113\x1132\x16\x16\x15\x14\x0e\
\x02#'326654&##'5!\x15\
Iq Xr9\x1e?_B%%3A @\
V#\xc4\x01e\x03*\xfe\xaf)f]?Y:\x1b\
Q\x17DBSF\xc2PP\x00\x03\x00\x04\x00\x00\x02\
\x8c\x03*\x00\x0c\x00\x10\x00\x16\x00\x003\x13\x177\x13\
#\x03#\x11#\x11#\x03\x13\x03!\x03'\x13\x17!\
7\x13\x04\xe5YX\xf2n\x9e\x08`\x07\x9f\x96\xc1\x01\
\xfd\xbcK\x89 \xfe\xc0\x1e\x8f\x02\x0d(<\xfd\xdf\x01\
\x95\xfek\x01\x95\xfek\x01\xba\x01p\xfe\x907\x01\x1c\
87\xfe\xe5\x00\xff\xff\x000\xff\xf7\x01\xeb\x031\x02\
\x06\x02!\x00\x00\x00\x01\x00\x17\x00\x00\x02#\x03:\x00\
\x12\x00\x003\x033\x13\x13>\x0232\x16\x17\x07&\
\x0e\x02\x07\x03\xcc\xb5j\x80E\x11$@:\x0c\x13\x0f\
\x05\x1b\x22\x17\x16\x0fv\x03*\xfd\xab\x01MU}F\
\x02\x03K\x02\x0f,UE\xfd\xe9\x00\x00\x03\x00\x04\xff\
m\x02\xb5\x03*\x00\x15\x00\x19\x00\x1d\x00\x003\x13\x03\
3\x133\x113\x113\x133\x03\x13#\x03#\x11#\
\x11#\x03\x05'3\x15'3\x15#\x04\xbc\xa9m\x98\
\x06`\x07\x97n\xaa\xbdo\xa8\x08`\x07\xa9\x01\xeb\x0e\
fn==\x01\x9e\x01\x8c\xfey\x01\x87\xfey\x01\x87\
\xfet\xfeb\x01\x95\xfek\x01\x95\xfek\x93\xe4\xe4\xe4\
Q\x00\x02\x00\x19\xffm\x01\xb8\x031\x00<\x00@\x00\
\x00\x17\x22&&553\x14\x14\x17\x16\x16326\
654&'&\x22\x22#5226366\
54&#\x22\x06\x07\x14\x14\x15#54663\
2\x16\x16\x15\x14\x06\x07\x1e\x02\x15\x14\x06\x06\x07'3\
\x07\xf0BX,j\x01\x02$5'(\x0e8N\x04\
\x0b\x0b\x05\x04\x0b\x0b\x03M;+75.\x04k0\
\x5cBC]1?5$4\x1c(Xq\x07c\x08\
\x092^@\x1b\x07\x0f\x064B%C,?T\x05\
\x01V\x01\x05G@7CC6\x06\x0d\x07\x1bA\x5c\
23]AI\x5c\x0f\x0c4Q7Hk:\x8a\xc4\
\xc4\x00\x03\x00?\xffm\x02\x05\x03*\x00\x0b\x00\x0f\x00\
\x13\x00\x003\x113\x11\x133\x03\x13#\x03\x07\x11\x17\
'3\x15'3\x15#?q\xbai\xa0\xban\x9b4\
\xfc\x0egu==\x03*\xfe\x82\x01~\xfe\x9b\xfe;\
\x01|^\xfe\xe2\x93\xe4\xe4\xe4Q\x00\x00\x02\x00?\x00\
\x00\x02R\x03*\x00\x0c\x00\x10\x00\x003\x113\x113\
\x133\x03\x13#\x03#\x117#\x113?q\x8c\x91\
q\xa0\xb4q\xa4\x8dqPP\x03*\xfe\x98\x01h\xfe\
\x7f\xfeW\x01\x8b\xfeu\xec\x01V\x00\x00\x02\xff\xf0\x00\
\x00\x01\xf0\x03*\x00\x03\x00\x10\x00\x00\x035!\x15\x03\
\x113\x113\x133\x03\x13#\x03#\x11\x10\x01\x16\xc7\
q*\x91q\xa0\xb4q\xa4+\x02\x86PP\xfdz\x03\
*\xfe\x98\x01h\xfe\x7f\xfeW\x01\x8b\xfeu\x00\x02\x00\
\x15\x00\x00\x02I\x03*\x00\x0c\x00\x10\x00\x003\x113\
\x113\x133\x03\x13#\x03#\x11\x0353\x15\x98q\
*\x91q\xa0\xb4q\xa4+\xf4\xf4\x03*\xfe\x98\x01h\
\xfe\x7f\xfeW\x01\x8b\xfeu\x02\xd6TT\x00\x00\x03\x00\
?\xffm\x02>\x03*\x00\x0b\x00\x0f\x00\x13\x00\x003\
\x113\x113\x113\x11#\x11#\x11\x05'3\x15'\
3\x15#?q\xd0qq\xd0\x016\x0ef~==\
\x03*\xfe\xa2\x01^\xfc\xd6\x01{\xfe\x85\x93\xe4\xe4\xe4\
Q\x00\x02\x00?\x00\x00\x02\xb3\x03*\x00\x0b\x00\x11\x00\
\x003\x113\x113\x113\x11#\x11#\x113\x11!\
\x15#\x11?q\xd0qq\xd0\xcf\x014\xc3\x03*\xfe\
\xa2\x01^\xfc\xd6\x01{\xfe\x85\x03*T\xfd*\x00\x00\
\x01\x00?\xffm\x03?\x03*\x00'\x00\x00\x05\x22&\
&'52\x163266554&#\x22\x06\
\x07\x11#\x11#\x11#\x11!\x116632\x16\x16\
\x15\x15\x14\x06\x06\x02\xac\x07\x1c\x1c\x07\x05\x09\x0a\x18$\
\x14-5\x10? q\xdcq\x01\xbe\x1fI'5P\
.\x22A\x93\x01\x03\x03K\x01\x0f('\xfe,.\x07\
\x0e\xfe\xa1\x02\xd9\xfd'\x03*\xfeu\x10\x11\x22G:\
\xfcBO#\x00\x00\x03\x00?\xffm\x02J\x03*\x00\
\x07\x00\x0b\x00\x0f\x00\x003\x11!\x11#\x11#\x11\x05\
'3\x15'3\x15#?\x01\xbeq\xdc\x01B\x0ef\
\x8a==\x03*\xfc\xd6\x02\xd9\xfd'\x93\xe4\xe4\xe4Q\
\x00\x00\x01\x00<\xff\xf7\x02\xa4\x031\x00B\x00\x00%\
\x06\x06#\x22.\x025\x1146632\x16\x16\x15\
\x11\x14\x0e\x02#\x22.\x025\x114663\x15\x22\
\x06\x06\x15\x11\x14\x16\x1632>\x025\x114&&\
#\x22\x06\x06\x15\x11\x14\x1e\x023267\x02\xa4\x0d\
-%8fO.\x1cKHKJ\x19+PqE\
Rn?\x1b/`G\x22,\x16$K<;K*\
\x10\x08\x1a\x1d\x1c\x1d\x09 2:\x1a\x1d<\x0d\x04\x06\
\x07-Og:\x01\x18Xt9;sT\xfe\xe54\
fR1(KiA\x01 Lr?`\x22F5\
\xfe\xe0RX!%<H\x22\x01\x18BL\x1f K\
C\xfe\xe98N0\x15\x06\x07\x00\x02\x000\xffm\x01\
\xd6\x031\x00'\x00+\x00\x00\x05\x22&&5\x114\
6632\x16\x16\x15\x15#54&&#\x22\x06\
\x06\x15\x11\x14\x16\x163266553\x15\x14\x06\
\x06\x07'3\x07\x01\x0aV_%%_VLY'\
k\x09(/0,\x0d\x14.'.(\x0ak$X\
\x82\x07c\x08\x09HzK\x01\x1eRzC8hI\
@9-E&)K2\xfe\xbf=G\x1e)H0\
<<Jq?\x8a\xc4\xc4\x00\x00\x03\x00\x0f\xffm\x01\
\x8e\x03*\x00\x07\x00\x0b\x00\x0f\x00\x003\x11#5!\
\x15#\x11\x07'3\x15'3\x15#\x98\x89\x01\x7f\x85\
\x0b\x0ef\x88==\x02\xd6TT\xfd*\x93\xe4\xe4\xe4\
Q\xff\xff\x00\x0c\x00\x00\x01\xd5\x03*\x02\x06\x00\xcd\x00\
\x00\x00\x02\x00\x0c\x00\x00\x01\xd5\x03*\x00\x03\x00\x0c\x00\
\x00\x135!\x15\x03\x11\x033\x13\x133\x03\x11-\x01\
\x88\xfa\xafi|zj\xae\x01\x01MM\xfe\xff\x01\x1e\
\x02\x0c\xfey\x01\x87\xfd\xf4\xfe\xe2\x00\x00\x03\x00\x0d\xff\
m\x01\xed\x03*\x00\x0b\x00\x0f\x00\x13\x00\x003\x13\x03\
3\x13\x133\x03\x13#\x03\x03\x05'3\x15'3\x15\
#\x0d\xa9\xa6i{pi\xaa\xb2i\x84r\x01\x1f\x0e\
fz==\x01\xa8\x01\x82\xfe\xe2\x01\x1e\xfeu\xfea\
\x011\xfe\xcf\x93\xe4\xe4\xe4Q\x00\x01\x00\x0f\xffm\x02\
\xb7\x03*\x00\x0f\x00\x00%3\x15#'!\x11#5\
!\x15#\x113\x113\x02jMW\x09\xfeA\x89\x01\
\x7f\x85\xf0qQ\xe4\x93\x02\xd6TT\xfd{\x02\xd9\x00\
\x03\x001\xffm\x024\x03*\x00\x14\x00\x18\x00\x1c\x00\
\x00!\x11\x06#\x22&&5\x113\x11\x14\x16\x163\
267\x113\x11\x07'3\x15'3\x15#\x01u\
B5E[-r\x162)\x151\x1br\x0b\x0ef\
~==\x01v\x0f)T?\x01\x07\xfe\xf9&3\x19\
\x06\x06\x01m\xfc\xd6\x93\xe4\xe4\xe4Q\x00\x02\x002\x00\
\x00\x01\xf2\x03*\x00\x03\x00\x19\x00\x00%#\x113\x13\
\x11\x06\x06#\x22&&5\x113\x11\x14\x16\x1632\
67\x113\x11\x01>OOB!<\x1aJ`-\
r\x176.\x151\x1br\xec\x01V\xfd\xbe\x01v\x07\
\x08)T?\x01\x07\xfe\xf9&3\x19\x06\x06\x01m\xfc\
\xd6\x00\x01\x00?\x00\x00\x01\xf5\x03*\x00\x14\x00\x00\x13\
\x116632\x16\x15\x11#\x114&&#\x22\x06\
\x07\x11#\x11\xb1!<\x1aidr\x161*\x151\
\x1br\x03*\xfe\x8a\x08\x07]_\xfe\xf9\x01\x07'2\
\x19\x06\x06\xfe\x93\x03*\x00\x03\x00?\xffm\x02B\x03\
*\x00\x14\x00\x18\x00\x1c\x00\x00\x13\x116632\x16\
\x15\x11#\x114&&#\x22\x06\x07\x11#\x11\x01'\
3\x15'3\x15#\xb1!<\x1aidr\x161*\
\x151\x1br\x01\xab\x0ef\x8c==\x03*\xfe\x8a\x08\
\x07]_\xfe\xf9\x01\x07'2\x19\x06\x06\xfe\x93\x03*\
\xfcC\xe4\xe4\xe4Q\x00\x00\x03\x00\x0f\xff\xf7\x02\x8b\x03\
1\x00\x1e\x00+\x006\x00\x00\x05\x22&&5\x114\
6632\x16\x16\x15\x15!\x15\x14\x16\x16326\
6553\x15\x14\x06\x06\x01\x22.\x0273\x06\x16\
\x1633\x157354&&#\x22\x06\x06\x15\x01\
\xadQa++aQSa*\xfe\xb7\x10.-.\
.\x10r*a\xfe\xd66M/\x15\x03u\x03\x10(\
\x1e\x10X\xd7\x10..-.\x10\x09>sO\x014\
PuA@vQ\xa7\xa3-A##A-F/\
Ps=\x01\x8c\x1b3F+ .\x18YYg-\
C%%C-\x00\x06\x00\x0f\xffm\x02\x8b\x04\x12\x00\
\x03\x00\x22\x00/\x00:\x00>\x00B\x00\x00\x05'3\
\x07'\x22&&5\x1146632\x16\x16\x15\x15\
!\x15\x14\x16\x163266553\x15\x14\x06\x06\
\x01\x22.\x0273\x06\x16\x1633\x157354\
&&#\x22\x06\x06\x15\x1353\x15!53\x15\x01\
v\x07c\x08\x1dQa++aQSa*\xfe\xb7\
\x10.-..\x10r*a\xfe\xd66M/\x15\x03\
u\x03\x10(\x1e\x10X\xd7\x10..-.\x10\x80l\
\xfe\xe8l\x93\xc4\xc4\x8a>sO\x014PuA@\
vQ\xa7\xa3-A##A-F/Ps=\x01\
\x8c\x1b3F+ .\x18YYg-C%%C\
-\x01`oooo\xff\xff\x00E\x00\x00\x00\xb4\x03\
*\x02\x06\x00S\x00\x00\xff\xff\x00\x04\x00\x00\x02\xa1\x03\
\xf1\x02&\x01\xca\x00\x00\x00\x07\x031\x00'\x00\xe8\x00\
\x01\x00?\xffm\x01\xdc\x03*\x00\x22\x00\x00\x05\x22&\
'5\x1627>\x02554&&##\x11#\
\x113\x113\x133\x03\x1e\x02\x15\x15\x14\x06\x06\x01B\
\x0d\x1f\x0b\x08\x0c\x06\x15\x1a\x0d(D)\x1cqq*\
\x91q\xa0+D'#@\x93\x03\x04I\x01\x01\x01\x10\
#\x1e\xde-G*\xfeu\x03*\xfe\x98\x01h\xfe\x7f\
\x0a/L7\xe55E!\x00\x00\x02\x00\x02\xffm\x02\
S\x03*\x00\x13\x00\x17\x00\x0035\x16>\x037\x13\
!\x11#\x11#\x03\x0e\x04\x0573\x07\x02\x16%\x1d\
\x16\x10\x06\x1b\x01dq\x92\x13\x05\x10\x1f3N\x01\x90\
)`2T\x01\x08\x1e@nT\x01\xaf\xfc\xd6\x02\xd6\
\xfe\xa5N}]=\x1a\x8f\xe4\xe4\x00\x00\x01\x00?\xff\
m\x01\xf1\x03*\x00\x19\x00\x00\x05\x22&'52\x16\
32665\x11#\x11#\x113\x113\x113\x11\
\x14\x06\x06\x01`\x0d\x1f\x0b\x05\x08\x04\x18\x1f\x0f\xd0q\
q\xd0q#A\x93\x03\x04I\x01\x0e% \x01l\xfe\
\x85\x03*\xfe\xa2\x01^\xfc\xde5E!\x00\x00\x02\x00\
?\xffm\x02?\x03*\x00\x0b\x00\x0f\x00\x003\x113\
\x113\x113\x11#\x11#\x11\x0573\x07?q\xd0\
qq\xd0\x01\x06)`2\x03*\xfe\xa2\x01^\xfc\xd6\
\x01{\xfe\x85\x93\xe4\xe4\x00\x03\x001\xffm\x01\xe7\x03\
*\x00\x14\x00\x18\x00\x1c\x00\x00!\x11\x06#\x22&&\
5\x113\x11\x14\x16\x163267\x113\x11\x075\
3\x07'53\x15\x01uB5E[-r\x162\
)\x151\x1br\xbff\x0e\x13t\x01v\x0f)T?\
\x01\x07\xfe\xf9&3\x19\x06\x06\x01m\xfc\xd6\x93\xe4\xe4\
\x93QQ\x00\x02\x00=\xffm\x02\xa4\x03*\x00\x0c\x00\
\x10\x00\x003\x133\x13\x133\x13#\x03\x03#\x03\x03\
\x0573\x07=\x0fo\x8f\x90n\x0f[\x09\x89@\x88\
\x09\x01\x82)`2\x03*\xfdo\x02\x91\xfc\xd6\x02L\
\xfd\xb4\x02L\xfd\xb4\x93\xe4\xe4\xff\xff\x00\x13\x00\x00\x01\
\xd9\x03\xf1\x02&\x00\x01\x00\x00\x00\x07\x031\xff\xcb\x00\
\xe8\xff\xff\x00\x13\x00\x00\x01\xd9\x04\x12\x02&\x00\x01\x00\
\x00\x00\x07\x032\x00\xf6\x00\xe8\xff\xff\xff\xcd\x00\x00\x02\
]\x03*\x02\x06\x00\x1b\x00\x00\xff\xff\x00?\x00\x00\x01\
{\x03\xf1\x02&\x00.\x00\x00\x00\x07\x031\xff\xb5\x00\
\xe8\xff\xff\x00,\xff\xf7\x01\xe7\x031\x02\x06\x00B\x00\
\x00\xff\xff\x00,\xff\xf7\x01\xe7\x04\x12\x02&\x00B\x00\
\x00\x00\x07\x032\x01\x0c\x00\xe8\xff\xff\x00\x04\x00\x00\x02\
\xa1\x04\x12\x02&\x01\xca\x00\x00\x00\x07\x032\x01R\x00\
\xe8\xff\xff\x00\x19\xff\xf7\x01\xb8\x04\x12\x02&\x01\xcb\x00\
\x00\x00\x07\x032\x00\xf0\x00\xe8\xff\xff\x00\x1e\xff\xf7\x01\
\xac\x03*\x02\x06\x00C\x00\x00\xff\xff\x00?\x00\x00\x01\
\xe1\x03\xd6\x02&\x01\xcc\x00\x00\x00\x07\x03=\x01\x1a\x00\
\xe8\xff\xff\x00?\x00\x00\x01\xe1\x04\x12\x02&\x01\xcc\x00\
\x00\x00\x07\x032\x01\x1a\x00\xe8\xff\xff\x000\xff\xf7\x01\
\xeb\x04\x12\x02&\x00y\x00\x00\x00\x07\x032\x01\x0e\x00\
\xe8\x00\x03\x000\xff\xf7\x01\xeb\x031\x00\x03\x00\x15\x00\
'\x00\x00\x135!\x15\x03\x22&&5\x11466\
32\x16\x16\x15\x11\x14\x06\x06'2665\x114\
&&#\x22\x06\x06\x15\x11\x14\x16\x16h\x01Q\xabR\
b*+aRR`++`R-.\x10\x10.\
--/\x10\x10/\x01rMM\xfe\x85@wP\x01\
3Ps=>rP\xfe\xccOvAY%C-\
\x01c-A##A-\xfe\x9d-C%\xff\xff\x00\
0\xff\xf7\x01\xeb\x04\x12\x02&\x02!\x00\x00\x00\x07\x03\
2\x01\x0e\x00\xe8\xff\xff\x001\x00\x02\x01\xd7\x04\x12\x02\
&\x01\xea\x00\x00\x00\x07\x032\x01\x04\x00\xe8\xff\xff\x00\
\x13\xffm\x01\xb8\x03\xd6\x02&\x01\xda\x00\x00\x00\x07\x03\
=\x00\xe2\x00\xe8\xff\xff\x00\x13\xffm\x01\xb8\x04\x12\x02\
&\x01\xda\x00\x00\x00\x07\x032\x00\xe2\x00\xe8\xff\xff\x00\
\x13\xffm\x01\xb8\x04\x13\x02&\x01\xda\x00\x00\x00\x07\x03\
6\x00\xe2\x00\xe8\xff\xff\x002\x00\x00\x01\xe8\x04\x12\x02\
&\x01\xde\x00\x00\x00\x07\x032\x01\x14\x00\xe8\xff\xff\x00\
?\x00\x00\x02\x98\x04\x12\x02&\x01\xe4\x00\x00\x00\x07\x03\
2\x01l\x00\xe8\x00\x03\x00\x0e\xffm\x01\x8a\x03*\x00\
\x05\x00\x12\x00\x16\x00\x003\x11!\x15#\x11\x07\x22&\
'5\x166553\x15\x14\x06\x035!\x15Q\x01\
9\xc7T\x0d\x1f\x0b,+rM\xa6\x015\x03*Q\
\xfd'\x93\x03\x04I\x02\x1a+LLDO\x02\x1fV\
V\x00\x01\x00\x0d\xffm\x01\xd5\x03*\x00\x22\x00\x00\x05\
\x22&'5\x162326654.\x02'\x03\
#\x13\x033\x13\x133\x03\x1e\x04\x15\x14\x06\x06\x01O\
\x16\x13\x0a\x05\x0a\x04\x18\x1c\x0d\x1b*,\x12wi\xa9\
\xa6i{pi\xaa\x140/'\x18\x22<\x93\x03\x04\
I\x01\x0c\x19\x13\x16Qa]!\xfe\xc6\x01\xa8\x01\x82\
\xfe\xe2\x01\x1e\xfeu&^eaR\x1c$7\x1f\x00\
\x02\x00\x0d\x00\x00\x01\xd5\x03*\x00\x03\x00\x0f\x00\x00\x13\
5!\x15\x01\x13\x033\x13\x133\x03\x13#\x03\x037\
\x01n\xfeh\xa9\xa6i{pi\xaa\xb2i\x84r\x01\
\x86VV\xfez\x01\xa8\x01\x82\xfe\xe2\x01\x1e\xfeu\xfe\
a\x011\xfe\xcf\x00\x01\x00(\xff\xf7\x01\xc7\x031\x00\
<\x00\x00\x17\x22&&54667&&54\
6632\x16\x16\x15\x15#445&&#\x22\
\x06\x15\x14\x16\x172\x1623\x15*\x02\x07\x06\x06\x15\
\x14\x16\x1632676453\x15\x14\x06\x06\xf0\
HX(\x1c4$4@1^BB\x5c0k\x04\
.57+;M\x04\x0a\x0b\x04\x04\x0c\x0b\x04N8\
\x0e)&5%\x01\x01j,X\x09:kH7Q\
4\x0c\x0f\x5cIA]32\x5cA\x1b\x07\x0d\x066\
CC7@G\x05\x01V\x01\x05T?,C%B\
4\x06\x0f\x07\x1b@^2\x00\x00\x01\x00\x02\xffm\x02\
\x05\x03*\x00$\x00\x00\x05\x22&'52\x1632\
665\x11#\x03\x0e\x04#\x22\x22'5\x16>\x03\
7\x13!\x11\x14\x06\x06\x01t\x0d\x1f\x0b\x05\x08\x04\x18\
\x1f\x0f\x92\x13\x04\x10\x1c-E1\x07\x0c\x07\x16%\x1d\
\x16\x10\x06\x1b\x01d#A\x93\x03\x04I\x01\x0e% \
\x02\xc7\xfe\xa5Jy\x5c>\x1f\x01T\x01\x08\x1e@n\
T\x01\xaf\xfc\xde5E!\x00\xff\xff\x00$\x00\x00\x02\
\xb5\x03*\x02\x06\x00\xc7\x00\x00\x00\x03\xff\xf6\x00\x00\x01\
\xda\x03*\x00\x0d\x00\x17\x00\x1b\x00\x003\x113\x113\
2\x16\x16\x15\x14\x0e\x02#'326654&\
##'5!\x15Fq Xr9\x1e?_B\
%%3A @V#\xc1\x01e\x03*\xfe\xaf)\
f]?Y:\x1bQ\x17DBSF\xc3OO\x00\
\x03\x00?\x00\x00\x01\xe9\x03*\x00\x0d\x00\x11\x00\x1c\x00\
\x003\x1132\x16\x16\x15\x14\x0e\x02##\x11\x01'\
7\x17%326654&&##?\xc9I\
W(\x192J2Y\x01\x01\xd28\xd2\xfe\xc741\
8\x18\x11695\x03*5dG0N6\x1d\xfe\
\x87\x015\xd48\xd4]\x1672:>\x18\x00\x01\x00\
\x14\xffm\x02\x1e\x03*\x00\x18\x00\x00\x17\x22&'5\
2\x163265\x113\x113\x113\x11#\x11#\
\x11\x14\x06\x06K\x0d\x1f\x0b\x05\x08\x04$#q\xd0q\
q\xd0#A\x93\x03\x04I\x01\x1e&\x03*\xfe\xa2\x01\
^\xfc\xd6\x01{\xfe~-? \x00\x00\x03\x00\x02\xff\
m\x02R\x03*\x00\x13\x00\x17\x00\x1b\x00\x0035\x16\
>\x037\x13!\x11#\x11#\x03\x0e\x04\x05'3\x15\
'3\x15#\x02\x16%\x1d\x16\x10\x06\x1b\x01dq\x92\
\x13\x05\x10\x1f3N\x01\xc0\x0ef\x95==T\x01\x08\
\x1e@nT\x01\xaf\xfc\xd6\x02\xd6\xfe\xa5N}]=\
\x1a\x8f\xe4\xe4\xe4Q\x00\xff\xff\x00\x19\xff\xf8\x01r\x02\
J\x02\x06\x00\xda\x00\x00\x00\x02\x004\xff\xf8\x01\x8b\x03\
K\x00\x22\x004\x00\x00\x17\x22&&5\x11466\
7>\x027\x17\x0e\x02\x07\x06\x06\x15\x15>\x0232\
\x16\x16\x15\x15\x14\x06\x06'266554&&\
#\x22\x06\x06\x07\x15\x14\x16\x16\xd72J'\x172(\
*B= \x16\x1cCB\x1d\x1d \x0d*1\x16$\
<$.Q+\x16\x1b\x0d\x0a\x16\x13\x0a\x19\x1b\x0f\x0d\
\x1d\x08-YB\x01TL`8\x10\x11\x0e\x11\x13Y\
\x12\x11\x0d\x0e\x0e92]\x0d\x17\x10&[Nn[\
_#O\x150(\xaf%,\x15\x07\x0d\x0a\xee*4\
\x18\x00\x03\x006\x00\x00\x01\x82\x02B\x00\x11\x00\x1c\x00\
%\x00\x003\x1132\x16\x16\x17\x16\x06\x07\x1e\x02\x15\
\x14\x06\x06#'326654&&##5\
32654&##6\xa2;C\x1d\x01\x01\x1e\
/$'\x0f\x1dGA>&\x17&\x17\x15#\x17+\
4\x1f$*$)\x02B'?$+D\x0e\x07-\
>!2L*Q\x0d(&-)\x0aM$.)\
 \x00\x01\x006\x00\x00\x01\x1f\x02B\x00\x05\x00\x003\
\x113\x15#\x116\xe9~\x02BM\xfe\x0b\xff\xff\x00\
6\x00\x00\x019\x038\x02&\x026\x00\x00\x00\x07\x03\
5\x00\xaf\x00\x00\x00\x01\x007\x00\x00\x01 \x02\xa0\x00\
\x07\x00\x003\x11353\x15#\x117\xae;~\x02\
B^\xab\xfe\x0b\x00\x02\x006\xffm\x01\x1f\x02B\x00\
\x05\x00\x09\x00\x003\x113\x15#\x11\x07'3\x156\
\xe9~\x08\x0e\x5c\x02BM\xfe\x0b\x93\xdf\xdf\x00\x02\x00\
\x14\x00\x00\x01:\x02B\x00\x03\x00\x09\x00\x00\x13!\x15\
!\x13#\x113\x15#\x14\x01\x0e\xfe\xf2\xa8k\xe9~\
\x01`O\xfe\xef\x02BO\x00\x00\x01\x00?\xffm\x01\
\x96\x02B\x00$\x00\x00\x05\x22&'53266\
554&#\x22\x06\x06\x07\x11#\x113\x15#\x15\
>\x0232\x16\x16\x15\x11\x14\x06\x06\x01\x0d\x13\x15\x05\
\x15\x16\x17\x09\x11\x1d\x11%\x1b\x02k\xea~\x02\x228\
\x22)0\x14\x1b<\x93\x03\x01F\x12)\x22\xf1 \x1f\
\x0c\x0c\x02\xfe\xd6\x02BO\x92\x02\x14\x13\x1e1\x1d\xfe\
\xf9<K#\x00\x00\x02\x00 \xffm\x01\xfa\x02B\x00\
\x0f\x00\x18\x00\x00\x175>\x0377!\x113\x15#\
'!\x0773\x11#\x07\x0e\x03 \x1e2&\x16\x01\
\x02\x01\x05FN\x09\xfe\xd4\x09\x1a\xc5K\x02\x01\x13!\
+\x93\xda\x17@b\x90fL\xfe\x0a\xdf\x93\x93\xdf\x01\
\xa9\x15j\x8dY4\x00\xff\xff\x00+\xff\xf8\x01z\x02\
J\x02\x06\x01\x05\x00\x00\xff\xff\x00+\xff\xf8\x01z\x03\
8\x02&\x01\x05\x00\x00\x00\x07\x034\x00\xd3\x00\x00\xff\
\xff\x00+\xff\xf8\x01z\x03*\x02&\x01\x05\x00\x00\x00\
\x07\x032\x00\xd3\x00\x00\x00\x01\x00\x04\x00\x00\x02?\x02\
B\x00\x15\x00\x003\x13\x033\x133\x113\x113\x13\
3\x03\x13#\x03#\x11#\x11#\x03\x04\x91\x88f{\
\x08X\x08zf\x88\x91c\x86\x08X\x09\x86\x01'\x01\
\x1b\xfe\xea\x01\x16\xfe\xea\x01\x16\xfe\xe5\xfe\xd9\x01\x1c\xfe\
\xe4\x01\x1c\xfe\xe4\x00\x01\x00\x1d\xff\xf6\x01W\x02J\x00\
.\x00\x00\x17\x22.\x0253\x14\x1632665\
4&&#52654&#\x22\x06\x15#4\
6632\x16\x16\x15\x14\x06\x06\x07\x1e\x02\x15\x14\x06\
\xbe(:&\x12[\x22\x1f\x1b\x18\x06\x153-F/\
$\x1b\x1e$['I16C\x1f\x1f-\x15\x16-\
\x1fL\x0a\x16/F0;4\x1c1\x1e&%\x0cL\
*0+&&9AL!,G'28\x18\x02\
\x04\x159<RV\x00\x00\x01\x006\x00\x00\x01\x92\x02\
B\x00\x09\x00\x003\x113\x11\x133\x11#\x11\x036\
Z\xaeTX\xad\x02B\xfe{\x01\x85\xfd\xbe\x01\x88\xfe\
x\xff\xff\x006\x00\x00\x01\x92\x03\x09\x02&\x02B\x00\
\x00\x00\x07\x03:\x00\xe8\x00\x00\xff\xff\x006\x00\x00\x01\
\x92\x038\x02&\x02B\x00\x00\x00\x07\x034\x00\xe7\x00\
\x00\x00\x03\x006\xffl\x01\xd9\x03\x09\x00\x03\x00\x0d\x00\
\x1b\x00\x00\x0573\x07%\x113\x11\x133\x11#\x11\
\x03\x13\x22&53\x16\x1632653\x14\x06\x01\
Y$\x5c2\xfe\x8fZ\xaeTX\xadYH;>\x01\
\x1f%&\x1f?;\x94\xdf\xdf\x94\x02B\xfe{\x01\x85\
\xfd\xbe\x01\x88\xfex\x02\x81N:$'(#:N\
\x00\x00\x01\x006\x00\x00\x01\x9c\x02B\x00\x0c\x00\x003\
\x113\x15373\x03\x13#\x03#\x116k\x1em\
ny{pm\x1e\x02B\xf4\xf4\xfe\xe8\xfe\xd6\x01\x0e\
\xfe\xf2\x00\xff\xff\x006\x00\x00\x01\x9c\x038\x02&\x02\
F\x00\x00\x00\x07\x035\x00\xe4\x00\x00\x00\x01\x00\x11\xff\
\xfb\x01\xaf\x02B\x00\x12\x00\x00\x1752>\x0277\
!\x11#\x11#\x07\x0e\x03#\x11\x1e#\x13\x0a\x04\x0d\
\x01/kf\x09\x05\x13(C5\x05Q\x189aI\
\xfb\xfd\xbe\x01\xf1\xaac\x82I\x1e\x00\x00\x01\x003\x00\
\x00\x01\xde\x02B\x00\x0c\x00\x003\x133\x13\x133\x13\
#\x11\x03#\x03\x113\x06O\x80\x81O\x06Zk!\
k\x02B\xfe\x9d\x01c\xfd\xbe\x01Y\xfe\xe0\x01\x1e\xfe\
\xa9\x00\x01\x006\x00\x00\x01\x95\x02B\x00\x0b\x00\x003\
\x113\x15353\x11#\x11#\x116k\x89kk\
\x89\x02B\xf3\xf3\xfd\xbe\x01\x01\xfe\xff\xff\xff\x00,\xff\
\xf8\x01}\x02J\x02\x06\x01R\x00\x00\x00\x01\x006\x00\
\x00\x01\x86\x02B\x00\x07\x00\x003\x11!\x11#\x11#\
\x116\x01Pkz\x02B\xfd\xbe\x01\xf1\xfe\x0f\x00\xff\
\xff\x006\xffB\x01\x93\x02J\x02\x06\x01q\x00\x00\xff\
\xff\x00+\xff\xf8\x01r\x02J\x02\x06\x00\xf8\x00\x00\x00\
\x01\x00\x0b\x00\x00\x01O\x02B\x00\x07\x00\x003\x11#\
5!\x15#\x11wl\x01Dm\x01\xf2PP\xfe\x0e\
\x00\xff\xff\x00\x0c\xffo\x01}\x02B\x02\x06\x01\xa7\x00\
\x00\xff\xff\x00\x0c\xffo\x01}\x03\x09\x02&\x01\xa7\x00\
\x00\x00\x07\x03:\x00\xc7\x00\x00\x00\x03\x00+\xffB\x02\
3\x03*\x00\x1e\x00*\x006\x00\x00\x175#\x22.\
\x02554>\x023353\x1532\x16\x16\x15\
\x15\x14\x0e\x02##\x15\x033\x11#\x22\x06\x06\x15\x15\
\x14\x16\x1633266554&&##\xfd\
\x0a!F<%\x1f7G(\x0dc\x115X5$\
;E!\x0ej\x07\x0a\x1f.\x1a\x180\x8c\x06#0\
\x19\x1a/ \x09\xbe\xde\x11.XFh8P3\x18\
\xf2\xf2+]KhFX.\x11\xde\x01*\x01\x86\x14\
63w:?\x19\x19?:w36\x14\xff\xff\x00\
\x09\x00\x00\x01}\x02B\x02\x06\x01\xa6\x00\x00\x00\x01\x00\
%\x00\x00\x01z\x02B\x00\x14\x00\x00!5\x06\x06#\
\x22&&553\x15\x14\x163267\x113\x11\
\x01\x0f\x13&\x14+H*k\x1d.\x0c\x1a\x0ek\xe5\
\x02\x04\x18?9\xd3\xd4\x1f$\x03\x02\x01\x12\xfd\xbe\x00\
\x01\x006\xffm\x01\xdd\x02B\x00\x0b\x00\x00\x05'!\
\x113\x113\x113\x113\x15\x01\x8f\x09\xfe\xb0k\x8b\
kF\x93\x93\x02B\xfe\x0a\x01\xf6\xfe\x0a\xdf\x00\x01\x00\
6\x00\x00\x027\x02B\x00\x0b\x00\x003\x113\x113\
\x113\x113\x113\x116gfgfg\x02B\xfe\
\x0a\x01\xf6\xfe\x0a\x01\xf6\xfd\xbe\x00\x01\x006\xffm\x02\
}\x02B\x00\x0f\x00\x00\x05'!\x113\x113\x113\
\x113\x113\x113\x15\x02/\x09\xfe\x10gfgf\
gF\x93\x93\x02B\xfe\x0a\x01\xf6\xfe\x0a\x01\xf6\xfe\x0a\
\xdf\x00\x01\x006\xffm\x01\x88\x02B\x00\x0b\x00\x00\x17\
'#\x113\x113\x113\x11#\x07\xbe\x09\x7fk|\
k|\x06\x93\x93\x02B\xfe\x0a\x01\xf6\xfd\xbe\x93\x00\x00\
\x02\x006\x00\x00\x01\x8c\x02B\x00\x11\x00\x1e\x00\x003\
\x113\x15:\x023\x1e\x03\x15\x14\x0e\x02#'32\
6654&&#\x22\x22#6k\x02\x07\x06\x02\
;S4\x18\x186X?\x06\x063:\x18\x1574\
\x01\x08\x02\x02B\xef\x01\x0f%A3/A(\x12?\
\x12/+'-\x15\x00\x00\x03\x006\x00\x00\x029\x02\
B\x00\x11\x00\x1e\x00\x22\x00\x003\x113\x15:\x023\
\x1e\x03\x15\x14\x0e\x02#'326654&&\
#\x22\x22#\x01\x113\x116k\x02\x07\x06\x02;S\
4\x18\x186X?\x06\x063:\x18\x1574\x01\x08\
\x02\x01-k\x02B\xef\x01\x0f%A3/A(\x12\
?\x12/+'-\x15\xfe\xec\x02B\xfd\xbe\x00\x02\xff\
\xfc\x00\x00\x01\xca\x02B\x00\x10\x00\x1b\x00\x003\x11#\
53\x1532\x1e\x02\x15\x14\x0e\x02#'326\
654&&##tx\xe3\x11;S4\x18\x18\
6X?\x06\x0639\x18\x1574\x0a\x01\xf3O\xef\
\x10%A3/A(\x12?\x12/+&.\x15\x00\
\x02\x00\x05\xff\xfb\x02y\x02B\x00\x1c\x00'\x00\x00\x17\
52667\x13!\x1532\x1e\x02\x15\x14\x0e\x02\
\x07#\x11#\x07\x0e\x03#%326654&\
&##\x05('\x0f\x05\x0d\x01.\x106L/\x15\
\x161P;ng\x0a\x05\x19+A.\x01\x93\x06+\
1\x14\x120.\x06\x05P.l]\x01\x00\xf4\x10%\
A0.?(\x12\x01\x01\xf1\xbeh}?\x14D\x13\
/($-\x15\x00\x02\x006\x00\x00\x02a\x02B\x00\
\x19\x00*\x00\x003\x113\x15353\x15:\x023\
\x1e\x03\x15\x14\x0e\x02\x07#\x11#\x117:\x021>\
\x0254&&'*\x02#6kzk\x02\x05\x06\
\x018O0\x16\x162R;qz\xe5\x01\x04\x05+\
1\x15\x120.\x01\x04\x05\x01\x02B\xef\xef\xf4\x01\x0f\
%@1.@'\x12\x01\x01\x0b\xfe\xf5?\x01\x13.\
($,\x15\x01\xff\xff\x00\x19\xff\xf8\x01\x5c\x02J\x02\
\x06\x01{\x00\x00\x00\x01\x00,\xff\xf8\x01s\x02J\x00\
*\x00\x00\x17\x22&&5546632\x16\x16\
\x15\x15#54&&#\x22\x06\x06\x15\x153\x15#\
\x15\x14\x163266553\x15\x14\x06\x06\xd5G\
I\x19\x1aIE@D\x1ba\x0a\x1a\x18\x1a\x1c\x09\x8e\
\x8e\x1b%\x1b\x19\x07a\x1cD\x089hE\x85Ig\
7)P<\x10\x10&,\x14\x18910F@J\
2\x19.\x1d\x1b\x14;S,\x00\x01\x00*\xff\xf8\x01\
q\x02I\x00)\x00\x00\x17\x22&&553\x15\x14\
\x16326655#5354&&#\x22\
\x06\x15\x15#546632\x16\x16\x15\x15\x14\x06\
\x06\xc8?D\x1ba\x1a\x22\x1b\x1b\x09\x8a\x8a\x0b\x1c\x18\
(\x14a\x1cE>GH\x19\x1aI\x08(P;\x11\
\x117.\x1990;<?25\x157+\x1c\x15\
:R,9gF\x85Hg7\x00\xff\xff\x00=\x00\
\x00\x00\xa8\x03\x08\x02\x06\x01*\x00\x00\xff\xff\xff\xe7\x00\
\x00\x00\xff\x03*\x02&\x01+\x00\x00\x00\x06\x032s\
\x00\xff\xff\xff\xed\xffn\x00\xb1\x03\x08\x02\x06\x01:\x00\
\x00\x00\x02\xff\xfb\x00\x00\x01\x96\x03*\x00\x16\x00\x1a\x00\
\x003\x113\x11>\x0232\x16\x16\x15\x11#\x114\
&#\x22\x06\x06\x07\x11\x035!\x15?k\x02\x229\
\x22)0\x14k\x11\x1d\x0d&\x1e\x02\xaf\x01=\x03*\
\xfe\x9a\x02\x14\x13\x1d-\x18\xfeu\x01q\x1a\x1c\x0c\x0c\
\x02\xfes\x02^KK\x00\x02\x006\xff\xf8\x02\x10\x02\
J\x00\x19\x00+\x00\x00\x05\x22&&55#\x15#\
\x113\x153546632\x16\x16\x15\x15\x14\x06\
\x06'266554&&#\x22\x06\x06\x15\x15\
\x14\x16\x16\x01z:B\x1aP^^P\x1aB::\
A\x1b\x1bA:\x1c\x17\x05\x05\x17\x1c\x1c\x17\x05\x05\x17\
\x084`A1\xfe\x02B\xfd0A`44`A\
\xa8A`4O$; \xb5!:%%:!\xb5\
 ;$\x00\x02\x00\x0a\x00\x00\x01y\x02B\x00\x12\x00\
 \x00\x0037.\x0254>\x0233\x11#5\
\x22&'\x07\x132235\x22\x22#\x22\x06\x06\x15\
\x14\x16\x0am\x1c#\x10\x184V?pj\x10\x16\x0d\
_\x86\x02\x09\x01\x01\x09\x01/7\x163\xf5\x0b,@\
(.B*\x14\xfd\xbe\xe4\x01\x01\xe6\x01\x22\xe3\x171\
)98\x00\x02\xff\xfb\xffm\x01\x96\x03*\x00\x22\x00\
&\x00\x00\x05\x22&'532665\x114&\
#\x22\x06\x06\x07\x11#\x113\x11>\x0232\x16\x16\
\x15\x11\x14\x06\x06\x015!\x15\x01\x0d\x13\x15\x05\x15\x16\
\x17\x09\x11\x1d\x11%\x1b\x02kk\x02\x229\x22)0\
\x14\x1b<\xfe\xbc\x01=\x93\x03\x01F\x12)\x22\x01T\
 \x1f\x0c\x0c\x02\xfes\x03*\xfe\x9a\x02\x14\x13\x1e1\
\x1d\xfe\x96<K#\x02\xf1KK\x00\x00\x03\xff\xf6\x00\
\x00\x01\x9a\x03*\x00\x11\x00\x1e\x00\x22\x00\x003\x113\
\x11:\x0232\x1e\x02\x15\x14\x0e\x02#'326\
654&&#\x22\x22#'5!\x15Dk\x02\
\x07\x06\x02;S4\x18\x185X@\x06\x063:\x18\
\x1583\x01\x08\x02\xb9\x01G\x03*\xfe)\x10&A\
00B(\x12?\x12.+'.\x15\xe3KK\x00\
\x03\x00\x03\x00\x00\x02\x0d\x02B\x00\x0c\x00\x12\x00\x16\x00\
\x003\x13\x177\x13#\x03#\x11#\x11#\x03\x13'\
7\x17#7\x17\x03!\x03\x03\xb2RT\xb2cq\x05\
X\x05q\xb1\x1aZ\x17\xce\x16\x10\x86\x01\x8e\x83\x01n\
AA\xfe\x92\x01\x06\xfe\xfa\x01\x06\xfe\xfa\x01E\x03\xd6\
''\xf1\x01\x15\xfe\xeb\xff\xff\x00,\xff\xf8\x01}\x02\
J\x02\x06\x02\x97\x00\x00\x00\x01\x00\x0f\x00\x00\x01\x9c\x02\
O\x00\x11\x00\x003\x033\x13\x13>\x0232\x16\x17\
\x07\x22\x06\x06\x07\x03\x81rlG)\x0c\x1e5+\x0a\
\x11\x0c\x07\x16\x18\x11\x0bG\x02B\xfe/\x01\x09L^\
+\x02\x02G\x129<\xfe\x83\x00\x02\x00\x04\xffm\x02\
[\x02B\x00\x03\x00\x19\x00\x00\x05'3\x15%\x13\x03\
3\x133\x113\x113\x133\x03\x13#\x03#\x11#\
\x11#\x03\x02\x0d\x0e\x5c\xfd\xa9\x91\x88f{\x08X\x08\
zf\x88\x91c\x86\x08X\x09\x86\x93\xdf\xdf\x93\x01'\
\x01\x1b\xfe\xea\x01\x16\xfe\xea\x01\x16\xfe\xe5\xfe\xd9\x01\x1c\
\xfe\xe4\x01\x1c\xfe\xe4\x00\x00\x02\x00\x1d\xffm\x01W\x02\
J\x00.\x002\x00\x00\x17\x22.\x0253\x14\x163\
26654&&#52654&#\x22\
\x06\x15#46632\x16\x16\x15\x14\x06\x06\x07\x1e\
\x02\x15\x14\x06\x07'3\x07\xbe(:&\x12[\x22\x1f\
\x1b\x18\x06\x153-F/$\x1b\x1e$['I1\
6C\x1f\x1f-\x15\x16-\x1fLo\x05X\x05\x0a\x16\
/F0;4\x1c1\x1e&%\x0cL*0+&\
&9AL!,G'28\x18\x02\x04\x159<\
RV\x89\xa3\xa3\x00\x02\x006\xffm\x01\xbc\x02B\x00\
\x03\x00\x10\x00\x00\x05'3\x15%\x113\x15373\
\x03\x13#\x03#\x11\x01n\x0e\x5c\xfezk\x1emn\
y{pm\x1e\x93\xdf\xdf\x93\x02B\xf4\xf4\xfe\xe8\xfe\
\xd6\x01\x0e\xfe\xf2\x00\x02\x006\x00\x00\x01\xe3\x02B\x00\
\x0c\x00\x10\x00\x003\x113\x15373\x03\x13#\x03\
#\x117\x113\x116kemny{pme\
\x14B\x02B\xf4\xf4\xfe\xe8\xfe\xd6\x01\x0e\xfe\xf2\x93\x01\
0\xfe\xd0\x00\x02\x00\x12\x00\x00\x01\xbf\x03*\x00\x03\x00\
\x10\x00\x00\x135!\x15\x03\x113\x11373\x03\x13\
#\x03#\x11\x12\x01?\xf8k\x1emny{pm\
\x1e\x02xKK\xfd\x88\x03*\xfe$\xf4\xfe\xe8\xfe\xd6\
\x01\x0e\xfe\xf2\x00\x00\x02\x00\x0b\x00\x00\x01\xdd\x02B\x00\
\x0c\x00\x10\x00\x003\x113\x15373\x03\x13#\x03\
#\x11\x0353\x15wk\x1emny{pm\x1e\
\xd7\xd7\x02B\xf4\xf4\xfe\xe8\xfe\xd6\x01\x0e\xfe\xf2\x01\xf2\
PP\x00\x00\x02\x006\xffm\x01\xdb\x02B\x00\x03\x00\
\x0f\x00\x00\x05'3\x15%\x113\x15353\x11#\
\x11#\x11\x01\x8d\x0e\x5c\xfe[k\x89kk\x89\x93\xdf\
\xdf\x93\x02B\xf3\xf3\xfd\xbe\x01\x01\xfe\xff\x00\x00\x01\x00\
6\x00\x00\x02\x12\x02B\x00\x0d\x00\x00\x01\x15#\x11#\
\x11#\x11#\x113\x1535\x02\x12}k\x89kk\
\x89\x02BM\xfe\x0b\x01\x01\xfe\xff\x02B\xf3\xf3\x00\x00\
\x02\x006\xffm\x01\xcc\x02B\x00\x07\x00\x0b\x00\x003\
\x11!\x11#\x11#\x11\x17'3\x156\x01Pkz\
\xdd\x0e\x5c\x02B\xfd\xbe\x01\xf1\xfe\x0f\x93\xdf\xdf\x00\x00\
\x01\x006\xffm\x02r\x02B\x00%\x00\x00\x0553\
266554&#\x22\x06\x06\x07\x11#\x11#\
\x11#\x11!\x15>\x0232\x16\x16\x15\x15\x14\x0e\x02\
#\x01\xaf\x11\x1b\x1f\x0d\x11\x1d\x11%\x1b\x02kzk\
\x01P\x02\x229\x22)0\x14\x0d%H;\x93G\x1a\
D>\xb5 \x1f\x0c\x0c\x02\xfe\xd6\x01\xf1\xfe\x0f\x02B\
\xe1\x02\x14\x13\x1e1\x1d\xb8Kb6\x16\x00\x00\x01\x00\
'\xff\xf7\x02=\x02J\x00?\x00\x00\x05\x06\x06#\x22\
.\x025546632\x16\x16\x15\x15\x14\x0e\x02\
#\x22.\x02554>\x023\x15\x22\x06\x06\x15\x15\
\x14\x16\x163266554&#\x22\x06\x15\x15\
\x14\x16\x16\x17227\x02=\x0b\x1e\x10<aF&\
\x1eG=@A\x18\x22HrPIZ/\x11\x1a4\
M3\x22,\x16\x17:4@P&\x0d\x22#\x15/\
E \x11$\x0f\x04\x02\x03*GW-\xa04V4\
7V1\xa0&UK/)GZ1\x90-I4\
\x1dO\x227\x1f\x90BL\x1f(K4\xa05::\
5\xa02J)\x01\x01\x00\x02\x00+\xffm\x01r\x02\
J\x00&\x00*\x00\x00\x17\x22&&55466\
32\x16\x16\x15\x15#54&&#\x22\x06\x06\x15\
\x15\x14\x163266553\x15\x14\x06\x06\x07'\
3\x07\xd4GI\x19\x1aIF?E\x1aa\x0a\x1a\x18\
\x1a\x1c\x09\x1c$\x1b\x19\x07a\x1bEd\x05X\x05\x08\
9hE\x85Ig7)Q<\x22#&,\x14\x18\
91\xb6J2\x19.\x1d/(:T,\x8b\xa3\xa3\
\x00\x00\x02\x00\x0b\xffm\x01O\x02B\x00\x07\x00\x0b\x00\
\x003\x11#5!\x15#\x11\x07'3\x15wl\x01\
Dm\x08\x0e\x5c\x01\xf2PP\xfe\x0e\x93\xdf\xdf\x00\x00\
\x01\x00\x0c\xffU\x01}\x02B\x00\x08\x00\x00\x175\x03\
3\x13\x133\x03\x15\x92\x86lNKl\x8a\xab\xce\x02\
\x1f\xfe\x81\x01\x7f\xfd\xe5\xd2\x00\x00\x02\x00\x0c\xffU\x01\
}\x02B\x00\x03\x00\x0c\x00\x00\x175!\x15\x075\x03\
3\x13\x133\x03\x15)\x012\xc9\x86lNKl\x8a\
\x12KK\x99\xce\x02\x1f\xfe\x81\x01\x7f\xfd\xe5\xd2\x00\x00\
\x02\x00\x09\xffm\x01\x9d\x02B\x00\x0b\x00\x0f\x00\x003\
\x13\x033\x1773\x03\x13#'\x07\x17'3\x15\x09\
\x82\x7ffUKi\x84\x86f[N\xe1\x0e\x5c\x010\
\x01\x12\xb7\xb7\xfe\xe1\xfe\xdd\xc4\xc4\x93\xdf\xdf\x00\x01\x00\
\x0b\xffm\x02$\x02B\x00\x0f\x00\x00%3\x15#'\
!\x11#5!\x15#\x113\x113\x01\xdeFN\x09\
\xfe\xaal\x01\x22K\x91kL\xdf\x93\x01\xf2PP\xfe\
Z\x01\xf6\x00\x02\x00%\xffm\x01\xc0\x02B\x00\x14\x00\
\x18\x00\x00!5\x06\x06#\x22&&553\x15\x14\
\x163267\x113\x11\x07'3\x15\x01\x0f\x13&\
\x14+H*k\x1d.\x0c\x1a\x0ek\x08\x0e\x5c\xe5\x02\
\x04\x18?9\xd3\xd4\x1f$\x03\x02\x01\x12\xfd\xbe\x93\xdf\
\xdf\x00\x02\x00\x12\x00\x00\x01\x84\x02B\x00\x15\x00\x19\x00\
\x00!5\x06\x06#\x22&&553\x15\x14\x16\x16\
3267\x113\x11'\x113\x11\x01\x19\x13&\x14\
:S-k\x0f,-\x0c\x1a\x0ek\xdbA\xe5\x02\x04\
\x18?9\xd3\xd4\x14\x1f\x10\x03\x02\x01\x12\xfd\xbew\x01\
\x1d\xfe\xe3\xff\xff\x009\x00\x00\x01\x8b\x03*\x02\x06\x01\
&\x00\x00\x00\x02\x009\xffm\x01\xd1\x03*\x00\x14\x00\
\x18\x00\x003\x113\x116632\x16\x16\x15\x11#\
\x114&#\x22\x06\x07\x11\x17'3\x159k\x1dH\
,\x22%\x0fk\x12\x1c\x13)\x12\xdf\x0e\x5c\x03*\xfe\
\xdc\x1c($6\x1c\xfe,\x01\xb5\x1f\x22\x16\x10\xfe0\
\x93\xdf\xdf\x00\x03\x00\x10\xff\xf8\x02\x06\x02J\x00\x1d\x00\
*\x005\x00\x00\x05\x22&&5546632\
\x16\x16\x15\x15#\x15\x14\x16\x163266553\
\x15\x14\x06\x03\x22.\x0273\x06\x16\x1633\x157\
354&&#\x22\x06\x06\x15\x01bDJ\x1d\x1e\
KBIE\x16\xe4\x0d\x1d\x17\x18\x19\x09hJ\xf77\
H(\x0d\x03j\x01\x07 $$7{\x08\x19\x1b\x1a\
\x1b\x0a\x085gK\x84Mf4<qO/t#\
,\x15\x17+\x1d#\x16Wd\x01'\x17*:\x22\x17\
.\x1e::4$1\x19\x1892\x00\x06\x00\x10\xff\
m\x02\x06\x03*\x00\x03\x00!\x00.\x009\x00=\x00\
A\x00\x00\x05'3\x07'\x22&&55466\
32\x16\x16\x15\x15#\x15\x14\x16\x1632665\
53\x15\x14\x06\x03\x22.\x0273\x06\x16\x1633\
\x157354&&#\x22\x06\x06\x15\x1353\x15\
!53\x15\x01\x1e\x05Y\x06\x0aDJ\x1d\x1eKB\
IE\x16\xe4\x0d\x1d\x17\x18\x19\x09hJ\xf77H(\
\x0d\x03j\x01\x07 $$7{\x08\x19\x1b\x1a\x1b\x0a\
?l\xfe\xe8l\x93\xad\xad\x8b5gK\x84Mf4\
<qO/t#,\x15\x17+\x1d#\x16Wd\x01\
'\x17*:\x22\x17.\x1e::4$1\x19\x189\
2\x01Coooo\x00\x01\x00@\x00\x00\x00\xab\x03\
*\x00\x03\x00\x003\x113\x11@k\x03*\xfc\xd6\xff\
\xff\x00\x04\x00\x00\x02?\x03\x09\x02&\x02@\x00\x00\x00\
\x06\x031\xf7\x00\x00\x01\x006\xffm\x01\x9a\x02B\x00\
\x1e\x00\x00\x17\x22&'53266554&\
##\x11#\x113\x15373\x03\x16\x16\x15\x15\x14\
\x06\x06\xf7\x13\x15\x05\x15\x16\x17\x09/2\x13kk\x1e\
mny2-\x1b<\x93\x03\x01F\x12)\x22w5\
N\xfe\xf2\x02B\xf4\xf4\xfe\xe8\x15\x5c>d<K#\
\x00\x00\x02\x00\x11\xffm\x01\xf5\x02B\x00\x12\x00\x16\x00\
\x00\x1752>\x0277!\x11#\x11#\x07\x0e\x03\
#\x0573\x07\x11\x1e#\x13\x0a\x04\x0d\x01/kf\
\x09\x05\x13(C5\x01X$\x5c2\x05Q\x189a\
I\xfb\xfd\xbe\x01\xf1\xaac\x82I\x1e\x8e\xdf\xdf\x00\x00\
\x01\x006\xffm\x01\x95\x02B\x00\x17\x00\x00\x05\x22&\
'5326655#\x11#\x113\x1535\
3\x11\x14\x06\x06\x01\x0c\x13\x15\x05\x15\x16\x17\x09\x89k\
k\x89k\x1b<\x93\x03\x01F\x12)\x22\xed\xfe\xff\x02\
B\xf3\xf3\xfd\xd5<K#\x00\x00\x02\x006\xffm\x01\
\xdb\x02B\x00\x03\x00\x0f\x00\x00\x0573\x07%\x113\
\x15353\x11#\x11#\x11\x01[$\x5c2\xfe\x8d\
k\x89kk\x89\x93\xdf\xdf\x93\x02B\xf3\xf3\xfd\xbe\x01\
\x01\xfe\xff\x00\x02\x00%\xffm\x01z\x02B\x00\x14\x00\
\x18\x00\x00!5\x06\x06#\x22&&553\x15\x14\
\x163267\x113\x11\x07#53\x01\x0f\x13&\
\x14+H*k\x1d.\x0c\x1a\x0ekcN\x5c\xe5\x02\
\x04\x18?9\xd3\xd4\x1f$\x03\x02\x01\x12\xfd\xbe\x93\xdf\
\x00\x00\x02\x003\xffm\x02$\x02B\x00\x0c\x00\x10\x00\
\x003\x133\x13\x133\x13#\x11\x03#\x03\x11\x057\
3\x073\x06O\x80\x81O\x06Zk!k\x01\x17$\
\x5c2\x02B\xfe\x9d\x01c\xfd\xbe\x01Y\xfe\xe0\x01\x1e\
\xfe\xa9\x93\xdf\xdf\xff\xff\x00\x19\xff\xf8\x01r\x03\x09\x02\
&\x00\xda\x00\x00\x00\x06\x031\x9f\x00\xff\xff\x00\x19\xff\
\xf8\x01r\x03*\x02&\x00\xda\x00\x00\x00\x07\x032\x00\
\xca\x00\x00\xff\xff\x00*\xff\xf8\x02`\x02J\x02\x06\x00\
\xf4\x00\x00\xff\xff\x00+\xff\xf8\x01z\x03\x09\x02&\x01\
\x05\x00\x00\x00\x06\x031\xa8\x00\xff\xff\x00+\xff\xf7\x01\
z\x02J\x02\x06\x01\x19\x00\x00\xff\xff\x00+\xff\xf7\x01\
z\x03*\x02&\x01\x19\x00\x00\x00\x07\x032\x00\xd3\x00\
\x00\xff\xff\x00\x04\x00\x00\x02?\x03*\x02&\x02@\x00\
\x00\x00\x07\x032\x01\x22\x00\x00\xff\xff\x00\x1d\xff\xf6\x01\
W\x03*\x02&\x02A\x00\x00\x00\x07\x032\x00\xbc\x00\
\x00\xff\xff\x00\x1e\xff<\x01\xac\x02B\x02\x06\x01\x1a\x00\
\x00\xff\xff\x006\x00\x00\x01\x92\x02\xee\x02&\x02B\x00\
\x00\x00\x07\x03=\x00\xe7\x00\x00\xff\xff\x006\x00\x00\x01\
\x92\x03*\x02&\x02B\x00\x00\x00\x07\x032\x00\xe7\x00\
\x00\xff\xff\x00,\xff\xf8\x01}\x03*\x02&\x01R\x00\
\x00\x00\x07\x032\x00\xd5\x00\x00\x00\x03\x00,\xff\xf8\x01\
}\x02J\x00\x03\x00\x15\x00'\x00\x00\x1353\x15\x03\
\x22&&5546632\x16\x16\x15\x15\x14\x06\
\x06'266554&&#\x22\x06\x06\x15\x15\
\x14\x16\x16^\xedv@J\x1f\x1fJ@@I\x1f\x1f\
I@\x1f\x19\x05\x05\x19\x1f\x1f\x1a\x05\x05\x1a\x01\x0bC\
C\xfe\xed4`A\xa8A`44`A\xa8A`\
4O$; \xb5!:%%:!\xb5 ;$\
\x00\xff\xff\x00,\xff\xf8\x01}\x03*\x02&\x02\x97\x00\
\x00\x00\x07\x032\x00\xd5\x00\x00\xff\xff\x00*\xff\xf8\x01\
q\x03*\x02&\x02`\x00\x00\x00\x07\x032\x00\xce\x00\
\x00\xff\xff\x00\x0c\xffo\x01}\x02\xee\x02&\x01\xa7\x00\
\x00\x00\x07\x03=\x00\xc6\x00\x00\xff\xff\x00\x0c\xffo\x01\
}\x03*\x02&\x01\xa7\x00\x00\x00\x07\x032\x00\xc6\x00\
\x00\xff\xff\x00\x0c\xffo\x01\x94\x03+\x02&\x01\xa7\x00\
\x00\x00\x07\x036\x00\xc6\x00\x00\xff\xff\x00%\x00\x00\x01\
z\x03*\x02&\x02T\x00\x00\x00\x07\x032\x00\xd9\x00\
\x00\xff\xff\x006\x00\x00\x029\x03*\x02&\x02Z\x00\
\x00\x00\x07\x032\x018\x00\x00\x00\x03\x00\x14\xffm\x01\
:\x02B\x00\x05\x00\x15\x00\x19\x00\x003\x113\x15#\
\x11\x07\x22&'53266553\x15\x14\x06\
\x06\x035!\x15Q\xe9~U\x13\x15\x05\x15\x16\x17\x09\
k\x1b<\x85\x01\x12\x02BO\xfe\x0d\x93\x03\x01F\x12\
)\x22*'<K#\x01\xa8KK\x00\x01\x00\x09\xff\
m\x01\x81\x02B\x00\x1f\x00\x00\x05\x14\x0e\x02#\x22&\
'5326654&&'\x07#\x13\x033\
\x1773\x03\x1e\x03\x01\x81\x0f$;,\x0c\x12\x0b\x15\
\x1c\x1d\x0a\x22+\x0dNe\x82\x7ffUKi\x84\x16\
0*\x1a\x08\x1d3&\x15\x02\x01F\x11\x22\x17 L\
D\x14\xc4\x010\x01\x12\xb7\xb7\xfe\xe1$MLK\x00\
\x02\x00\x09\x00\x00\x01}\x02B\x00\x03\x00\x0f\x00\x00\x13\
5!\x15\x01\x13\x033\x1773\x03\x13#'\x07\x1c\
\x01G\xfe\xa6\x82\x7ffUKi\x84\x86f[N\x01\
\x02KK\xfe\xfe\x010\x01\x12\xb7\xb7\xfe\xe1\xfe\xdd\xc4\
\xc4\x00\x01\x00 \xff\xf6\x01Z\x02J\x00.\x00\x00\x17\
\x22&54667.\x02546632\x16\
\x16\x15#4&#\x22\x06\x15\x14\x163\x15\x22\x06\x06\
\x15\x14\x16\x1632653\x14\x0e\x02\xb9ML\x1f\
.\x15\x15-\x1f\x1fD52H'[$\x1e\x1b$\
/F-3\x15\x06\x19\x1a ![\x12&:\x0aV\
R<9\x15\x04\x02\x1882'G,!LA9\
&&+0*L\x0c%&\x1e1\x1c4;0F\
/\x16\x00\x00\x01\x00\x11\xffn\x01\xaf\x02B\x00\x1e\x00\
\x00\x05\x22&'532665\x11#\x07\x0e\x03\
##52>\x0277!\x11\x14\x06\x06\x01&\x13\
\x15\x05\x15\x16\x17\x09f\x09\x05\x13(C5\x0c\x1e#\
\x13\x0a\x04\x0d\x01/\x1b<\x92\x03\x01F\x12)\x22\x01\
\xdc\xaac\x82I\x1eQ\x189aI\xfb\xfd\xd6<K\
#\xff\xff\x00\x1c\x00\x00\x020\x02B\x02\x06\x01\xa1\x00\
\x00\x00\x03\x00\x0a\x00\x00\x01\xae\x03*\x00\x11\x00\x1e\x00\
\x22\x00\x003\x113\x11:\x0232\x1e\x02\x15\x14\x0e\
\x02#'326654&&#\x22\x22#'\
5!\x15Xk\x02\x07\x06\x02;S4\x18\x185X\
@\x06\x063:\x18\x1583\x01\x08\x02\xb9\x01G\x03\
*\xfe)\x10&A00B(\x12?\x12.+'\
.\x15\xe3KK\x00\x03\x006\xffB\x01\xc0\x02J\x00\
\x15\x00\x19\x00)\x00\x00\x17\x113\x156632\x1e\
\x02\x15\x15\x14\x0e\x02#\x22&'\x157'7\x17'\
266554&&#\x22\x06\x07\x11\x16\x166\
k\x136%-5\x1a\x08\x07\x1981$2\x13\xf1\
\xd9.\xd9\xd2\x1e\x1b\x06\x08\x1d\x1e\x15&\x0e\x0f&\xbe\
\x03\x00.\x16 /GI\x1a\x8c.UC'\x1f\x14\
\xe9y\xd3.\xd3^,H*\x8c$=$\x12\x0c\xfe\
\x8e\x0b\x14\x00\x02\x00\x11\xffm\x01\xf5\x02B\x00\x12\x00\
\x16\x00\x00\x1752>\x0277!\x11#\x11#\x07\
\x0e\x03#\x05'3\x15\x11\x1e#\x13\x0a\x04\x0d\x01/\
kf\x09\x05\x13(C5\x01\x8a\x0e\x5c\x05Q\x189\
aI\xfb\xfd\xbe\x01\xf1\xaac\x82I\x1e\x8e\xdf\xdf\x00\
\x01\x00?\x00\x00\x01\xef\x03*\x00\x07\x00\x003\x11!\
\x11#\x11#\x11?\x01\xb0l\xd9\x03*\xfc\xd6\x02\xd9\
\xfd'\x00\x00\x01\x00\x11\xff\xf7\x01\xe8\x02B\x00\x13\x00\
\x00\x05\x22&&5\x11#\x11#\x11#5!\x15#\
\x11\x14\x16\x163\x01\xdcCL\x1fqjB\x01\xd7O\
\x0c!\x1d\x09!C2\x01e\xfe\x0e\x01\xf2PP\xfe\
\xbe+,\x0f\x00\x00\x02\x00:\xff\xf7\x01\xcb\x031\x00\
\x11\x00#\x00\x00\x05\x22&&5\x1146632\
\x16\x16\x15\x11\x14\x06\x06'2665\x114&&\
#\x22\x06\x06\x15\x11\x14\x16\x16\x01\x03EY+*Y\
FFX*+XE&'\x0f\x0e'''(\x0e\
\x0f)\x09>lE\x01]Gk<<kG\xfe\xa3\
Fl=X,E%\x01_'E**E'\xfe\
\xa1%E,\x00\x00\x01\x00\x1e\x00\x00\x01\x16\x03*\x00\
\x0e\x00\x003\x11\x0e\x03#5>\x0373\x11\xab\x01\
+6*\x01\x11-/+\x0fQ\x02\x9e\x01\x0a\x0a\x08\
Q\x04\x0e\x14\x1e\x14\xfc\xd6\x00\x00\x01\x00)\x00\x00\x01\
\xba\x031\x00\x1e\x00\x0035\x13>\x0254&#\
\x22\x06\x06\x15\x15#546632\x16\x15\x14\x06\
\x06\x07\x03!\x15)\xce\x17'\x19$-&*\x10k\
'WHb`\x19(\x18\xba\x01\x00L\x01A$>\
E-8@*D'\x1b\x1cIi:ob4N\
D$\xfe\xe4Z\x00\x01\x00(\xff\xf7\x01\xb6\x031\x00\
;\x00\x00\x17\x22&&553\x14\x14\x15\x1e\x023\
26654&'&\x22#522366\
54&#\x22\x06\x07\x14\x14\x15#54663\
2\x16\x16\x15\x14\x06\x07\x1e\x02\x15\x14\x06\x06\xeeBX\
,j\x01\x0f'%'(\x0e/;\x03\x09\x03\x03\x08\
\x0392%77$\x02j,YBCX,?\
5%3\x1c(X\x092^@\x1b\x04\x09\x05$:\
\x22%D,@Q\x04\x01k\x028A7BI9\
\x04\x09\x04\x1bA\x5c22]AIX\x10\x0b6S\
7Hk;\x00\x00\x02\x00(\x00\x00\x01\xd4\x03*\x00\
\x0a\x00\x0d\x00\x00!5#5\x133\x113\x15#\x15\
\x033\x11\x01\x13\xeb\xd3~[[\xea\x84\xd9p\x01\xe1\
\xfe\x0e_\xd9\x018\x01p\x00\x00\x01\x00/\xff\xf8\x01\
\xbc\x03*\x00%\x00\x00\x17\x22&&53\x14\x16\x16\
326654&&#\x22\x06\x07#\x11!\x15\
#\x076632\x16\x16\x15\x14\x0e\x02\xf3IV%\
k\x0c'(,&\x0a\x0c&)!.\x0b[\x01]\
\xfc\x07\x14;&BK\x1f\x12-N\x088jI$\
E-3W77M))\x1a\x01\xb2k\xe0\x15\x18\
>lF>kO,\x00\x02\x00:\xff\xf7\x01\xca\x03\
1\x00#\x004\x00\x00\x05\x22&&5\x11466\
32\x16\x16\x17\x14\x16\x15#4&#\x22\x06\x06\x15\
\x156632\x16\x16\x15\x14\x06\x06'2665\
4&&#\x22\x06\x06\x07\x15\x14\x16\x16\x01\x01FX\
)$WL?W/\x01\x01l&5\x1d*\x15\x10\
;+CL (XI$(\x11\x09&.\x16$\
\x1a\x08\x11(\x09GyJ\x01\x11O\x82N.X?\
\x02\x07\x03;>%L<{\x19\x1f:iGIx\
GY)D(0R1\x10\x19\x0ey)F)\x00\
\x01\x00\x16\x00\x00\x01Z\x03*\x00\x06\x00\x003\x13#\
5!\x15\x03]\x92\xd9\x01D\x96\x02\xd6T4\xfd\x0a\
\x00\x00\x03\x002\xff\xf7\x01\xc1\x031\x00\x1f\x00/\x00\
=\x00\x00\x17\x22&&54>\x027&&54\
6632\x16\x16\x15\x14\x06\x07\x1e\x03\x15\x14\x06\x06\
'26654&&#\x22\x06\x06\x15\x14\x16\x16\
\x13>\x0254&#\x22\x06\x15\x14\x16\x16\xfaIX\
'\x0e\x1b%\x16(2(UAAS(1)\x16\
%\x1b\x0f'WI'*\x0f\x11*%%+\x12\x10\
+'\x22#\x0e$//&\x0e%\x09:kH)\
>/#\x0e\x1bWC@^33^@DV\x1b\
\x0e#/>)Hk:U(D*&C+*\
C'*D(\x01\x90\x01(?\x222FF2\x22\
?(\x00\x00\x02\x00,\xff\xf7\x01\xbc\x031\x00#\x00\
3\x00\x00\x17\x22&&'4453\x14\x1632\
6655\x06\x06#\x22&&546632\
\x16\x16\x15\x11\x14\x06\x06\x0326754&&#\
\x22\x06\x06\x15\x14\x16\x16\xf5?Y.\x01k&7\x1e\
(\x14\x0f;,CL\x1f(YHFX)$V\
M#,\x0c\x10(##)\x11\x09'\x09/Z@\
\x02\x05\x02:?%M;{\x19\x1f;iFJw\
FGxJ\xfe\xf0N\x84O\x01\x9a#\x15x*E\
)*C(0R1\x00\x01\xff`\x00\x00\x01/\x03\
*\x00\x03\x00\x00#\x013\x01\xa0\x01s\x5c\xfe\x8d\x03\
*\xfc\xd6\xff\xff\x009\x00\x00\x03N\x03*\x00&\x02\
\xb8\xe9\xb2\x00'\x02\xb4\x01T\x00\x00\x00\x07\x02\xb9\x01\
\xde\xfeO\xff\xff\x00\x5c\x00\x00\x03\x1f\x03*\x00&\x02\
\xb8\x0c\xb2\x00'\x02\xb4\x01w\x00\x00\x00\x07\x02\xbb\x01\
\xab\xfeO\xff\xff\x00;\x00\x00\x03H\x031\x00&\x02\
\xba\xed\xaf\x00'\x02\xb4\x01\xa0\x00\x00\x00\x07\x02\xbb\x01\
\xd4\xfeO\x00\x01\x00P\x01\xb1\x00\xfa\x03x\x00\x06\x00\
\x00\x13\x11\x07573\x11\xac\x5c\x83'\x01\xb1\x01d\
$EB\xfe9\x00\x01\x00L\x01\xb1\x01p\x03\x82\x00\
\x1b\x00\x00\x1357>\x0254&#\x22\x06\x15#\
546632\x16\x15\x14\x06\x07\x073\x15M|\
\x1e#\x0f\x1c\x1d&\x1fO\x1eA5AJ/2S\
\xb9\x01\xb1=\x87 -$\x12\x1e!1/\x0e,G\
*G>2K3VF\x00\x00\x01\x00N\x01\xa7\x01\
h\x03\x82\x00-\x00\x00\x13\x22&&553\x15\x14\
\x1632654&##532654&\
#\x22\x06\x15\x15#54632\x16\x15\x14\x06\x07\
\x16\x16\x15\x14\x06\xdc2?\x1dO !\x1d\x1b\x19 \
\x1a\x17\x1a\x1d\x1a\x1d!\x1cOMA>I'\x1b\x1b\
,M\x01\xa7#=(\x10\x04%$\x22\x1f \x22B\
 !\x1c#(!\x04\x10CE?;-9\x0a\x09\
05AB\x00\x00\x02\x00N\x01\xb1\x01t\x03x\x00\
\x0a\x00\x0d\x00\x00\x135#5\x133\x113\x15#\x15\
'35\xfa\xac\xbf;,,\xab]\x01\xb1k;\x01\
!\xfe\xe1=k\xa8\x92\x00\x01\x00+\xff;\x01T\x03\
\x13\x00\x06\x00\x00\x05\x015\x01\x15\x03\x13\x01T\xfe\xd7\
\x01)\xd5\xd5\xc5\x01\xd24\x01\xd2\x90\xfe\xa4\xfe\xa4\x00\
\x01\x00\x17\xff;\x01@\x03\x13\x00\x06\x00\x00\x175\x13\
\x035\x01\x15\x17\xd5\xd5\x01)\xc5\x90\x01\x5c\x01\x5c\x90\
\xfe.4\x00\x01\x001\x00\x00\x00\x9c\x00w\x00\x03\x00\
\x00353\x151kww\x00\x01\x00(\xff}\x00\
\x97\x00s\x00\x0a\x00\x00\x17'665#53\x15\
\x14\x069\x11\x1b\x1f9n.\x83.\x09-\x1fsq\
5?\x00\x00\x02\x00<\x00`\x00\xa8\x02\x11\x00\x03\x00\
\x07\x00\x00\x1353\x15\x0353\x15<lll\x01\
\x9frr\xfe\xc1rr\x00\x02\x00:\xff\xd2\x00\xaa\x02\
5\x00\x0a\x00\x0e\x00\x00\x17'665#53\x15\
\x14\x06\x0353\x15L\x12\x1f\x1b9o*El.\
/\x02#\x1erp5=\x01\xeaww\x00\x00\x03\x00\
&\x00\x00\x02\x05\x00w\x00\x03\x00\x07\x00\x0b\x00\x00!\
53\x15!53\x15353\x15\x01\x99l\xfe!\
lNlwwwwww\x00\x02\x002\x00\x00\x00\
\x9e\x03*\x00\x03\x00\x07\x00\x007\x033\x03\x0753\
\x15T\x22l$Hl\xad\x02}\xfd\x83\xadnn\x00\
\x02\x002\xffN\x00\x9e\x02x\x00\x03\x00\x07\x00\x00\x17\
\x133\x13\x0353\x152#&#ll\xb2\x02|\
\xfd\x84\x02\xbcnn\x00\x00\x02\x002\x00\x00\x01\xba\x03\
1\x00\x1d\x00!\x00\x0075>\x0254&#\x22\
\x06\x15\x14\x16\x17\x07&&54632\x16\x15\x14\
\x06\x06\x07\x15\x0753\x15\x9e2Q01/(/\
\x04\x03d\x05\x06d[_j2V5dk\xcb|\
,Xb:/>.$\x0d\x17\x0e\x13\x0f!\x0fP\
ekbCl\x5c-a\xcbnn\x00\x02\x00;\xff\
C\x01\xc3\x02t\x00\x1d\x00!\x00\x00\x01\x15\x0e\x02\x15\
\x14\x1632654&'7\x16\x16\x15\x14\x06#\
\x22&5466757\x15#5\x01W2Q\
01/).\x04\x03d\x05\x06c\x5c^k2V\
5dk\x01\xa9|+Yb:/>.$\x0d\x18\
\x0d\x13\x0f!\x0fOflaDk\x5c-a\xcbn\
n\x00\x01\x00$\x01B\x00\x90\x01\xb0\x00\x03\x00\x00\x13\
53\x15$l\x01Bnn\x00\x01\x00D\x01\x10\x01\
'\x01\xfb\x00\x0f\x00\x00\x13\x22&&54663\
2\x16\x16\x15\x14\x06\x06\xb5$2\x1b\x1b2$%2\
\x1b\x1b2\x01\x10\x1d6#$4\x1d\x1d5#$5\
\x1d\x00\x01\x00-\x01\xd5\x01{\x03)\x00\x0e\x00\x00\x13\
'7'7\x17'3\x077\x17\x07\x17\x07'\x93?\
Ov\x1aq\x0cQ\x0dr\x19vPA@\x01\xd5&\
o-D<\x8a\x8a<D.n&}\x00\x00\x02\x00\
 \x00\x00\x01\xc8\x03*\x00\x1b\x00\x1f\x00\x003\x13#\
537#53\x133\x033\x133\x033\x15#\
\x073\x15#\x03#\x13#\x03\x1337#\x22)+\
7\x0eCN&k&Z&j&)4\x0f@K\
*k*Y)4Z\x0eY\x01\x22PaQ\x01\x06\
\xfe\xfa\x01\x06\xfe\xfaQaP\xfe\xde\x01\x22\xfe\xde\x01\
ra\x00\x00\x01\x00\x1d\x00\x00\x01T\x03*\x00\x03\x00\
\x003\x133\x03\x1d\xda]\xdb\x03*\xfc\xd6\x00\x01\x00\
\x1d\x00\x00\x01T\x03*\x00\x03\x00\x003\x033\x13\xf7\
\xda\x5c\xdb\x03*\xfc\xd6\x00\x01\x000\x01B\x00~\x01\
\xb0\x00\x03\x00\x00\x1353\x150N\x01Bnn\x00\
\x01\x00(\x00\xfa\x01\x07\x01K\x00\x03\x00\x00753\
\x15(\xdf\xfaQQ\x00\x00\x01\x00(\x00\xfa\x02\x07\x01\
K\x00\x03\x00\x0075!\x15(\x01\xdf\xfaQQ\x00\
\x01\x00(\x00\xfa\x03\xde\x01H\x00\x03\x00\x0075!\
\x15(\x03\xb6\xfaNN\xff\xff\x00(\x00\xfa\x01\x07\x01\
K\x02\x06\x02\xd1\x00\x00\x00\x01\x00\x00\xffz\x01X\xff\
\xcb\x00\x03\x00\x00\x155!\x15\x01X\x86QQ\x00\x00\
\x01\x00I\xff>\x01\x0c\x031\x00\x17\x00\x00\x05.\x04\
54>\x033\x15\x0e\x03\x15\x14\x1e\x02\x17\x01\x0c9\
I*\x13\x04\x04\x13*I9#&\x10\x03\x03\x10&\
#\xc2\x019d\x80\x92IJ\x91\x81d:H\x01M\
~\x99MN\x99~L\x01\x00\x00\x01\x00\x1d\xff>\x00\
\xe1\x031\x00\x17\x00\x00\x175>\x0354.\x02'\
52\x1e\x03\x15\x14\x0e\x03\x1d$&\x10\x03\x03\x10&\
$:I*\x13\x04\x04\x13*I\xc2H\x01M~\x9a\
MN\x99}L\x01G9d\x81\x90JJ\x91\x82d\
9\x00\x01\x00(\xffA\x01\x15\x031\x00(\x00\x00\x05\
\x22.\x02554&&#5266554\
>\x023\x15\x22\x0e\x02\x15\x15\x14\x06\x07\x16\x16\x15\x15\
\x14\x1e\x023\x01\x15?H#\x09\x09\x19\x18\x18\x19\x09\
\x09#H?\x19\x1c\x0c\x02$\x1e\x1e$\x02\x0c\x1c\x19\
\xbf\x0d)PC\x8d75\x11J\x1266\x8cCP\
)\x0dO\x08\x181)\x9cK@\x08\x07@K\x9d*\
1\x18\x07\x00\x01\x00,\xffA\x01\x19\x031\x00(\x00\
\x00\x1752>\x0255467&&554\
.\x02#52\x1e\x02\x15\x15\x14\x16\x163\x15\x22\x06\
\x06\x15\x15\x14\x0e\x02,\x19\x1c\x0c\x02$\x1f\x1f$\x02\
\x0c\x1c\x19?H#\x09\x09\x19\x18\x18\x19\x09\x09#H\
\xbfO\x07\x181*\x9dK@\x07\x08@K\x9c)1\
\x18\x08O\x0d)PC\x8c66\x12J\x1157\x8d\
CP)\x0d\x00\x00\x01\x00?\xffH\x01\x1b\x03*\x00\
\x07\x00\x00\x17\x113\x15#\x113\x15?\xdcqq\xb8\
\x03\xe27\xfc\x8c7\x00\x00\x01\x00\x1a\xffH\x00\xf7\x03\
*\x00\x07\x00\x00\x1753\x11#53\x11\x1aqq\
\xdd\xb87\x03s8\xfc\x1e\x00\xff\xff\x00\x1e\xff{\x00\
\x94\x00\x84\x02\x07\x02\xe1\x00\x00\xfdZ\xff\xff\x00\x1e\xff\
{\x01D\x00\x84\x00'\x02\xe1\x00\xb0\xfdZ\x00\x07\x02\
\xe1\x00\x00\xfdZ\xff\xff\x00\x1e\x02C\x01D\x03K\x00\
&\x02\xe0\x00\x00\x00\x07\x02\xe0\x00\xb0\x00\x00\xff\xff\x00\
\x1e\x02!\x01'\x03*\x00&\x02\xe1\x00\x00\x00\x07\x02\
\xe1\x00\x93\x00\x00\x00\x01\x00\x1e\x02C\x00\x94\x03K\x00\
\x0c\x00\x00\x13445467\x17\x06\x06\x153\x15\
\x1e,7\x13\x1f\x175\x02C\x181\x18MX\x02'\
\x0359p\x00\x00\x01\x00\x1e\x02!\x00\x94\x03*\x00\
\x0c\x00\x00\x13'665#53\x14\x14\x15\x14\x06\
1\x13\x1f\x175u,\x02!(\x0268q\x181\
\x18NW\x00\x02\x00\x1f\x00)\x01\x85\x02%\x00\x06\x00\
\x0d\x00\x00%'57\x15\x07\x17\x07'57\x15\x07\
\x17\x01\x85\xa4\xa4RR\xc3\xa3\xa3RR)\xe44\xe4\
\x86xy\x85\xe44\xe4\x86xy\x00\x00\x02\x009\x00\
)\x01\xa8\x02%\x00\x06\x00\x0d\x00\x00757'5\
\x17\x15\x1757'5\x17\x159[[\xad\x16[[\
\xac)\x85yx\x86\xe44\xe4\x85yx\x86\xe44\x00\
\x01\x00+\x00)\x00\xf2\x02%\x00\x06\x00\x007'5\
7\x15\x07\x17\xf2\xc7\xc7uu)\xe44\xe4\x86xy\
\x00\x00\x01\x00<\x00]\x01\x02\x02Z\x00\x06\x00\x007\
57'5\x17\x15<uu\xc6]\x86yw\x87\xe4\
5\x00\x02\x00\x14\x022\x01\x00\x03*\x00\x03\x00\x07\x00\
\x00\x1353\x07353\x07\x14a'Qa'\x02\
2\xf8\xf8\xf8\xf8\x00\x01\x00\x14\x022\x00u\x03*\x00\
\x03\x00\x00\x1353\x07\x14a'\x022\xf8\xf8\x00\x00\
\x01\xff\xff\xff\x89\x01w\x03\x0d\x00%\x00\x00\x17\x22&\
'7\x16\x163267\x13#537>\x023\
2\x16\x17\x07&&#\x22\x06\x07\x073\x15#\x03\x0e\
\x02C\x13\x1d\x14\x08\x08\x17\x08 \x15\x040BK\x04\
\x05\x1a:6\x14\x1c\x14\x08\x09\x15\x08\x1f\x17\x04\x04L\
U0\x05\x1a:w\x03\x03O\x01\x04*!\x01\xcfO\
$4K(\x03\x02P\x01\x04)\x220O\xfe=4\
K(\x00\xff\xff\x00\x13\x00\x00\x01\xd9\x03\xfc\x02&\x00\
\x01\x00\x00\x00\x07\x03;\x00\xf6\x00\xc9\x00\x02\x00;\xff\
z\x03^\x03*\x00K\x00Z\x00\x00\x05\x22.\x025\
4>\x0232\x1e\x02\x07\x14\x0e\x02#\x22&&'\
\x06\x06\x07\x06&&54>\x0232\x16\x16\x177\
3\x03\x06\x06\x1632>\x0256.\x02#\x22\x0e\
\x02\x15\x14\x1e\x0332667\x17\x06\x06\x0366\
77&&#\x22\x06\x06\x15\x14\x16\x16\x01\xd6W\x96\
p>Cy\xa5c[\x85V)\x01\x22@X6\x1c\
,\x1a\x01\x07,,2C!\x22@W4\x0b\x18\x16\
\x08\x0aN9\x02\x02\x0b\x10 6)\x17\x01 Ck\
JN\x80\x5c2\x1e9Pc9\x1d;?\x1f\x137\
jG\x17,\x0a#\x07\x0e\x07(G,\x0f \x862\
g\x9dj\x87\xc7\x82@@o\x8bKBuY3\x16\
*\x1c\x1f8\x03\x041U18s`:\x07\x0c\x06\
\x11\xfe\x91\x13 \x14'F\x5c4?rX2=s\
\xa3eEmP5\x1a\x06\x0c\x09N\x10\x10\x01<\x04\
14\xe9\x02\x03CpD\x1d/\x18\x00\x03\x00:\xff\
\xf7\x02&\x031\x00.\x009\x00F\x00\x00\x17\x22&\
&5467.\x02546632\x16\x16\x15\
\x14\x06\x06\x07\x17>\x0273\x14\x06\x06\x07\x16\x163\
\x15\x22\x22#.\x02'\x06\x06'267'\x06\x06\
\x15\x14\x16\x16\x13>\x0254&#\x22\x06\x15\x14\x16\
\xe97O)E1\x12)\x1d*N51M.1\
F!z\x0b\x0f\x0b\x03j\x17$\x13\x0d*\x18\x04\x07\
\x03\x1d.%\x11\x1bW<&4\x13|\x18\x1d\x0c\x1e\
%\x15%\x18$\x1d$\x1e\x1f\x09/R5Mq,\
$IO+6P-$C/5aS \xc0\x15\
5<\x1c'VM\x1b\x10\x19n\x01\x19$\x10\x22-\
Y%\x17\xbf\x1fS,\x17+\x1b\x01|\x19DM%\
\x1d!8#.[\x00\x00\x01\x00 \xff\xa0\x01\xad\x03\
*\x00\x0e\x00\x00\x17\x11\x22&546633\x11\
#\x11#\x11\xc7I^,S8\xd6MM`\x02c\
KH3A \xfcv\x03W\xfc\xa9\x00\x02\x00*\xff\
\xf8\x01\x83\x031\x00:\x00H\x00\x00\x17\x22&&'\
7\x1e\x0232676&&''&&54\
67&&546632\x16\x16\x17\x07.\x02\
#\x22\x06\x15\x14\x16\x16\x17\x17\x16\x16\x07\x14\x06\x07\x16\
\x16\x15\x14\x06\x036656&''\x06\x06\x15\x14\
\x16\x17\xd62E*\x0aQ\x07\x17#\x19\x1d%\x02\x02\
\x08\x13\x11s\x2210%\x1e4+L22D*\
\x09Q\x07\x16\x22\x1a\x1c!\x0a\x11\x08\x81\x22%\x01)\
 \x1b+^1\x11 \x01\x11\x148\x11\x1f\x12\x0b\x08\
*F)\x1b\x14+\x1d\x1d\x1d\x0f\x1b\x1a\x0cK\x16;\
32B\x10\x14>++< *D(\x1b\x13)\
\x1e \x1d\x0c\x15\x11\x06T\x16F-.?\x11\x17:\
+JL\x01M\x08\x22\x19\x11'\x0e&\x09(\x1a\x10\
\x1f\x08\x00\x00\x03\x00\x1d\xff\xf5\x03A\x03B\x00\x13\x00\
<\x00P\x00\x00\x05\x22.\x0254>\x0232\x1e\
\x02\x15\x14\x0e\x02'\x22.\x025546632\
\x16\x16\x15\x15#54&&#\x22\x06\x06\x15\x15\x14\
\x16\x163266553\x15\x14\x06\x06\x072>\
\x0254.\x02#\x22\x0e\x02\x15\x14\x1e\x02\x01\xafk\
\x98a..a\x98kk\x98a.-a\x99j;\
J'\x0f\x1dQMFL\x1di\x0d\x1d\x1a\x1e \x0c\
\x0f \x1b\x1e\x1d\x09i\x1eLC\x5c\x85V**V\
\x85\x5c\x5c\x86V))V\x86\x0bJz\x97LL\x96\
zJJz\x96LL\x97zJ\x87\x22?Y6k\
Ll9*T?\x1b\x1b(/\x14\x19<3\x9e4\
8\x15\x1a/\x1f \x19=W.[@l\x88GH\
\x87l??l\x87HG\x88l@\x00\x04\x00.\xff\
\xf3\x03J\x037\x00\x13\x00'\x006\x00?\x00\x00\x05\
\x22.\x0254>\x0232\x1e\x02\x15\x14\x0e\x02'\
2>\x0254.\x02#\x22\x0e\x02\x15\x14\x1e\x02'\
\x1132\x16\x16\x15\x14\x06\x07\x17#'#\x15\x113\
2654&##\x01\xbcj\x97`--`\x97\
jj\x97`--_\x97kY\x80S((S\x80\
YY\x81S((S\x81?\x9c;K#.'`\
aU=!>)#.7\x0dIy\x95KL\x94\
yIIy\x94LL\x94yI2>j\x83EE\
\x83i==i\x83EE\x83j>k\x02\x12$D\
22=\x11\xf8\xe5\xe5\x01\x17,7+/\x00\x02\x00\
7\x01q\x02\xa8\x03*\x00\x0c\x00\x14\x00\x00\x01\x113\
\x13\x133\x11#\x11\x03#\x03\x11!\x11#53\x15\
#\x11\x01UJ_gC>Y!\x5c\xfe\xf4Q\xed\
L\x01q\x01\xb9\xfe\xcd\x013\xfeG\x01\x10\xfe\xf0\x01\
\x0f\xfe\xf1\x01vCC\xfe\x8a\x00\x02\x00:\x01\xe1\x01\
\x8b\x031\x00\x0f\x00\x1b\x00\x00\x13\x22&&546\
632\x16\x16\x15\x14\x06\x06'2654&#\
\x22\x06\x15\x14\x16\xe23L))L34K**\
K4)..))..\x01\xe1(L55J\
((J55L(H6+,55,+6\
\x00\x00\x01\x00\x1e\x02B\x00\x8e\x03*\x00\x03\x00\x00\x13\
73\x07\x1e\x0fa6\x02B\xe8\xe8\x00\x02\x00\x1e\x02\
V\x01%\x03*\x00\x03\x00\x07\x00\x00\x1373\x073\
73\x07\x1e\x0fa6]\x0fa6\x02V\xd4\xd4\xd4\
\xd4\x00\x01\x00E\xffl\x00\xa9\x03*\x00\x03\x00\x00\x17\
\x113\x11Ed\x94\x03\xbe\xfcB\x00\x00\x02\x00?\xff\
g\x00\x95\x03*\x00\x03\x00\x07\x00\x00\x13\x113\x11\x03\
\x113\x11?VVV\x01\x90\x01\x9a\xfef\xfd\xd7\x01\
\x99\xfeg\x00\x01\x00*\x00\x00\x01P\x03#\x00\x0b\x00\
\x003\x11#5353\x153\x15#\x11\x89__\
h__\x02\x1bS\xb5\xb5S\xfd\xe5\x00\x01\x00E\xff\
\xf6\x01\xe3\x03\xa3\x00*\x00\x00\x17\x22&5467\
\x13>\x0232\x16\x15\x14\x06\x07\x03'\x13665\
4&#\x22\x06\x07\x03\x06\x06\x15\x14\x163267\
\x17\x06\x06\xfc%3\x03\x02_\x06(6\x1b$8H\
Y\xd9$\xd1R=\x18\x0f\x10\x1e\x05f\x02\x02\x17\x12\
\x141\x19\x22 L\x0a9@\x0c\x1c\x0f\x02\x81(7\
\x1d7;:\xb4}\xfe\xcd\x22\x010w\x9d+!\x1f\
\x1f\x1d\xfdy\x0d\x18\x0a$!\x22\x1f&&,\x00\x00\
\x01\x00#\x00\x00\x01[\x03$\x00\x13\x00\x0035#\
535#5353\x153\x15#\x153\x15#\
\x15\x8ciiiifiiii\xfdI\xb4H\xe2\
\xe2H\xb4I\xfd\x00\x02\x00(\xff\xf2\x02M\x02:\x00\
\x19\x00\x22\x00\x00\x05\x22&&54>\x0232\x16\
\x16\x15!\x15\x16\x163267\x17\x0e\x02\x03!5\
&&#\x22\x06\x07\x01;Zz?0Pb1N\
|H\xfeT\x17S0M[$%\x19>X\xdc\x01\
4\x13Q84K\x19\x0eS\x86LLnG\x22G\
\x82Z\xb9\x19&?9\x15'A(\x01Q\x8f\x14)\
$\x18\x00\x00\x03\x00A\x00\x00\x03\x81\x03*\x00\x09\x00\
\x17\x00)\x00\x003\x113\x13\x113\x11#\x03\x11\x01\
\x22&554632\x16\x15\x15\x14\x06'26\
6554&&#\x22\x06\x06\x15\x15\x14\x16\x16A\
Q\xe2[O\xe1\x026UUUUVVVV\x1f\
 \x0b\x0b \x1f\x1e\x1f\x0b\x0b\x1f\x03*\xfd\xce\x022\
\xfc\xd6\x02?\xfd\xc1\x01\x04dh\x1ehddh\x1e\
hdG\x1d;, -:\x1d\x1d;, ,;\
\x1d\xff\xff\x00?\x00\x00\x01\xed\x03*\x02\x06\x00d\x00\
\x00\x00\x03\x000\xff\xb3\x01\xd6\x03t\x00\x03\x00\x07\x00\
/\x00\x00\x1353\x15\x0353\x15'\x22&&5\
\x1146632\x16\x16\x15\x15#54&&#\
\x22\x06\x06\x15\x11\x14\x16\x163266553\x15\
\x14\x06\x06\xfd###\x16V_%%_VLY\
'k\x09(/0,\x0d\x14.'.(\x0ak$\
X\x03*JJ\xfc\x89MMDHzK\x01\x1eR\
zC8hI@9-E&)K2\xfe\xbf=\
G\x1e)H0<<Jq?\x00\x00\x01\x00+\xff\
\xb1\x01r\x02\x90\x00,\x00\x00\x175.\x02554\
66753\x152\x16\x16\x15\x15#54&&\
#\x22\x06\x06\x15\x15\x14\x163266553\x15\
\x14\x06\x06#\x15\xb28;\x14\x16;7\x22?D\x1a\
a\x0a\x1a\x18\x1a\x1c\x09\x1c$\x1b\x19\x07a\x1bE>\
OI\x07<b?\x85Cb:\x06HF*P<\
\x22#&,\x14\x1891\xb6J2\x19.\x1d/(\
:T,G\x00\x00\x03\x000\xff\xb3\x01\xd6\x03t\x00\
'\x00+\x00/\x00\x00\x05\x22&&5\x11466\
32\x16\x16\x15\x15#54&&#\x22\x06\x06\x15\
\x11\x14\x16\x163266553\x15\x14\x06\x06\x07\
\x133\x033\x133\x03\x01\x0aV_%%_VL\
Y'k\x09(/0,\x0d\x14.'.(\x0ak\
$X\xc8s#s+s#s\x09HzK\x01\x1e\
RzC8hI@9-E&)K2\xfe\xbf\
=G\x1e)H0<<Jq?D\x03\xc1\xfc?\
\x03\xc1\xfc?\x00\x00\x02\x00&\x00\xba\x02\x00\x02\x94\x00\
#\x003\x00\x007'7&&5467'7\
\x176632\x16\x177\x17\x07\x16\x16\x15\x14\x06\x07\
\x17\x07'\x06\x06'\x06&'\x1726654&\
&#\x22\x06\x06\x15\x14\x16\x165\x0fP\x19\x1e\x1e\x19\
P\x0fO\x1cI**I\x1cO\x0fO\x19\x1c\x1c\x1a\
P\x0fO\x1cI**I\x1c\x8f/K,,K/\
.K,,K\xba\x0fO\x1cJ))J\x1cO\x0f\
O\x1a\x1e\x1e\x1aO\x0fO\x1cJ))J\x1cO\x0f\
O\x1a\x1f\x01\x01\x1f\x1a\x0d.N//N..N\
//N.\x00\x00\x01\x00'\xff\xb3\x01\xc0\x03t\x00\
4\x00\x00\x175&&'7\x1e\x0232654\
&''.\x02546753\x15\x1e\x03\x17\x07\
.\x02\x07\x06\x06\x15\x14\x16\x17\x17\x1e\x02\x15\x14\x06\x06\
\x07\x15\xf7gd\x05d\x03\x150+,-2&\x88\
\x1a#\x11bT#*?+\x19\x04`\x03\x12-*\
*/\x19\x1c\x89\x1e5!*K2ME\x02\x82g\
\x1b+P31.7C\x22x\x184?(Wa\
\x03CC\x03\x1d4K2\x1a(E*\x03\x03*,\
%/\x1ax\x1bCR37S0\x05F\x00\x03\x00\
+\xff\x8e\x01\xbf\x03*\x00\x1a\x00)\x00-\x00\x00\x17\
\x22&5546632\x16\x175#535\
3\x153\x15#\x11#5\x06\x06'267\x11&\
&#\x22\x06\x15\x15\x14\x16\x16\x075!\x15\xbcIH\
\x16=;\x1d0\x13ppk;;k\x13-\x02\x0f\
\x22\x11\x0e\x22\x14%\x1a\x09\x1c\x7f\x01H\x08k\x80p\
BqD\x1a\x13\x8a;HH;\xfdY%\x14\x19T\
\x0b\x0b\x01{\x0a\x0fG2\xa3(A%\xbeQQ\x00\
\x01\xff\xf6\xff\xf7\x01\xd6\x031\x007\x00\x00\x05\x22&\
&55#535#53546632\
\x16\x16\x15\x15#54&&#\x22\x06\x06\x15\x153\
\x15#\x153\x15#\x15\x14\x16\x16326655\
3\x15\x14\x06\x06\x01\x0aV_%::::%_\
VLY'k\x09(/0,\x0ddddd\x14\
.'.(\x0ak$X\x09HzK);d<\
\x1aRzC8hI*#-E&)K2+\
<d;;=G\x1e)H0&&Jq?\x00\
\x02\x00\x04\x00\x00\x01x\x03*\x00\x03\x00\x0d\x00\x007\
5!\x15\x07\x11!\x15#\x113\x15#\x11\x04\x01\x1d\
\xe2\x019\xc8\x9b\x9b\xaePP\xae\x03*Q\xfe\xf2P\
\xfe\x85\x00\x00\x03\x000\xff\xb3\x01\xe2\x03t\x00\x03\x00\
\x07\x002\x00\x00\x1353\x15\x0353\x15'\x22&\
&5\x1146632\x16\x16\x15\x15#54&\
&#\x22\x06\x06\x15\x11\x14\x16\x16326655\
#53\x11#'\x06\x06\xfd### L[)\
%_UL]*j\x0e+.2-\x0b\x110,\
,0\x12g\xcdG\x0b\x10D\x03*JJ\xfc\x89M\
MCA|W\x01\x0fY}B3iP\x1e\x195\
C!.O2\xfe\xd4:N&*R=8P\xfe\
o]-:\x00\x00\x03\x00\x08\xff\xf7\x01\xcb\x031\x00\
\x03\x00\x07\x005\x00\x00\x135!\x15\x055!\x15\x03\
\x22&&546776654&#\x22\x06\
\x06\x07'>\x0332\x16\x15\x14\x06\x07\x07\x06\x06\x15\
\x14\x1632667\x17\x0e\x02\x08\x01\xc3\xfe=\x01\
\xc3\xf08X2F.\x89\x1d\x18/**,\x13\x03\
`\x05\x1d1I0Xf%)\x88&2.+,\
/\x15\x03d\x040\x5c\x01\xcd;;\x9e<<\xfe\xc8\
.W<Lo(x\x190%,-)C(\x1a\
5O4\x19bY=S#x\x22C7.13\
P+\x1bFj<\x00\x00\x03\xff\xf7\x00\x00\x02\x11\x03\
*\x00\x05\x00\x09\x00\x0d\x00\x00!\x01\x013\x01\x01!\
\x113\x11\x035!\x15\x01\x99\xfe\xd3\x01\x03y\xff\x00\
\x01)\xfe\x1aj\x9e\x01\xc0\x01\xbf\x01k\xfe\x95\xfeA\
\x03*\xfc\xd6\x01\x97PP\x00\x00\x03\x00\x02\x00\x00\x01\
t\x031\x00\x19\x00\x1d\x00!\x00\x00357\x114\
>\x0232\x16\x16\x15\x15#4&&#\x22\x06\x06\
\x07\x113\x15%5!\x15%5!\x15\x02;\x0a\x22\
D94>\x1cP\x08\x1a\x1c\x1c\x1a\x08\x01\xcc\xfe\x8f\
\x01\x1d\xfe\xe3\x01\x1d6\x1a\x01\xbe;hR.,N\
3!\x1e6#(< \xfd\xfbQ\xfePP\x8cP\
P\x00\x03\x00\x09\x00\x00\x01\xdf\x03*\x00\x0f\x00\x13\x00\
\x17\x00\x003\x113\x113266553\x15\x14\
\x06\x06#\x035%\x15%5%\x15?q@>4\
\x0br-eU\xef\x01\x9f\xfea\x01\x9f\x03*\xfd'\
0\x5cA-BVv=\x01`P\x82P\x0aP\x82\
P\x00\x02\x008\x00\x00\x01\xe8\x03*\x00\x15\x00\x19\x00\
\x003\x1146632\x16\x16\x15\x11#\x114&\
&#\x22\x06\x06\x15\x113\x113\x118\x22^XY\
]\x22d\x101332\x0fJT\x01\xddJn=\
=nJ\xfe#\x01\xe2+D))D+\xfe\x1e\x03\
*\xfc\xd6\x00\x03\x00\x0b\x00\x00\x02\x04\x03*\x00\x0b\x00\
\x17\x00!\x00\x00\x1353\x1737!\x15+\x03\x07\
5;\x04\x15#'#\x07\x03\x113\x13\x113\x11#\
\x03\x11\x0bP\x14[\x1b\x01\x1fh\x10y\x14\xf4j\x12\
}\x11\xefU\x14e\x14\xe3M\xe6^H\xe9\x01\xbaK\
\x0a\x0aK\x85KK\x0a\x0a\xfe\xcb\x03*\xfd\xe6\x02\x1a\
\xfc\xd6\x02)\xfd\xd7\x00\xff\xff\x00?\xff\xf8\x04>\x03\
*\x00&\x00\x98\x00\x00\x00'\x01\x84\x01\xcc\x00\x00\x00\
\x07\x01{\x02\xe2\x00\x00\x00\x04\x00\x1c\x00\x00\x02\x1d\x03\
*\x00\x0d\x00\x15\x00 \x00(\x00\x003\x1132\x16\
\x16\x15\x14\x0e\x02##\x11\x03533!33\x15\
\x05326654&&##\x075!\x15#\
#!#T\xc9IW(\x192J2Y\xa9U\x16\
\x01\x0e\x1dk\xfe\xa8418\x18\x11695\xa9\x02\
\x01n\x18\xfe\xf1\x10\x03*?vS9\x5cA#\xfe\
\xd7\x01\xd3<<Y\x1cIBJO\x1f\x8e<<\x00\
\x03\x00\x1c\x00\x00\x01\xe5\x03*\x00\x0c\x00\x10\x00\x1b\x00\
\x003\x1132\x16\x16\x15\x14\x06\x06##\x11'5\
!\x15'326654&&##T\xc9I\
W(-XBY\xa9\x01\x7f\xd6418\x18\x116\
95\x03*;oOHi9\xfe\xb9\xa7<<\xf1\
\x1aB<DI\x1c\x00\x00\x02\x00 \x00\x00\x01\xe0\x03\
*\x00$\x00(\x00\x00!'&&##532\
6654&&##5!\x15#'2\x16\x16\
\x15\x14\x0e\x02#532\x16\x17\x13\x015!\x15\x01\
s]\x10(1\x8d\xae),\x10\x11,)\xad\x01\xb8\
\xb9\x1e=E\x1d\x10,SD+88\x12f\xfe@\
\x01\xb8\xf6+&T)L40A!TT-6\
Y4-S@&\x174/\xfe\xf2\x02\x16TT\x00\
\x01\x00\x02\x00\x00\x01t\x031\x00#\x00\x00357\
\x11#5354>\x0232\x16\x16\x15\x14\x14\x15\
#4&&#\x22\x06\x06\x07\x153\x15#\x113\x15\
\x02;;;\x0a\x22D94>\x1cP\x08\x1a\x1c\x1c\
\x1a\x08\x01xx\xcc6\x1a\x01\x12P\x5c;hR.\
,N3\x0a\x16\x01\x1e6#(< \xa4P\xfe\xef\
Q\x00\x02\x00\x0f\x00\x00\x01\x8e\x03*\x00\x07\x00\x0b\x00\
\x003\x11#5!\x15#\x11\x035!\x15\x98\x89\x01\
\x7f\x85\xfa\x01\x7f\x02JTT\xfd\xb6\x02\xd6TT\x00\
\x03\x00\x0f\x00\x00\x01\x8e\x03*\x00\x03\x00\x07\x00\x0f\x00\
\x00\x01\x15\x055\x05\x15\x055\x13\x11#5!\x15#\
\x11\x01s\xfe\xb8\x01H\xfe\xb8m\x89\x01\x7f\x85\x02R\
J\x81J\x15J\x81J\xfe\xc5\x02\xd6TT\xfd*\x00\
\x03\x00$\x00\x00\x02\xb5\x03*\x00\x07\x00\x0b\x00\x18\x00\
\x00\x135!\x15##!#\x075!\x15\x01\x033\
\x13\x133\x13\x133\x03#\x03\x03$\x02\x91X\x0b\xfe\
6\x09[\x02\x91\xfd\xf3\x84^WmPnU\x5c\x82\
Rqr\x01\xc4KK\x8cKK\xfe\xc8\x03*\xfd\xba\
\x02C\xfd\xba\x02I\xfc\xd6\x02X\xfd\xa8\x00\x00\x01\x00\
\x0a\x00\x00\x01\xd3\x03*\x00\x16\x00\x0035#53\
5#53\x033\x13\x133\x033\x15#\x153\x15\
#\x15\xb9YYYN\xa4i{zk\xa3MYY\
YsFAE\x01\xeb\xfey\x01\x87\xfe\x15EAF\
s\x00\x01\x00$\x01B\x00\x90\x01\xb0\x00\x03\x00\x00\x13\
53\x15$l\x01Bnn\x00\x03\x00<\x00\x00\x01\
\xaa\x03+\x00\x03\x00\x07\x00\x0b\x00\x003\x133\x03\x03\
53\x15\x1353\x15S\xdf\x5c\xdetk\x98k\x03\
+\xfc\xd5\x02\xb4ww\xfdLww\x00\x01\x00\x1d\x00\
\x00\x01T\x03*\x00\x03\x00\x003\x133\x03\x1d\xda]\
\xdb\x03*\xfc\xd6\x00\x01\x00\x19\x00\xd4\x01\x86\x02k\x00\
\x0b\x00\x0075#5353\x153\x15#\x15\xa5\
\x8c\x8cP\x91\x91\xd4\xa3Q\xa3\xa3Q\xa3\x00\x00\x01\x00\
-\x01w\x01X\x01\xc8\x00\x03\x00\x00\x135!\x15-\
\x01+\x01wQQ\x00\x00\x01\x001\x01\x0d\x01N\x02\
+\x00\x0b\x00\x00\x13'7'7\x177\x17\x07\x17\x07\
'g6YY6XY6YY6Y\x01\x0d6\
YY6YY6YY6Y\x00\x00\x03\x00\x13\x00\
\xbb\x01H\x02\x84\x00\x03\x00\x07\x00\x0b\x00\x00\x135!\
\x15\x0753\x15\x0353\x15\x13\x015\xc6UUU\
\x01wQQ\xbcoo\x01Zoo\x00\x02\x006\x01\
\x1e\x01i\x02!\x00\x03\x00\x07\x00\x00\x135!\x15\x05\
5!\x156\x013\xfe\xcd\x013\x01\xd0QQ\xb2Q\
Q\x00\x03\x006\x00\xbb\x01i\x02\x87\x00\x03\x00\x07\x00\
\x0b\x00\x007\x133\x03\x035!\x15\x055!\x15h\
|]}\x8e\x013\xfe\xcd\x013\xbb\x01\xcc\xfe4\x01\
\x15QQ\xb2QQ\x00\x00\x01\x00:\x00\xd2\x01Y\x02\
o\x00\x06\x00\x00757'5\x05\x15:\xce\xce\x01\
\x1f\xd2kdbl\x99k\x00\x00\x01\x00\x1c\x00\xd2\x01\
;\x02o\x00\x06\x00\x00%%5%\x15\x07\x17\x01;\
\xfe\xe1\x01\x1f\xce\xce\xd2\x99k\x99lbd\x00\x02\x00\
:\x00\xb9\x01Y\x02\x8d\x00\x03\x00\x0a\x00\x0075!\
\x15%57'5\x05\x15:\x01\x1f\xfe\xe1\xce\xce\x01\
\x1f\xb9QQ7kdbl\x99k\x00\x02\x00\x1c\x00\
\xb9\x01;\x02\x8d\x00\x03\x00\x0a\x00\x0075!\x155\
%5%\x15\x07\x17\x1c\x01\x1f\xfe\xe1\x01\x1f\xce\xce\xb9\
QQ7\x99k\x99lbd\x00\x02\x00\x19\x00\xb9\x01\
\x86\x02z\x00\x03\x00\x0f\x00\x0075!\x15'5#\
5353\x153\x15#\x15\x19\x01m\xe1\x8c\x8cP\
\x91\x91\xb9QQ*\xa3Q\xa3\xa3Q\xa3\x00\xff\xff\x00\
#\x00\xfb\x01\x9c\x02@\x02&\x03#\x00Z\x00\x06\x03\
#\x00\xa4\x00\x01\x00#\x01W\x01\x9c\x01\xe6\x00\x17\x00\
\x00\x01\x22&&#\x22\x06\x07'>\x0232\x16\x16\
3267\x17\x0e\x02\x01(\x1952\x16\x0d)\x13\
&\x0e+-\x11\x1932\x16\x0f%\x14&\x0d)+\
\x01W\x1d\x1c\x17\x0f3\x0f\x22\x18\x1c\x1d\x18\x101\x0f\
$\x1a\x00\x00\x01\x00(\x017\x01h\x01\xf8\x00\x05\x00\
\x00\x015#5!\x15\x01\x18\xf0\x01@\x017pQ\
\xc1\x00\x01\x00\x22\x01\xe7\x01\x9a\x03*\x00\x06\x00\x00\x13\
\x133\x13#'\x07\x22\x86l\x86fVW\x01\xe7\x01\
C\xfe\xbd\xf3\xf3\x00\x03\x00(\x00\xdf\x01\x95\x02K\x00\
\x03\x00\x13\x00\x1f\x00\x007'\x01\x17\x03\x22&&5\
46632\x16\x16\x15\x14\x06\x06'2654\
&#\x22\x06\x15\x14\x16S+\x01B+\xb63N-\
-N33O,,O3&33&'22\
\xdf+\x01A+\xfe\xcd+L12K++K2\
1L+I6))66))6\x00\x00\x03\x00\
\x15\x00y\x02c\x01\xb1\x00\x17\x00#\x00/\x00\x007\
\x22&54632\x16\x1766\x17\x16\x16\x15\x14\
\x06\x07\x06&'\x06\x06'667&&'&\x06\
\x15\x14\x16%2654&\x07\x22\x06\x07\x16\x16\xa7\
IIII5I\x1f\x1dB2DJJD2B\
\x1d\x1fI7\x14,  ,\x14\x1c$$\x01P\x18\
##\x18\x10#  #yYCDX/# \
-\x02\x02ODCP\x02\x01,!#0[\x01\x1b\
%%\x1b\x01\x02&\x1d\x1d%\x09\x1e\x1b\x1b\x1e\x01\x15\
##\x15\x00\x01\x00\x0d\xffB\x01'\x034\x00\x1d\x00\
\x00\x17\x22&'5\x16\x163265\x11466\
32\x16\x17\x15&&#\x22\x06\x15\x11\x14\x06\x06R\
\x14\x1d\x14\x08\x17\x08 \x11\x1265\x14\x1d\x14\x09\x15\
\x09\x1f\x12\x125\xbe\x03\x02Q\x01\x04)!\x02\xb04\
K(\x03\x02P\x01\x04)!\xfdP5K(\x00\x00\
\x01\x00?\xffB\x01\xef\x03*\x00\x07\x00\x00\x17\x11!\
\x11#\x11#\x11?\x01\xb0l\xd9\xbe\x03\xe8\xfc\x18\x03\
\x97\xfci\x00\x01\x00\x1a\xffB\x01d\x03*\x00\x09\x00\
\x00\x17\x13\x03!\x15#\x13\x033\x15\x1a\xa2\xa2\x01H\
\xc9\x88\x8b\xce\xbe\x01\xf7\x01\xf1T\xfec\xfeZQ\x00\
\x01\xff\xfd\x00\x00\x01\xf2\x03*\x00\x08\x00\x003\x03#\
53\x13\x133\x03\xd7pj\xc2O{i\xae\x02\x03\
?\xfeZ\x02\x8e\xfc\xd6\x00\x01\x003\xffQ\x01\x81\x02\
B\x00\x15\x00\x00\x17\x113\x11\x14\x163267\x11\
3\x11#5\x06\x06\x07\x06\x06#\x153j\x12\x1c\x12\
'\x12kk\x12,\x19\x07\x12\x07\xaf\x02\xf1\xfeL\x1f\
#\x15\x0f\x01\xd2\xfd\xbe9\x13\x1c\x08\x02\x03\xac\x00\x00\
\x02\x00'\xff\xf4\x01\xbc\x034\x00)\x00<\x00\x00\x17\
\x22&&544776632\x16\x16\x17>\
\x0354&&'72\x1e\x03\x15\x14\x0e\x03\x07\x0e\
\x03'26677&&#\x22\x06\x06\x07\x07\x14\
\x14\x15\x14\x16\xd9/Q2\x01\x0f\x07ZJ\x225%\
\x0a\x01\x01\x01\x01:b=\x14!KI<$\x03\x04\
\x05\x06\x03\x08'8C\x1e\x1b)\x1b\x07\x18\x1f7\x17\
\x1c&\x15\x03\x10+\x0c'Q@\x08\x0e\x07\xb1P[\
\x14\x1a\x09\x06\x10\x10\x0e\x06FS)\x05E\x0d$B\
iM\x03%:FI\x22Wh4\x11O\x13<=\
\xdf\x13\x13\x18/#\xaf\x05\x0a\x05-7\x00\x00\x05\x00\
$\xff\xfb\x03W\x030\x00\x03\x00\x11\x00!\x00/\x00\
?\x00\x00!\x133\x03\x03\x22&554632\
\x16\x15\x15\x14\x06'266554&#\x22\x06\
\x15\x15\x14\x16\x16\x01\x22&554632\x16\x15\
\x15\x14\x06'266554&#\x22\x06\x15\x15\
\x14\x16\x16\x01!\xdf\x5c\xde\xbdSJHUUHI\
T\x1a\x19\x09\x15''\x14\x09\x19\x02\x12SIGU\
VGIT\x1a\x1a\x08\x15''\x14\x09\x19\x03+\xfc\
\xd5\x01|fV?Y`\x5cXGWbQ\x1d0\
\x1bG):;)G\x1b/\x1d\xfe.eW?X\
a]XFXaQ\x1d0\x1aH):;)G\
\x1b/\x1d\x00\x07\x00%\xff\xfb\x04\xc7\x030\x00\x03\x00\
\x11\x00!\x00/\x00?\x00M\x00\x5c\x00\x00!\x133\
\x03\x03\x22&554632\x16\x15\x15\x14\x06'\
266554&#\x22\x06\x15\x15\x14\x16\x16\x01\
\x22&554632\x16\x15\x15\x14\x06'26\
6554&#\x22\x06\x15\x15\x14\x16\x16\x05\x22&\
554632\x16\x15\x15\x14\x06'2665\
54&#\x22\x06\x15\x15\x14\x16\x01\x22\xdf\x5c\xde\xbd\
SJHUUHIT\x1a\x19\x09\x15''\x14\x09\
\x19\x02\x12SJHUVGIT\x1a\x19\x09\x15'\
'\x14\x09\x19\x01\x88SJHUVGIT\x1a\x19\
\x09\x15''\x14\x16\x03+\xfc\xd5\x01|fV?Y\
`\x5cXGWbQ\x1d0\x1bG):;)G\
\x1b/\x1d\xfe.eW?Xa]XFXaQ\
\x1d0\x1aH):;)G\x1b/\x1dQeW>\
Ya]XFXaQ\x1d/\x1bH):;)\
H(>\x00\x02\x00$\x00\x00\x01\xae\x02C\x00\x05\x00\
\x09\x00\x003\x03\x133\x13\x03'7'\x07\xd4\xb0\xa9\
1\xb0\xa9\x1aw{w\x01!\x01\x22\xfe\xde\xfe\xdfH\
\xd9\xd3\xd3\x00\x01\x00\xa7\x02\x81\x01\xae\x03\x09\x00\x0d\x00\
\x00\x01\x22&53\x16\x1632653\x14\x06\x01\
*H;>\x01\x1f%&\x1f?;\x02\x81N:$\
'(#:N\x00\x02\xfft\x02\xbb\x00\x8c\x03*\x00\
\x03\x00\x07\x00\x00\x1353\x15!53\x15 l\xfe\
\xe8l\x02\xbboooo\x00\x00\x01\xff\xca\x02\x9f\x00\
6\x03\x16\x00\x03\x00\x00\x0353\x156l\x02\x9fw\
w\x00\x01\xffx\x02r\x00\x1c\x038\x00\x03\x00\x00\x03\
'3\x17\x19ok9\x02r\xc6\xc6\x00\x01\xff\xe4\x02\
r\x00\x8a\x038\x00\x03\x00\x00\x0373\x07\x1c;k\
p\x02r\xc6\xc6\x00\x02\xff\xaa\x02\x80\x00\xce\x03+\x00\
\x03\x00\x07\x00\x00\x1373\x07#73\x07(:l\
o\xb5'XI\x02\x80\xab\xab\xab\xab\x00\x01\xff\xff\x02\
\x1b\x00n\x03\x11\x00\x0a\x00\x00\x13'665#5\
3\x15\x14\x06\x10\x11\x1b\x1f9n.\x02\x1b.\x09-\
\x1fsq5?\x00\x01\xffs\x02{\x00\x8d\x03*\x00\
\x06\x00\x00\x0373\x17#'\x07\x8dVmWQ=\
<\x02{\xaf\xafyy\x00\x01\xfft\x02}\x00\x8c\x03\
*\x00\x06\x00\x00\x03'3\x1773\x075WR:\
:RX\x02}\xaduu\xad\x00\x01\xff|\x02\x81\x00\
\x83\x03\x09\x00\x0d\x00\x00\x03\x22&53\x16\x1632\
653\x14\x06\x01H;>\x01\x1f%&\x1f?;\
\x02\x81N:$'(#:N\x00\x00\x02\xff\x90\x02\
T\x00p\x033\x00\x0b\x00\x17\x00\x00\x11\x22&54\
632\x16\x15\x14\x06'2654&#\x22\x06\
\x15\x14\x162>>22>>2\x1a  \x1a\x1b\
\x1f\x1f\x02T=33<<33=6\x1f\x1b\x1c\
\x1e\x1e\x1c\x1b\x1f\x00\x01\xffj\x02\xbc\x00\x96\x030\x00\
\x17\x00\x00\x13\x22&&#\x22\x06\x15#4663\
2\x16\x1632653\x14\x06\x06L\x1c+&\x16\
\x11\x11=\x0f#\x1e\x19)(\x15\x11\x10<\x0c \x02\
\xbc\x19\x18\x12\x17\x1e1\x1d\x18\x18\x12\x18\x1e2\x1e\x00\
\x01\xff\xa0\x02\xad\x00`\x02\xee\x00\x03\x00\x00\x0353\
\x15`\xc0\x02\xadAA\x00\x01\xff\xb0\x02|\x00p\x03\
>\x00\x14\x00\x00\x13'6654&#\x22\x06\x07\
5632\x16\x16\x15\x14\x06\x06\x01\x22\x1d$#\x1a\
\x0c\x1a\x0d'*\x1f2\x1e\x1d2\x02|(\x0d\x1a\x13\
\x15\x12\x03\x046\x0a\x12'\x1e\x1d(\x1b\x00\x00\x02\xff\
;\x02\x80\x00a\x03*\x00\x03\x00\x07\x00\x00\x03'3\
\x173'3\x17Upl:JJX(\x02\x80\xaa\
\xaa\xaa\xaa\x00\x01\xff|\x02\x95\x00\x84\x03*\x00\x0f\x00\
\x00\x03>\x0232\x16\x16\x15#4&#\x22\x06\x07\
\x84\x01\x159559\x16?\x1f&%\x1f\x01\x02\x95\
*C((C*0()/\x00\x00\x01\xff\xca\x02\
\x80\x007\x03`\x00\x0a\x00\x00\x13\x17\x06\x06\x153\x15\
#546\x1c\x1b\x1f\x197l\x1e\x03`5\x02\x1f\
\x1dmg5B\x00\x01\xff\xf6\x02\x0a\x00\x89\x02\x8c\x00\
\x09\x00\x00\x03532653\x14\x06#\x0a\x0a\x1e\
\x18SFA\x02\x0a8%%AA\x00\x01\xff\xca\xff\
P\x006\xff\xc1\x00\x03\x00\x00\x0753\x156l\xb0\
qq\x00\xff\xff\xfft\xffR\x00\x8c\xff\xc1\x02\x07\x03\
2\x00\x00\xfc\x97\x00\x01\xff\xc9\xfe\xe1\x006\xff\xc1\x00\
\x0a\x00\x00\x03'665#53\x15\x14\x06\x1c\x1b\
\x1f\x197l\x1e\xfe\xe15\x02\x1f\x1dmg5B\x00\
\x01\xff\xca\xff\x15\x00\x8a\x00\x00\x00\x17\x00\x00\x17\x22&\
'5\x16\x1632654&&'53\x152\
\x16\x15\x14\x06\x06\x0d\x10\x22\x11\x0d\x1a\x0c\x1a#\x14&\
\x1b62=!9\xeb\x06\x046\x04\x03\x12\x15\x12\x15\
\x0d\x04S8.( )\x14\x00\x01\xffw\xff\x19\x00\
8\x00\x00\x00\x17\x00\x00\x17\x22.\x0254667\
3\x0e\x02\x15\x14\x163267\x07\x06\x06\x02\x1b2\
'\x17\x223\x1a6\x12'\x1b4\x1c\x08\x11\x07\x12\x08\
\x14\xe7\x06\x12\x22\x1c!<,\x08\x10+/\x17\x1f\x11\
\x01\x015\x01\x02\xff\xff\xff|\xff\x13\x00\x83\xff\x9b\x02\
\x07\x03:\x00\x00\xfc\x92\xff\xff\xff\xa0\xff@\x00`\xff\
\x81\x02\x07\x03=\x00\x00\xfc\x93\x00\x01\xff\xa0\x01E\x00\
`\x01\x86\x00\x03\x00\x00\x0353\x15`\xc0\x01EA\
A\x00\x02\xff|\x02n\x00\x83\x03\x9d\x00\x03\x00\x11\x00\
\x00\x0373\x07\x07\x22&53\x16\x163265\
3\x14\x064@kk\x0dH;>\x01\x1f%&\x1f\
?;\x03'vv\xb9N:$'(#:N\x00\
\x02\xff|\x02n\x00\x83\x03\x9d\x00\x03\x00\x11\x00\x00\x03\
'3\x17\x07\x22&53\x16\x1632653\x14\
\x06\x12kk@/H;>\x01\x1f%&\x1f?;\
\x03'vv\xb9N:$'(#:N\x00\x02\xff\
|\x02\x81\x00\x83\x03\xcc\x00\x13\x00!\x00\x00\x13'6\
654&#\x22\x06\x0756632\x16\x15\x14\
\x06\x07\x22&53\x16\x1632653\x14\x06\x03\
\x22\x16\x1a\x1d\x14\x0a\x19\x0b\x12$\x13+;5-H\
;>\x01\x1f%&\x1f?;\x03\x0a(\x0d\x1a\x13\x15\
\x12\x03\x046\x05\x05*-(2\x9aN:$'(\
#:N\xff\xff\xffj\x02\x81\x00\x96\x03\xae\x02&\x03\
:\x00\x00\x00\x06\x03<\x00~\x00\x02\xffs\x02{\x01\
\x11\x03V\x00\x06\x00\x0a\x00\x00\x0373\x17#'\x07\
773\x07\x8dVmWQ=<\xbc5]P\x02\
{\x9b\x9beehss\x00\x00\x02\xffs\x02{\x00\
\xda\x03V\x00\x06\x00\x0a\x00\x00\x0373\x17#'\x07\
7'3\x17\x8dVmWQ=<\xd5P]5\x02\
{\x9b\x9beehss\x00\x00\x02\xffs\x02{\x00\
\xf5\x03\x8f\x00\x13\x00\x1a\x00\x00\x13'6654&\
#\x22\x06\x0756632\x16\x15\x14\x06\x0573\
\x17#'\x07\x97\x22\x16\x1a\x1d\x14\x0a\x19\x0b\x12$\x13\
+;5\xfe\xb3VmWQ=<\x02\xcd(\x0d\x1a\
\x13\x15\x12\x03\x046\x05\x05*-,.c\x9b\x9be\
e\xff\xff\xffj\x02{\x00\x96\x03\xb8\x02&\x03S\x00\
\x00\x00\x07\x03<\x00\x00\x00\x88\x00\x01\xffs\x02{\x00\
\x8d\x03\x16\x00\x06\x00\x00\x0373\x17#'\x07\x8dV\
mWQ=<\x02{\x9b\x9bee\x00\x01\xff\xec\x02\
\x0a\x00\x89\x02\x8c\x00\x09\x00\x00\x03532653\
\x14\x06#\x14\x14\x1e\x18SFA\x02\x0a8%%A\
A\x00\x02\x00<\x02\xbb\x01S\x03*\x00\x03\x00\x07\x00\
\x00\x1353\x15!53\x15\xe7l\xfe\xe9k\x02\xbb\
oooo\x00\x00\x01\x00 \x02\x8d\x00\x8d\x02\xfd\x00\
\x03\x00\x00\x1353\x15 m\x02\x8dpp\x00\x01\x00\
9\x02d\x00\xdd\x03*\x00\x03\x00\x00\x13'3\x17\xa7\
nk9\x02d\xc6\xc6\x00\x01\x008\x02d\x00\xde\x03\
*\x00\x03\x00\x00\x1373\x078;kp\x02d\xc6\
\xc6\xff\xff\x006\x02\x80\x01Z\x03+\x00\x07\x036\x00\
\x8c\x00\x00\x00\x01\x00\x1f\x02n\x019\x03*\x00\x06\x00\
\x00\x1373\x17#'\x07\x1fVmWQ=<\x02\
n\xbc\xbc\x86\x86\xff\xff\x00.\x02\xe9\x00\xee\x03*\x02\
\x06\x03`\x00\x00\x00\x01\x00\x1e\x02}\x014\x03*\x00\
\x06\x00\x00\x13'3\x1773\x07tVQ::Q\
W\x02}\xaduu\xad\x00\x01\x00+\x02\x95\x012\x03\
*\x00\x0f\x00\x00\x13\x22&&53\x16\x16326\
53\x14\x06\x06\xae59\x15>\x01\x1f%&\x1f?\
\x159\x02\x95(C*0()/*C(\x00\x00\
\x02\x00!\x02T\x01\x00\x033\x00\x0b\x00\x17\x00\x00\x13\
\x22&54632\x16\x15\x14\x06'2654\
&#\x22\x06\x15\x14\x16\x912>>22==2\
\x1a\x1f\x1f\x1a\x1b\x1f\x1f\x02T=33<<33\
=6\x1f\x1b\x1c\x1e\x1e\x1c\x1b\x1f\x00\x00\x01\x00>\x02\
\xbc\x01i\x031\x00\x18\x00\x00\x01\x22&&#&\x06\
\x15#4>\x02\x172\x16\x16\x172653\x14\x06\
\x06\x01\x16\x180*\x10\x0d\x0c=\x08\x14!\x19\x182\
+\x0d\x0c\x0b<\x0e$\x02\xbc\x18\x19\x01\x13\x17\x17'\
\x1e\x11\x01\x18\x17\x01\x12\x18\x1e2\x1e\x00\x01\x00.\x02\
\xe9\x00\xee\x03*\x00\x03\x00\x00\x1353\x15.\xc0\x02\
\xe9AA\xff\xff\x00P\xff\x15\x01\x10\x00\x00\x00\x07\x03\
F\x00\x86\x00\x00\xff\xff\x00P\xff\x19\x01\x11\x00\x00\x00\
\x07\x03G\x00\xd9\x00\x00\xff\xff\x00\x14\x022\x00u\x03\
*\x00\x06\x02\xe7\x00\x00\xff\xff\x00\x1e\x02C\x00\x94\x03\
K\x00\x06\x02\xe0\x00\x00\x00\x01\x00\x00\x00\x01\x00\x02\x00\
\x00\x06\xe0\x03e\x00\x00\x00\x00\x06\xe4\x00\x00\x00\x0e\x00\
-\x00;\x00I\x00W\x00f\x00t\x00\x82\x00\x94\x00\
\xa3\x00\xb2\x00\xc0\x00\xcf\x00\xdd\x00\xeb\x00\xfd\x01\x0b\x01\
\x19\x01'\x015\x01C\x01Q\x01_\x01m\x01{\x01\
\x8b\x01\x99\x01\xc9\x01\xd7\x025\x02C\x02\xa0\x02\xae\x02\
\xbd\x02\xcb\x02\xda\x02\xe8\x03\x22\x030\x03@\x03O\x03\
\x9b\x03\xa9\x03\xb7\x03\xc7\x04\x13\x04-\x04;\x04I\x04\
X\x04g\x04u\x04\x84\x04\x92\x04\xa0\x04\xb2\x04\xc0\x04\
\xce\x04\xdc\x04\xea\x04\xf8\x05\x06\x05\x14\x05\x22\x050\x05\
>\x05\x9f\x05\xfa\x06\x09\x06 \x06.\x06\x91\x06\x9f\x06\
\xad\x06\xbc\x06\xcb\x06\xda\x06\xe8\x07S\x07m\x07\x97\x07\
\xa6\x07\xb5\x07\xc5\x07\xd3\x07\xe1\x07\xef\x07\xfe\x08\x0c\x08\
\x1a\x08(\x086\x08D\x08R\x08`\x08n\x08|\x08\
\x8a\x08\xb3\x08\xc2\x08\xe4\x08\xf3\x09\x02\x09\x14\x09\x22\x09\
0\x09?\x09N\x09\x5c\x09j\x09\x92\x09\xb4\x09\xc2\x09\
\xe0\x09\xee\x09\xfc\x0a\x0b\x0a\x1a\x0a(\x0a6\x0ak\x0a\
\xc0\x0a\xce\x0a\xdc\x0a\xeb\x0a\xf9\x0b\x08\x0b\x16\x0b$\x0b\
6\x0bD\x0bR\x0ba\x0bs\x0b\x81\x0b\x8f\x0b\x9d\x0b\
\xab\x0b\xba\x0b\xc9\x0b\xd8\x0b\xe7\x0b\xf6\x0c\x04\x0c\x12\x0c\
 \x0c.\x0c\x8b\x0c\x99\x0c\xa7\x0c\xb9\x0d\x04\x0d>\x0d\
L\x0d\x89\x0d\xf6\x0e4\x0eB\x0eQ\x0e`\x0en\x0e\
|\x0e\xe5\x0e\xf3\x0f\x02\x0f\x10\x0f\x1f\x0f.\x0f<\x0f\
\x8d\x0f\xa2\x0f\xbc\x0f\xcb\x0f\xd9\x0f\xe8\x0f\xf6\x10/\x10\
=\x10K\x10Z\x10i\x10w\x10\x85\x10\x93\x10\xa1\x10\
\xaf\x10\xbd\x10\xcc\x10\xdb\x10\xea\x10\xf9\x11\x08\x11\x16\x11\
$\x112\x11@\x11N\x11\x5c\x11r\x11\x94\x11\xa2\x11\
\xb1\x11\xbf\x11\xcd\x11\xf1\x12\x0f\x12\x1d\x12,\x12:\x12\
H\x12V\x12d\x12r\x12\x80\x12\x9a\x12\xa8\x12\xb7\x12\
\xc5\x138\x13F\x13T\x13b\x13q\x13\x7f\x13\x8d\x13\
\x9f\x13\xae\x13\xbd\x13\xcb\x13\xda\x13\xe8\x13\xf6\x14\x08\x14\
\x16\x14$\x142\x14@\x14N\x14\x5c\x14j\x14x\x14\
\x86\x14\x96\x14\xa4\x15Z\x15h\x15\xbd\x15\xcb\x16&\x16\
4\x16C\x16Q\x16`\x16n\x16\xbd\x16\xcc\x17-\x17\
;\x17I\x17Y\x17\xd8\x187\x18E\x18S\x18b\x18\
q\x18\x7f\x18\x8e\x18\x9c\x18\xaa\x18\xbc\x18\xca\x18\xd8\x18\
\xe6\x18\xf4\x19\x02\x19\x10\x19\x1e\x19,\x19:\x19H\x19\
\xa6\x1a\x00\x1a\x0f\x1aM\x1a]\x1b \x1b.\x1b<\x1b\
K\x1bZ\x1c3\x1cA\x1d\x0f\x1dB\x1d\x87\x1d\x96\x1d\
\xa5\x1d\xba\x1d\xca\x1d\xd8\x1d\xe6\x1d\xf5\x1e\x03\x1e\x11\x1e\
\x1f\x1e-\x1e;\x1eI\x1eW\x1ee\x1es\x1e\x81\x1e\
\x8f\x1e\xc6\x1e\xf5\x1f\x04\x1f)\x1f8\x1fG\x1fi\x1f\
y\x1f\x87\x1f\x96\x1f\xa5\x1f\xb3\x1f\xc1\x1f\xe5 ; \
I } \x8b \x9b \xaa \xb9 \xc7 \xd5!\
\x1b!p!~!\x8c!\x9b!\xa9!\xb8!\xc6!\
\xd4!\xe6!\xf4\x22\x02\x22\x11\x22#\x221\x22?\x22\
M\x22[\x22k\x22z\x22\x8a\x22\x9a\x22\xaa\x22\xb8\x22\
\xc6\x22\xd4\x22\xe2#?#M#[#m$\x0a$\
_$m$\xc2%\x12%?%M%\x5c%k%\
y%\x87%\xec%\xfa&\x09&\x17&&&5&\
C&\xa8&\xde'\x1d'c'q'\x7f'\x8e'\
\x9c'\xd1'\xdf'\xed'\xfc(\x0b(\x19('(\
5(C(Q(_(n(}(\x8c(\x9b(\
\xaa(\xb8(\xc6(\xd4(\xe2(\xf0(\xfe)\x14)\
6)D)S)a)o)\x93)\xc6)\xd4)\
\xe3)\xf1)\xff*\x0d*\x1b*)*7*Q*\
_*n*|*\x8a*\xfd+\x0b+|+\x8a+\
\xd3,\x1b,y,\xc9,\xd5-\x13-\x1f-4-\
B-W-{-\x93-\xe9...:.H.\
V.\x90/\x17/3/A/O/\x91/\xb4/\
\xc2/\xf70\x030\x0f0\x1b0/0;0G0\
S0\x960\xa3191E1y1\x961\xaf1\
\xd11\xf22,2j2\xab3\x053Q3]3\
\xc24'474E4n4\xad5\x135S5\
\xac5\xef6*666e6\xb17A7r7\
\x9f7\xcb7\xf88\x1e8?8\x9a8\xba9P9\
\xb59\xd69\xe2:\x08:;:\x5c:\xa0:\xdd;\
\x11;U;\xd7<s<\x7f<\x8d<\xde=\x1b=\
Z=\x82=\xc7=\xf2>\x00>\x0e>\x1a>(>\
4>B>P>^>j>x>\x86>\x94>\
\xf1>\xff?\x0d?\x18?%?0?>?L?\
\x85?\xd8@\x04@\x8a@\xe3@\xefA2AvA\
\xb3A\xf6B\x02ByB\xceB\xe0B\xeeC\x03C\
\x22C:C\x8fC\xcfC\xdbC\xe9C\xf7D/D\
\x99D\xb5D\xc3D\xd1E\x13E7EEEuE\
\x97E\xb1E\xbdE\xd1E\xddE\xe9E\xfeF\x0aF\
\x18F\x93F\x9fF\xd3F\xf3G\x0cG3GRG\
\x9bG\xe8H,H\x8eH\xeeH\xfaI]I\xbdI\
\xc9I\xd7I\xe3J#J\x8aJ\xd6K.K\x7fK\
\xbaK\xc6K\xf4L4L\xa6L\xd3L\xfdM*M\
WMxM\x9aM\xbbN\x12N\xa4O\x07O$O\
COjO\x97O\xbbO\xf9P9PEP\x81P\
\xfaQ\x8dQ\x9dQ\xabQ\xf4R-RhR\x91R\
\xcfR\xfaS\x08S\x16S\x22S0S<SJS\
XSfSrS\x80S\x8eS\x9cS\xf9T\x07T\
\x15T#T1T?TMT[T\x9aT\xe7U\
\x13U}U\xc7U\xd3V$V\x83V\xbcV\xd0W\
\x02WVW~W\xc7XLXlX\xc5Y<Y\
UY\xddZRZbZrZ\x82Z\x93Z\xaaZ\
\xed[I[n[z[\x86[\x92[\xad[\xc8[\
\xd8[\xfb\x5c\x11\x5c<\x5cV\x5cr\x5c\x8f\x5c\xde]\
/]@]l]\x97]\xe3]\xf3^\x03^\x14^\
%^7^I^U^f^\xa3^\xe0_=_\
\x9a_\xb0_\xc6_\xd4_\xe5_\xf3`\x01`%`\
L`u`\x9e`\xb9`\xd4`\xf1a\x06a_a\
mb0b\xcdb\xf5c\x96d0d\xa9d\xd6e\
\x1be-eJe[eqe\x8be\xedf\x11f\
\x11fof{f\xe8gOg\xbcg\xf0hgh\
gh\xe4i\x00isi\xebj\x0cj]j\x97j\
\xd3k\x22k3k\x8ek\xd0l-l\x81l\x9cl\
\xc8m\x03m3mDmhmxm\x97m\xa8m\
\xcdm\xe7m\xfdn\x22n=nXn{n\x9en\
\xc3n\xd2o\x0fo\x22o=o\x7fo\xebp0p\
Dpdp\x80p\xb7q>q\xder\xd4r\xf4s\
\x1bs.s<sNs`s{s\x9cs\xb8s\
\xd4s\xfbt5tot}t\xb1t\xcct\xf6u\
\x17u.u<uGuhu\xa3u\xdeu\xe9u\
\xf4v\x02v1v`v\xafv\xbbv\xdcv\xfdw\
>wJwcwzw\x90w\xa1w\xb6w\xcbw\
\xd8w\xf3w\xffx\x1axGx\x83x\xc1x\xd2x\
\xdfx\xecx\xf8y\x04@\x00\xc0\x00\x80\x02\x00\x0c\x00\
\x05\x00\x01\x00\x05\x00\x00\x03\x02\x00\x04\x05\x02\xe2\xe2\xc4\
\x82\x02\xf8\xf8\xf1\x82\x00\x80\x02\x00\x0c\x00\x18\x00\x01\x00\
\x18\x00\x00\x00\x0c\x0d\x0b\xdd\xdb\x0f\x0a\xdd\xd9\xd6\x12\xf4\
\x00\xe8\x81\x84\x05\x14\x14\x00\xeb\xeb^\x83\x0c\x02\xefN\
8\xfe\x086A7\x06\x1f\x00;\x81\x84\x05\xdf\xdf\x00\
\xf9\xf9\xc8\x83\x00\x80\x02\x00\x0c\x00\x07\x00\x01\x00\x07\x00\
\x00\x00\x80\x02\xf4\x00\xe8\x81\x85\x80\x02\x1e\x00;\x81\x85\
\x00\x80\x02\x00\x0c\x00\x07\x00\x01\x00\x07\x00\x00\x00\x80\x02\
\xf3\x00\xe8\x81\x85\x80\x02\x1d\x00;\x81\x85\x00\x80\x02\x00\
\x0c\x00\x07\x00\x01\x00\x07\x00\x00\x00\x80\x02\xf3\x00\xe8\x81\
\x85\x80\x02\x1d\x00;\x81\x85\x00\x80\x02\x00\x0c\x00\x08\x00\
\x01\x00\x08\x00\x00\x00\x80\x03\xf4\xf3\x00\xe8\x81\x86\x80\x03\
\x1d\x1d\x00;\x81\x86\x00\x80\x02\x00\x0c\x00\x07\x00\x01\x00\
\x07\x00\x00\x00\x80\x02\xf3\x00\xe8\x81\x85\x80\x02\x1d\x00;\
\x81\x85\x00\x80\x02\x00\x0c\x00\x07\x00\x01\x00\x07\x00\x00\x00\
\x80\x02\xf3\x00\xe8\x81\x85\x80\x02\x1d\x00;\x81\x85\x00\x80\
\x02\x00\x0c\x00\x0b\x00\x01\x00\x0b\x00\x00\x00\x80\x03\xf4\xf4\
\x00\xe8\x81\x81\x00\xed\x83\x80\x03\x1e\x1e\x00;\x81\x81\x00\
;\x83\x00\x80\x02\x00\x0c\x00\x09\x00\x01\x00\x07\x00\x00\x00\
\x80@\xff^\x80\x00\xe8\x81\x85\x80\x02\x1e\x00;\x81\x85\
\x00\x80\x02\x00\x0c\x00\x09\x00\x01\x00\x07\x00\x00\x00\x80@\
\xff^\x80\x00\xe8\x81\x85\x80\x02\x1e\x00;\x81\x85\x00\x80\
\x02\x00\x0c\x00\x07\x00\x01\x00\x07\x00\x00\x00\x80\x02\xf4\x00\
\xe8\x81\x85\x80\x02\x1e\x00;\x81\x85\x00\x80\x02\x00\x0c\x00\
\x08\x00\x01\x00\x08\x00\x00\x00\x80\x03\xf4\xf4\x00\xe8\x81\x86\
\x80\x03\x1e\x1d\x00;\x81\x86\x00\x80\x02\x00\x0c\x00\x07\x00\
\x01\x00\x07\x00\x00\x00\x80\x02\xf4\x00\xe8\x81\x85\x80\x02\x1e\
\x00;\x81\x85\x00\x80\x02\x00\x0c\x00\x07\x00\x01\x00\x07\x00\
\x00\x00\x80\x02\xf4\x00\xe8\x81\x85\x80\x02\x1e\x00;\x81\x85\
\x00\x80\x02\x00\x0c\x00\x0b\x00\x01\x00\x0b\x00\x00\x00\x80\x03\
\xf4\xf4\x00\xe8\x81\x81\x00\xfd\x83\x80\x03\x1e\x1e\x00;\x81\
\x81\x00=\x83\x00\x80\x02\x00\x0c\x00\x07\x00\x01\x00\x07\x00\
\x00\x00\x80\x02\xf4\x00\xe8\x81\x85\x80\x02\x1e\x00;\x81\x85\
\x00\x80\x02\x00\x0c\x00\x07\x00\x01\x00\x07\x00\x00\x00\x80\x02\
\xf5\x00\xe8\x81\x85\x80\x02\x1e\x00;\x81\x85\x00\x80\x02\x00\
\x0c\x00\x07\x00\x01\x00\x07\x00\x00\x00\x80\x02\xf4\x00\xe8\x81\
\x85\x80\x02\x1d\x00;\x81\x85\x00\x80\x02\x00\x0c\x00\x07\x00\
\x01\x00\x07\x00\x00\x00\x80\x02\xf4\x00\xe8\x81\x85\x80\x02\x1e\
\x00;\x81\x85\x00\x80\x02\x00\x0c\x00\x07\x00\x01\x00\x07\x00\
\x00\x00\x80\x02\xf4\x00\xe8\x81\x85\x80\x02\x1e\x00;\x81\x85\
\x00\x80\x02\x00\x0c\x00\x07\x00\x01\x00\x07\x00\x00\x00\x80\x02\
\xf4\x00\xe8\x81\x85\x80\x02\x1e\x00;\x81\x85\x00\x80\x02\x00\
\x0c\x00\x07\x00\x01\x00\x07\x00\x00\x00\x80\x02\xf4\x00\xe8\x81\
\x85\x80\x02\x1e\x00;\x81\x85\x00\x80\x02\x00\x0c\x00\x07\x00\
\x01\x00\x07\x00\x00\x00\x80\x02\xed\x00\xe8\x81\x85\x80\x02\x18\
\x00;\x81\x85\x00\x80\x02\x00\x0c\x00\x07\x00\x01\x00\x07\x00\
\x00\x00\x80\x02\xf4\x00\xe8\x81\x85\x80\x02\x1e\x00;\x81\x85\
\x00\x80\x02\x00\x0c\x00\x08\x00\x01\x00\x0b\x00\x00\x00\x80\x03\
\xf4\xf4\x00\xe8\x81\x86\x80\x03\x1e\x1e\x00;\x81\x81\x00\x02\
\x83\x80\x02\x00\x0c\x00\x07\x00\x01\x00\x07\x00\x00\x00\x80\x02\
\xf4\x00\xe8\x81\x85\x80\x02\x1e\x00;\x81\x85\x00\x80\x02\x00\
\x0c\x00\x1b\x00\x01\x00* \x00\x0d\x0c\x00\x01\x02\x02\x02\
\x02\x02\x02\x01\x01\x01\x02\x02\x0c$\x09\xf7\xe4\xf1\xe4\xf7\
\x17\xf5\xf8\xe7\x16\xfa\x81\x0a\x22\xf1\x16\xdd\x00\x13\x13\x00\
\xeez\x00\x00\x14&2TTww\x5c\x5cwwT\
TJJ\x5cmbJJ\x00I\x81\x82\x07\xd8\xd8\x1c\
\x1c\xef\xef((\x81\x01\xe0\xe0\x82\x00\xc4\x83\x80\x02\x00\
\x0c\x00\x07\x00\x01\x00\x07\x00\x00\x00\x80\x02\xfd\x00\xfa\x81\
\x85\x80\x02`\x00I\x81\x85\x00\x80\x02\x00\x0c\x00W\x00\
\x01\x00W\x00\x00\x00+\x0c\x0c\xf9\xfa\xf2\xe5\xdc\xdc\xdc\
\xe6\xf1\xf1\xef\xe4\xd8\xd8\xd8\xe3\xf0\xf8\xf3\xd1\x07\x0b\x0f\
\x0f\x0f\x13\x17\x18\xd1\xd1\x17\x14\x0e\x0b\x0b\x0b\x17 \x1a\
\xd1\x00\xdc\x81\x83\x0e\xf9\xf3\xf7\x01\x13\x13\x05\x01\xfe\xef\
\xef\x05\x0b\x0d\x06\x81\x14\xda\xda\xda\xf1\x04\x02\x0d\x1a\x1a\
\x1a\xef\xef\xef\xfe\x07\x01\xf6\x0c(((\x83+\xfd\xfd\
\x16\x13\x1f1@@@<:=;?CCC:\
/#\x1e?\x19\x08\x02\x02\x02\x09\x16!??\x1f\x18\
\x0c\x05\x05\x05\x10+C?\x00@\x81\x83\x0e\x08\x0d\x07\
\xf7\xf8\xfe\x00\xff\x04\x08\x09\x09\xfe\xf9\xfb\x81\x14,,\
,!\x0c\x07\xf8\xee\xee\xee\x0e\x0e\x0e\x0c\x00\xf2\xda\xd3\
\xdc\xdc\xdc\x83\x00\x80\x02\x00\x0c\x00\x07\x00\x01\x00\x07\x00\
\x00\x00\x80\x02\xee\x00\xdc\x81\x85\x80\x02!\x00@\x81\x85\
\x00\x80\x02\x00\x0c\x00V\x00\x01\x00V\x00\x00\x00)\xf5\
\xfb\x05\x0a\x0a\x0a\x0a\x07\xfe\xf5\xf0\xe7\xe2\xe2\xe2\x19\x19\
\x19\x0c\xfa\xf4\xea\xd8\xcf\xcf\xcf\xcf\xd3\xe3\xf4\xfc\x0e\x19\
\x19\x19\xe2\xe2\xe2\xe6\xee\x00\xe6\x81'\xfe\xfe\xf8\xed\xe5\
\x1f\x13\x06\x02\x02\x02\x02\x03\x07\x1e\x1e\x0e\x1b'--\
-&\x1b\x14\xef\xf0\xe2\xd2\xd2\xd2\xd7\xe2\xe9\xde\xde\xf2\
\xf7\xfc\xfe\x83)\x1a\x14\x08\x01\x01\x01\x01\x08\x14\x1a(\
4777\xf3\xf3\xf3\xf7\x07\x19->DDDD\
9&\x19\x07\xf7\xf3\xf3\xf37772%\x000\x81\
'\xfd\xfd\xf8\xf7\xfe\x04\x06\x05\x04\x04\x04\x01\xff\x03\xfd\
\xfd\x15\x00\xe7\xde\xde\xde\xe9\x07 \xe4\x06 ###\
\x17\xfd\xe5\xfe\xfe\xf4\xf9\xfd\xfd\x83\x00\x80\x02\x00\x0c\x00\
\x07\x00\x01\x00\x07\x00\x00\x00\x80\x02\xf3\x00\xe6\x81\x85\x80\
\x02 \x000\x81\x85\x00\x80\x02\x00\x0c\x00\x09\x00\x01\x00\
\x07\x00\x00\x00\x80@\xff]\x80\x00\xe6\x81\x85\x80\x02 \
\x000\x81\x85\x00\x80\x02\x00\x0c\x00\x07\x00\x01\x00\x07\x00\
\x00\x00\x80\x02\xf3\x00\xe6\x81\x85\x80\x02\x18\x000\x81\x85\
\x00\x80\x02\x00\x0c\x00\x09\x00\x01\x00\x07\x00\x00\x00\x80@\
\xff]\x80\x00\xe6\x81\x85\x80\x02 \x000\x81\x85\x00\x80\
\x02\x00\x0c\x00\x07\x00\x01\x00\x07\x00\x00\x00\x80\x02\xf3\x00\
\xe6\x81\x85\x80\x02 \x000\x81\x85\x00\x80\x02\x00\x0c\x00\
3\x00\x01\x003\x00\x00\x00\x19\x0c\x0c\x0d\x04\xf5\xec\xec\
\xec\xec\xf5\x03\x09\xd1\x0e\x12\x1e''''\x1f\x13\x0f\
\xd1\x00\xf6\x81\x83\x05\xf9\xfd\x0e\xe8\xf9\x02\x81\x0b\xda\xda\
\xda\xe2\xe3\xd9\x18\x14\x1d(((\x83\x19\xfd\xfd\x1a*\
7::::7'\x13?\x1b\x06\xf6\xf4\xf4\xf4\xf4\
\xf9\x0b\x1d?\x00;\x81\x83\x05\x02\xff\xf7\xfb\xf6\xf9\x81\
\x0b+++\x13\xe7\xca$\x09\xe7\xd7\xd7\xd7\x83\x00\x80\
\x02\x00\x0c\x00\x07\x00\x01\x00\x07\x00\x00\x00\x80\x02\xf9\x00\
\xe9\x81\x85\x80\x026\x00F\x81\x85\x00\x80\x02\x00\x0c\x00\
\x0b\x00\x01\x00\x08\x00\x00\x00\x80\x00\xf9@\xff]\x80\x00\
\xe9\x81\x86\x80\x0364\x00F\x81\x86\x80\x02\x00\x0c\x00\
\x09\x00\x01\x00\x07\x00\x00\x00\x80@\xffe\x80\x00\xf6\x81\
\x85\x80\x02\x1d\x00;\x81\x85\x00\x80\x02\x00\x0c\x00E\x00\
\x01\x00E\x00\x00\x00!\x0a\x0a\xf9\xf9\x0a\x0a\x0b\x02\xf4\
\xec\xec\xec\xec\xf4\x01\x08\xcf\x0d\x11\x1d&&&&\x1e\
\x12\x0d\xcf\xcf\xf1\xf1\xcf\x00\xf5\x81\x80\x03\x14\x14\xf8\xf8\
\x82\x05\xf9\xfd\x0e\xe8\xf9\x02\x81\x0f\xda\xda\xda\xe2\xe3\xd9\
\x18\x14\x1d(((\xf8\xf8\x14\x14\x83!\xff\xff\xfc\xfc\
\xff\xff\x1b,:====9)\x16<!\x0c\xfc\
\xfb\xfb\xfb\xfb\x00\x11$<<11<\x00<\x81\x80\
\x03\xf2\xf2\x03\x03\x82\x05\x02\xff\xf7\xfb\xf6\xf9\x81\x0f+\
++\x13\xe7\xca$\x09\xe7\xd7\xd7\xd7\x03\x03\xf2\xf2\x83\
\x00\x80\x02\x00\x0c\x00\x07\x00\x01\x00\x07\x00\x00\x00\x80\x02\
\xfb\x00\xf6\x81\x85\x80\x02\x1d\x00;\x81\x85\x00\x80\x02\x00\
\x0c\x00\x07\x00\x01\x00\x07\x00\x00\x00\x80\x02\xf6\x00\xe0\x81\
\x85\x80\x02;\x00h\x81\x85\x00\x80\x02\x00\x0c\x00\x0b\x00\
\x01\x00\x08\x00\x00\x00\x80\x00\xf6@\xffT\x80\x00\xe0\x81\
\x86\x80\x03;G\x00h\x81\x86\x80\x02\x00\x0c\x00E\x00\
\x01\x00E\x00\x00\x00!\x0c\x0c\xfb\xfb\x0c\x0c\x0d\x04\xf5\
\xec\xec\xec\xec\xf5\x03\x09\xd1\x0e\x12\x1e''''\x1f\
\x13\x0f\xd1\xd1\xf2\xf2\xd1\x00+\x81\x80\x03\x14\x14\xf8\xf8\
\x82\x05\xf9\xfd\x0e\xe8\xf9\x02\x81\x0f\xda\xda\xda\xe2\xe3\xd9\
\x18\x14\x1d(((\xf8\xf8\x14\x14\x83!\xf4\xf4\xf9\xf9\
\xf4\xf4\x12\x22/2222/\x1f\x0b7\x13\xfe\xee\
\xed\xed\xed\xed\xf2\x04\x1677##7\x00-\x81\x80\
\x03\xee\xee\x06\x06\x82\x05\x02\xff\xf7\xfb\xf6\xf9\x81\x0f+\
++\x13\xe7\xca$\x09\xe7\xd7\xd7\xd7\x06\x06\xee\xee\x83\
\x00\x80\x02\x00\x0c\x00\x0f\x00\x01\x00\x0f\x00\x00\x07\x06\x01\
\x02\x02\x02\x02\x02\x02\x06\x0b\xe9\xd1\xe7\xd1\xea\xf2\x80\x03\
(\xef\x15\xda\x81\x06\xfd/?)?/(\x80\x03\xda\
\x1d\xf1(\x81\x00\x80\x02\x00\x0c\x00\x07\x00\x01\x00\x07\x00\
\x00\x00\x80\x02\xf9\x00\xf2\x81\x85\x80\x02\x14\x00(\x81\x85\
\x00\x80\x02\x00\x0c\x00\x07\x00\x01\x00\x07\x00\x00\x00\x80\x02\
\xf8\x00\xf2\x81\x85\x80\x02\x13\x00(\x81\x85\x00\x80\x02\x00\
\x0c\x00\x09\x00\x01\x00\x07\x00\x00\x00\x80@\xffc\x80\x00\
\xf2\x81\x85\x80\x02\x14\x00(\x81\x85\x00\x80\x02\x00\x0c\x00\
\x09\x00\x01\x00\x07\x00\x00\x00\x80@\xffc\x80\x00\xf2\x81\
\x85\x80\x02\x14\x00(\x81\x85\x00\x80\x02\x00\x0c\x00\x07\x00\
\x01\x00\x07\x00\x00\x00\x80\x02\xf9\x00\xf2\x81\x85\x80\x02\x14\
\x00(\x81\x85\x00\x80\x02\x00\x0c\x00\x08\x00\x01\x00\x08\x00\
\x00\x00\x80\x03\xf9\x0c\x00\xf2\x81\x86\x80\x03\x14\x14\x00(\
\x81\x86\x00\x80\x02\x00\x0c\x00\x07\x00\x01\x00\x07\x00\x00\x00\
\x80\x02\xf9\x00\xf2\x81\x85\x80\x02\x14\x00(\x81\x85\x00\x80\
\x02\x00\x0c\x00\x07\x00\x01\x00\x07\x00\x00\x00\x80\x02\xf9\x00\
\xf2\x81\x85\x80\x02\x14\x00(\x81\x85\x00\x80\x02\x00\x0c\x00\
\x0b\x00\x01\x00\x0b\x00\x00\x00\x80\x03\xf9\xf9\x00\xf2\x81\x81\
\x00\xfd\x83\x80\x03\x14\x14\x00(\x81\x81\x00=\x83\x00\x80\
\x02\x00\x0c\x00\x07\x00\x01\x00\x07\x00\x00\x00\x80\x02\xf9\x00\
\xf2\x81\x85\x80\x02\x14\x00(\x81\x85\x00\x80\x02\x00\x0c\x00\
\x07\x00\x01\x00\x07\x00\x00\x00\x80\x02\xfa\x00\xf2\x81\x85\x80\
\x02\x14\x00(\x81\x85\x00\x80\x02\x00\x0c\x00\x07\x00\x01\x00\
\x07\x00\x00\x00\x80\x02\xf9\x00\xf2\x81\x85\x80\x02\x14\x00(\
\x81\x85\x00\x80\x02\x00\x0c\x00\x07\x00\x01\x00\x07\x00\x00\x00\
\x80\x02\x0c\x00\xf2\x81\x85\x80\x02\x14\x00(\x81\x85\x00\x80\
\x02\x00\x0c\x00\x07\x00\x01\x00\x07\x00\x00\x00\x80\x02\xf9\x00\
\xf2\x81\x85\x80\x02\x14\x00(\x81\x85\x00\x80\x02\x00\x0c\x00\
\x07\x00\x01\x00\x07\x00\x00\x00\x80\x02\xf9\x00\xf2\x81\x85\x80\
\x02\x14\x00(\x81\x85\x00\x80\x02\x00\x0c\x00\x07\x00\x01\x00\
\x07\x00\x00\x00\x80\x02\xf9\x00\xf2\x81\x85\x80\x02\x14\x00(\
\x81\x85\x00\x80\x02\x00\x0c\x00\x07\x00\x01\x00\x07\x00\x00\x00\
\x80\x02\xf9\x00\xf2\x81\x85\x80\x02\x14\x00(\x81\x85\x00\x80\
\x02\x00\x0c\x00\x07\x00\x01\x00\x07\x00\x00\x00\x80\x02\xfe\x00\
\xf2\x81\x85\x80\x02\xfe\x00(\x81\x85\x00\x80\x02\x00\x0c\x00\
\x07\x00\x01\x00\x07\x00\x00\x00\x80\x02\xf9\x00\xf2\x81\x85\x80\
\x02\x14\x00(\x81\x85\x00\x80\x02\x00\x0c\x00Z\x00\x01\x00\
Z\x00\x00\x00+\xf4\xf7\x02\x0a\x0a\x0a\x1a\x1a\x1a\x12\x01\
\xf4\xe7\xd7\xcf\xcf\xcf\x0a\x0a\x0a\x04\xfa\xf4\xef\xe6\xdf\xdf\
\xdf\xdf\xe8\xf1\xf4\x01\x12\x1a\x1a\x1a\xcf\xcf\xcf\xd7\xe7\x00\
\xe9\x81\x04\xfe\xfe\xfd\xf3\xe8\x81\x08\x08\x12#---\
#\x12\x08\x81\x17\x17\x0c\x03\x02\x02\x02\x04\x0c\x17\xe8\xf2\
\xfc\xfe\xd2\xd2\xdb\xeb\xf5,,\xf5\xeb\xdb\xd2\x83+\x19\
\x1d\x11\x01\x01\x01\xe9\xe9\xe9\xeb\xfd\x160DFFF\
\x01\x01\x01\x11\x1f\x19\x12\x1e....\x1e\x12\x17\xff\
\xec\xe9\xe9\xe9FFFC0\x00/\x81\x04\xfd\xfd\xf5\
\xed\xee\x81\x22\x16\x0a\xf0\xde\xde\xde\xf0\x0a\x16\xe9\xe9\x0d\
\x0f\x09\x04\x04\x04\x05\x04\x03\xf7\xf5\xf8\xfd\x22\x22\x0f\xf3\
\xe5\xed\xed\xe5\xf3\x0f\x22\x83\x00\x80\x02\x00\x0c\x00T\x00\
\x01\x00T\x00\x00\x00(\x04\x08\x14\x1e\x1e\x1e\xe6\xe6\xe6\
\xe6\xe6\xfa\x03\x13$**** \x17\x18\x1d\x1d:\
  \xf2\xf2\xe0\xe1\xe7\xdf\xe7\xf6\xf6\xf6\xfb\x02\x00\x15\
\x81\x19\xfe\xfe\xfb\xf3\xed\xe1\xe1\xe3\xe0\xe3\xd3\xd0\xd0\xd0\
\xdd\xef\x00\x05\x0c\x13\x15\x15\x15\xfe&&\x81\x0a\x0f\x00\
\xff\xff\xff\x0d\x16\x0d\x06\xff\xfe\x83\x18\x13\x00\xf6\xf9\xf9\
\xf966666*\x15\x09\xfa\xf2\xee\xee\xee\xf8\x0a\
\x14\x12\x12\xff\x81\x0d++A-,.+(((\
%\x1c\x00/\x81\x19\xfa\xfa\x08\x1d(**-\x22\x1f\
\x11   \x1a\x0f\x07\x05\xfa\xe6\xda\xda\xda\xf1\xd8\xd8\
\x81\x0a\xcc\xfb\xfc\xfc\xfc\xfc\x01\x09\x07\x00\xfa\x83\x00\x80\
\x02\x00\x0c\x00\x09\x00\x01\x00\x07\x00\x00\x00\x80@\xffu\
\x80\x00\x15\x81\x85\x80\x02\x18\x00/\x81\x85\x00\x80\x02\x00\
\x0c\x00\x0d\x00\x01\x00\x0d\x00\x00\x06\x05\x01\x02\x02\x02\x02\
\x02\x05\x0c\xea\xd1\xf8\xd1\xf8\x80\x02&\xee\x14\x81\x05\xfd\
\x22?9?+\x80\x02\xd8\x1a\xed\x81\x80\x02\x00\x0c\x00\
\x07\x00\x01\x00\x07\x00\x00\x00\x80\x02\xfc\x00\xf8\x81\x85\x80\
\x02\x16\x00+\x81\x85\x00\x80\x02\x00\x0c\x00\x5c\x00\x01\x00\
\x5c\x00\x00\x00)\xfc\xfb\x02\x0a\x0a\x0a\x0a\x06\xfd\xf6\xf1\
\xe5\xde\xde\xde\x14\x14\x14\x0a\xfb\xf4\xeb\xda\xd0\xd0\xd0\xd0\
\xd7\xe5\xf2\xfc\x07\x0c\x0c\x0c\xf2\xf2\xd9\xd9\xfd\x00\x01\x81\
\x00\xe7\x81%\xff\xff\xfd\xf1\xe1*\x18\x07\x02\x02\x02\xfd\
\xfe\x07\x09\x09\x0f\x16$---*\x22\x1b\xe6\xe5\xdc\
\xd2\xd2\xd2\xd6\xda\xd8\x17\x17\xf1\xf1\x81\x02\xfe\xfc\xff\x83\
,\x0f\x07\x01\x01\x01\x01\x01\x08\x14\x1b)3555\
\xf0\xf0\xf0\xf7\x09\x1b0CGGGGA.\x1d\x0d\
\xfb\xf5\xf5\xf5\x13\x1300\x01\x02\x02\x08\x00/\x81%\
\xfe\xfe\x03\x06\x02\x03\x00\x01\x04\x04\x04\xfb\xfa\x03\xed\xed\
\x16\xfb\xe4\xde\xde\xde\xed\x0e'\xdc\xfb\x1a###\x17\
\xf5\xd3\xfa\xfa\x13\x13\x81\x02\xe6\xf1\xfe\x83\x00\x80\x02\x00\
\x0c\x00\x07\x00\x01\x00\x07\x00\x00\x00\x80\x02\xf3\x00\xe7\x81\
\x85\x80\x02\x17\x00/\x81\x85\x00\x80\x02\x00\x0c\x00\x07\x00\
\x01\x00\x07\x00\x00\x00\x80\x02\xf2\x00\xe7\x81\x85\x80\x02\x16\
\x00/\x81\x85\x00\x80\x02\x00\x0c\x00\x09\x00\x01\x00\x07\x00\
\x00\x00\x80@\xff]\x80\x00\xe7\x81\x85\x80\x02\x17\x00/\
\x81\x85\x00\x80\x02\x00\x0c\x00\x09\x00\x01\x00\x07\x00\x00\x00\
\x80@\xff]\x80\x00\xe7\x81\x85\x80\x02\x17\x00/\x81\x85\
\x00\x80\x02\x00\x0c\x00\x07\x00\x01\x00\x0a \x00\x00\x80\x02\
\xf3\x00\xe7\x81\x85\x02\x01\x01\x02\x01\x17/\x01\x01\x00\x80\
\x02\x00\x0c\x00\x07\x00\x01\x00\x07\x00\x00\x00\x80\x02\xf3\x00\
\xe7\x81\x85\x80\x02\x17\x00/\x81\x85\x00\x80\x02\x00\x0c\x00\
d\x00\x01\x00d\x00\x00\x00-\xf8\xf8\xef\xef\xfc\xfb\x02\
\x0a\x0a\x0a\x0a\x06\xfd\xf6\xf1\xe5\xde\xde\xde\x14\x14\x14\x0a\
\xfb\xf4\xeb\xda\xd0\xd0\xd0\xd0\xd7\xe5\xf2\xfc\x07\x0c\x0c\x0c\
\xf2\xf2\xd9\xd9\xfd\x00\x01\x81\x00\xe7\x81)\x15\xf9\xf9\x15\
\xff\xff\xfd\xf1\xe1*\x18\x07\x02\x02\x02\xfd\xfe\x07\x09\x09\
\x0f\x16$---*\x22\x1b\xe6\xe5\xdc\xd2\xd2\xd2\xd6\
\xda\xd8\x17\x17\xf1\xf1\x81\x02\xfe\xfc\xff\x830\x07\x071\
1\x0f\x07\x01\x01\x01\x01\x01\x08\x14\x1b)3555\
\xf0\xf0\xf0\xf7\x09\x1b0CGGGGA.\x1d\x0d\
\xfb\xf5\xf5\xf5\x13\x1300\x01\x02\x02\x08\x00/\x81)\
\xed\x05\x05\xed\xfe\xfe\x03\x06\x02\x03\x00\x01\x04\x04\x04\xfb\
\xfa\x03\xed\xed\x16\xfb\xe4\xde\xde\xde\xed\x0e'\xdc\xfb\x1a\
###\x17\xf5\xd3\xfa\xfa\x13\x13\x81\x02\xe6\xf1\xfe\x83\
\x00\x80\x02\x00\x0c\x00\x0f\x00\x01\x00\x0f\x00\x00\x07\x06\x01\
\x02\x02\x02\x02\x02\x02\x06\x0c\xd1\x1d\xe2\x1d\xd1\xed\x80\x00\
\xf1\x81\x00\x18\x81\x80\x05B\xf02\xf0B1\x80\x00\x16\
\x81\x00\xe7\x81\x00\x80\x02\x00\x0c\x00\x1c\x00\x01\x00\x1c\x00\
\x00\x0d\x0c\x01\x02\x02\x02\x02\x02\x02\x02\x02\x02\x02\x02\x02\
\x0c\x0b\x15\x0b\xd1\x1d\xe2\xd9\xe2\x1d\xd1\x1d\xd1\xed\x0c\x15\
\xfb\x00\xfb\x00\xfb\x15\x00\x18\x00\xf1\x15\x00\x0c\xe7\xe3\xe7\
)\xce\x11\x09\x11\xce)\xce)\xeb\x0c\xfc\xfa\x00\xfa\x00\
\xfa\xfc\x00\xe7\x00\x16\xfc\x00\x00\x80\x02\x00\x0c\x00\x09\x00\
\x01\x00\x07\x00\x00\x00\x80@\xff`\x80\x00\xed\x81\x85\x80\
\x02\x18\x001\x81\x85\x00\x80\x02\x00\x0c\x00\x09\x00\x01\x00\
\x07\x00\x00\x00\x80@\xff`\x80\x00\xed\x81\x85\x80\x02\x18\
\x001\x81\x85\x00\x80\x02\x00\x0c\x00\x09\x00\x01\x00\x09\x00\
\x00\x00\x05\x07\x07\xce\xce\x00\xd6\x81\x87\x05\xf8\xf8<<\
\x005\x81\x87\x00\x80\x02\x00\x0c\x00\x07\x00\x01\x00\x07\x00\
\x00\x00\x80\x02\xd6\x00\xb2\x81\x85\x80\x025\x00e\x81\x85\
\x00\x80\x02\x00\x0c\x00\x07\x00\x01\x00\x07\x00\x00\x00\x80\x02\
\xeb\x00\xd6\x81\x85\x80\x02\x1a\x005\x81\x85\x00\x80\x02\x00\
\x0c\x00\x07\x00\x01\x00\x07\x00\x00\x00\x80\x02\xea\x00\xd6\x81\
\x85\x80\x02\x19\x005\x81\x85\x00\x80\x02\x00\x0c\x00\x09\x00\
\x01\x00\x07\x00\x00\x00\x80@\xffU\x80\x00\xd6\x81\x85\x80\
\x02\x1a\x005\x81\x85\x00\x80\x02\x00\x0c\x00\x07\x00\x01\x00\
\x07\x00\x00\x00\x80\x02\xeb\x00\xd6\x81\x85\x80\x02\x1a\x005\
\x81\x85\x00\x80\x02\x00\x0c\x00\x07\x00\x01\x00\x07\x00\x00\x00\
\x80\x02\xec\x00\xd6\x81\x85\x80\x02\x1a\x005\x81\x85\x00\x80\
\x02\x00\x0c\x00\x07\x00\x01\x00\x07\x00\x00\x00\x80\x02\xeb\x00\
\xd6\x81\x85\x80\x02\x1a\x005\x81\x85\x00\x80\x02\x00\x0c\x00\
\x07\x00\x01\x00\x07\x00\x00\x00\x80\x02\xeb\x00\xd6\x81\x85\x80\
\x02\x1a\x005\x81\x85\x00\x80\x02\x00\x0c\x00\x07\x00\x01\x00\
\x07\x00\x00\x00\x80\x02\xeb\x00\xd6\x81\x85\x80\x02\x1a\x005\
\x81\x85\x00\x80\x02\x00\x0c\x00\x07\x00\x01\x00\x07\x00\x00\x00\
\x80\x02\xeb\x00\xd6\x81\x85\x80\x02\x1a\x005\x81\x85\x00\x80\
\x02\x00\x0c\x00\x07\x00\x01\x00\x07\x00\x00\x00\x80\x02\xeb\x00\
\xd6\x81\x85\x80\x02\x1a\x005\x81\x85\x00\x80\x02\x00\x0c\x00\
\x07\x00\x01\x00\x07\x00\x00\x00\x80\x02\xeb\x00\xd6\x81\x85\x80\
\x02\x1a\x005\x81\x85\x00\x80\x02\x00\x0c\x00\x07\x00\x01\x00\
\x07\x00\x00\x00\x80\x02\xea\x00\xd6\x81\x85\x80\x02\x1a\x005\
\x81\x85\x00\x80\x02\x00\x0c\x00\x07\x00\x01\x00\x07\x00\x00\x00\
\x80\x02\xeb\x00\xd6\x81\x85\x80\x02\x1a\x005\x81\x85\x00\x80\
\x02\x00\x0c\x00\x22\x00\x01\x00\x22\x00\x00\x00\x0f\x01\x01\x09\
\x0e\x0e\x0b\x0b\x0b\xd1\xd1\xd1\xdb\xe5\xe7\x00\xdc\x81\x06\xe6\
\xc0\xc0\xc2\xc8\xd3\xdd\x81\x04\xd9\xde\xe3\xe6\xe6\x83\x0f\x06\
\x06\xfc\xf4\xf1\xf1\xf1\xf14441+'\x000\x81\
\x06\xfe**&\x1d\x0d\x01\x81\x04\xfb\xff\xff\xfe\xfe\x83\
\x00\x80\x02\x00\x0c\x00\x09\x00\x01\x00\x07\x00\x00\x00\x80@\
\xffX\x80\x00\xdc\x81\x85\x80\x02\x13\x000\x81\x85\x00\x80\
\x02\x00\x0c\x00\x1b\x00\x01\x00\x1b\x00\x00\x00\x0d\x0b\x0b\xd1\
\xd1\x02\xcf\xc4\xde\x16\xf2\xd1\xd1\x00\xdd\x81\x82\x00\xb7\x81\
\x00\x0e\x81\x01(\xeb\x84\x0d\xfd\xfd??\x0dS]@\
\xf8\x1e??\x00H\x81\x82\x003\x81\x00\xf7\x81\x01\xea\
(\x84\x00\x80\x02\x00\x0c\x00\x09\x00\x01\x00\x07\x00\x00\x00\
\x80@\xffX\x80\x00\xdd\x81\x85\x80\x021\x00H\x81\x85\
\x00\x80\x02\x00\x0c\x00\x07\x00\x01\x00\x0a \x00\x00\x80\x02\
\xee\x00\xdd\x81\x85\x02\x01\x01\x02\x01$H\x01\x01\x00\x80\
\x02\x00\x0c\x00\x09\x00\x01\x00\x09\x00\x00\x04\x03\x01\x02\x02\
\x02\x03\x0c\xd1\xf7\xe8\x80\x00\xda\x81\x03\xfd?*.\x80\
\x00(\x81\x80\x02\x00\x0c\x00\x07\x00\x01\x00\x07\x00\x00\x00\
\x80\x02\xe8\x00\xc4\x81\x85\x80\x02.\x00^\x81\x85\x00\x80\
\x02\x00\x0c\x00\x07\x00\x01\x00\x07\x00\x00\x00\x80\x02\xee\x00\
\xe8\x81\x85\x80\x02\x1d\x00.\x81\x85\x00\x80\x02\x00\x0c\x00\
\x07\x00\x01\x00\x0a \x00\x00\x80\x02#\x00\xe8\x81\x85\x02\
\x01\x01\x02\x01\x1a.\x01\x0f\x00\x80\x02\x00\x0c\x00\x07\x00\
\x01\x00\x0a \x00\x00\x80\x02\x02\x00\xe8\x81\x85\x02\x01\x01\
\x02\x01\x13.\x01\x01\x00\x80\x02\x00\x0c\x00\x06\x00\x01\x00\
\x06\x00\x00\x02\x01\x01\x02\x01\x0d\xe8\x01\xf6\x00\x01\x1f.\
\x01\x13\x00\x80\x02\x00\x0c\x00\x07\x00\x01\x00\x07\x00\x00\x00\
\x80\x02\xe8\x00\xcc\x81\x85\x80\x02.\x00U\x81\x85\x00\x80\
\x02\x00\x0c\x00!\x00\x01\x00!\x00\x00\x00\x0f\x0c\x0c\x09\
\x09\x0c\x0c\xd1\xd1\xe2\xe2\xd1\xd1\xf7\xf7\x00\xe8\x81\x80\x03\
\x1f \xf5\xf4\x81\x05\xd2\xd8\x02\xfd\xda\xda\x84\x0f\x05\x05\
\x0e\x0e\x05\x05GG@@GG22\x005\x81\x80\
\x03\xed\xf7\x02\xf8\x81\x05\x0d\x03\xf7\x02((\x84\x00\x80\
\x02\x00\x0c\x00\x1b\x00\x01\x00\x1c\x00\x00\x00\x0e\x04\x0d\xd4\
\xf0\x0e\xd8\xe0\x0c\x01\xe5\xfd\xe2\xd7\x00\xe4\x81\x82\x00\xb6\
\x83\x00[\x81\x00Z\x84\x0e\xfc\xfbL\x16\xe610\x0c\
\x061\x00$!\x00,\x81\x82@\x00\xba\x83\x00\xcf\x81\
\x00\xd3\x84\x80\x02\x00\x0c\x00\x07\x00\x01\x00\x07\x00\x00\x00\
\x80\x02\xf2\x00\xe4\x81\x85\x80\x02\x16\x00,\x81\x85\x00\x80\
\x02\x00\x0c\x00\x17\x00\x01\x00\x17\x00\x00\x00\x0b\x0c\x0c\xea\
\x17\x17\xe9\xe9\x06\xdc\xdc\x00\xf3\x81\x82@\xffn\x83@\
\x00\x84\x84\x0b\xfd\xfd.\xee\xee$$\xf366\x00!\
\x81\x82@\x00\x94\x83@\xff{\x84\x00\x80\x02\x00\x0c\x00\
\x07\x00\x01\x00\x07\x00\x00\x00\x80\x02\xf3\x00\xcf\x81\x85\x80\
\x02!\x00Q\x81\x85\x00\x80\x02\x00\x0c\x00\x07\x00\x01\x00\
\x07\x00\x00\x00\x80\x02\xfa\x00\xf3\x81\x85\x80\x02\x10\x00!\
\x81\x85\x00\x80\x02\x00\x0c\x00\x09\x00\x01\x00\x07\x00\x00\x00\
\x80@\xffd\x80\x00\xf3\x81\x85\x80\x02\x10\x00!\x81\x85\
\x00\x80\x02\x00\x0c\x00\x07\x00\x01\x00\x0a \x00\x00\x80\x02\
\xfa\x00\xf3\x81\x85\x02\x01\x01\x02\x01\x10!\x01\x01\x00\x80\
\x02\x00\x0c\x00\x07\x00\x01\x00\x07\x00\x00\x00\x80\x02\xf3\x00\
\xd7\x81\x85\x80\x02!\x00H\x81\x85\x00\x80\x02\x00\x0c\x00\
\x07\x00\x01\x00\x07\x00\x00\x00\x80\x02\xfa\x00\xf3\x81\x85\x80\
\x02\x10\x00!\x81\x85\x00\x80\x02\x00\x0c\x00\x1f\x00\x01\x00\
/ \x00\x0d\x0c\x00\x02\x01\x02\x01\x01\x02\x02\x01\x02\x01\
\x02\x04\x0c\x13\x0d\x0e\x12\x12\xe0\x0c\xea\x13\xe9\xe9\xef\x07\
\x04*\x03\xff\xe9\xe2@\x00\x84\x81@\xffn\x81\x01 \
\x00\x00\x08\xea\xea\xe4\xeb\xf6\xf6\xf6>>\x81\x0a2\xed\
\xed((($\x18\x0e\x00%\x81\x06\xe6\x04\x04\xff\xf2\
\xe8\x22@\xff{\x83@\x00\x94\x82\x03\xf8\xeb\xe6\xe6\x83\
\x00\x80\x02\x00\x0c\x00N\x00\x01\x00N\x00\x00\x00%\xf4\
\xf7\x02\x0a\x0a\x0a\x0a\x03\xf9\xf4\xef\xe6\xdf\xdf\xdf\xdf\xe8\
\xf1\xf4\x01\x12\x1a\x1a\x1a\x1a\x12\x02\xf4\xe7\xd7\xcf\xcf\xcf\
\xcf\xd7\xe7\x00\xe9\x81#\xfe\xfe\xfd\xf3\xe8\x17\x0c\x03\x02\
\x02\x02\x04\x0c\x17\xe8\xf2\xfc\xfe\xd2\xd2\xdb\xeb\xf5\x08\x12\
#---#\x12\x08\xf5\xeb\xdb\xd2\x83%\x16\x0d\x05\
\x01\x01\x01\x01\x04\x0d\x16 +....+ \x16\
\x05\xf1\xe9\xe9\xe9\xe9\xf1\x05\x16)>FFFF=\
'\x00/\x81#\xfd\xfd\xfd\xfe\x01\xfb\xff\x02\x04\x04\x04\
\x03\xff\xfb\x02\xfe\xfc\xfd##\x1a\x03\xed\x10\xfb\xe5\xde\
\xde\xde\xe5\xfb\x10\xed\x03\x1a#\x83\x00\x80\x02\x00\x0c\x00\
\x07\x00\x01\x00\x07\x00\x00\x00\x80\x02\xf4\x00\xe9\x81\x85\x80\
\x02\x17\x00/\x81\x85\x00\x80\x02\x00\x0c\x00\x07\x00\x01\x00\
\x07\x00\x00\x00\x80\x02\xf3\x00\xe9\x81\x85\x80\x02\x16\x00/\
\x81\x85\x00\x80\x02\x00\x0c\x00\x09\x00\x01\x00\x07\x00\x00\x00\
\x80@\xff^\x80\x00\xe9\x81\x85\x80\x02\x17\x00/\x81\x85\
\x00\x80\x02\x00\x0c\x00\x07\x00\x01\x00\x07\x00\x00\x00\x80\x02\
\xf4\x00\xe9\x81\x85\x80\x02\x17\x00/\x81\x85\x00\x80\x02\x00\
\x0c\x00\x08\x00\x01\x00\x08\x00\x00\x00\x80\x03\xf4\xf4\x00\xe9\
\x81\x86\x80\x03\x17\x17\x00/\x81\x86\x00\x80\x02\x00\x0c\x00\
\x07\x00\x01\x00\x07\x00\x00\x00\x80\x02\xf4\x00\xe9\x81\x85\x80\
\x02\x17\x00/\x81\x85\x00\x80\x02\x00\x0c\x00\x07\x00\x01\x00\
\x07\x00\x00\x00\x80\x02\xf4\x00\xe9\x81\x85\x80\x02\x17\x00/\
\x81\x85\x00\x80\x02\x00\x0c\x00\x0b\x00\x01\x00\x0b\x00\x00\x00\
\x80\x03\xf4\xf4\x00\xe9\x81\x81\x00\xfd\x83\x80\x03\x17\x17\x00\
/\x81\x81\x00=\x83\x00\x80\x02\x00\x0c\x00\x07\x00\x01\x00\
\x07\x00\x00\x00\x80\x02\xf4\x00\xe9\x81\x85\x80\x02\x17\x00/\
\x81\x85\x00\x80\x02\x00\x0c\x00\x07\x00\x01\x00\x07\x00\x00\x00\
\x80\x02\xf5\x00\xe9\x81\x85\x80\x02\x17\x00/\x81\x85\x00\x80\
\x02\x00\x0c\x00\x08\x00\x01\x00\x08\x00\x00\x00\x80\x03\xf5\xf4\
\x00\xe9\x81\x86\x80\x03\x17\x17\x00/\x81\x86\x00\x80\x02\x00\
\x0c\x00\x0b\x00\x01\x00\x0b\x00\x00\x00\x80\x03\xf4\xf4\x00\xe9\
\x81\x81\x00\xf6\x83\x80\x03\x17\x17\x00/\x81\x81\x00\x10\x83\
\x00\x80\x02\x00\x0c\x00\x07\x00\x01\x00\x07\x00\x00\x00\x80\x02\
\xf4\x00\xe9\x81\x85\x80\x02\x17\x00/\x81\x85\x00\x80\x02\x00\
\x0c\x00\x07\x00\x01\x00\x07\x00\x00\x00\x80\x02\xf4\x00\xe9\x81\
\x85\x80\x02\x17\x00/\x81\x85\x00\x80\x02\x00\x0c\x00\x07\x00\
\x01\x00\x07\x00\x00\x00\x80\x02\xf4\x00\xe9\x81\x85\x80\x02\x17\
\x00/\x81\x85\x00\x80\x02\x00\x0c\x00\x07\x00\x01\x00\x07\x00\
\x00\x00\x80\x02\xff\x00\xe9\x81\x85\x80\x02\x1e\x00/\x81\x85\
\x00\x80\x02\x00\x0c\x00\x08\x00\x01\x00\x08\x00\x00\x00\x80\x03\
\xff\xf4\x00\xe9\x81\x86\x80\x03\x1e\x17\x00/\x81\x86\x00\x80\
\x02\x00\x0c\x00\x08\x00\x01\x00\x08\x00\x00\x00\x80\x03\xff\xf4\
\x00\xe9\x81\x86\x80\x03\x1e\x17\x00/\x81\x86\x00\x80\x02\x00\
\x0c\x00\x08\x00\x01\x00\x08\x00\x00\x00\x80\x03\xff\xf4\x00\xe9\
\x81\x86\x80\x03\x1e\x17\x00/\x81\x86\x00\x80\x02\x00\x0c\x00\
\x08\x00\x01\x00\x08\x00\x00\x00\x80\x03\xff\xf4\x00\xe9\x81\x86\
\x80\x03\x1e\x17\x00/\x81\x86\x00\x80\x02\x00\x0c\x00\x08\x00\
\x01\x00\x08\x00\x00\x00\x80\x03\xff\xf4\x00\xe9\x81\x86\x80\x03\
\x1e\x17\x00/\x81\x86\x00\x80\x02\x00\x0c\x00\x07\x00\x01\x00\
\x07\x00\x00\x00\x80\x02\xf4\x00\xe9\x81\x85\x80\x02\x17\x00/\
\x81\x85\x00\x80\x02\x00\x0c\x00\x07\x00\x01\x00\x07\x00\x00\x00\
\x80\x02\xf4\x00\xe9\x81\x85\x80\x02\x17\x00/\x81\x85\x00\x80\
\x02\x00\x0c\x00\x07\x00\x01\x00\x07\x00\x00\x00\x80\x02\xf4\x00\
\xe9\x81\x85\x80\x02\x17\x00/\x81\x85\x00\x80\x02\x00\x0c\x00\
\x07\x00\x01\x00\x07\x00\x00\x00\x80\x02\xf8\x00\xe9\x81\x85\x80\
\x02\x08\x00/\x81\x85\x00\x80\x02\x00\x0c\x00V\x00\x01\x00\
V\x00\x00\x00)\xe1\xef\x0f\x00\xf4\xf7\x02\x0a\x0a\x0a\x0a\
\x03\xf9\xf4\xef\xe6\xdf\xdf\xdf\xdf\xe8\xf1\xf4\x01\x12\x1a\x1a\
\x1a\x1a\x12\x02\xf4\xe7\xd7\xcf\xcf\xcf\xcf\xd7\xe7\x00\xef\x81\
'\xeb\xe7\x10\x13\xfe\xfe\xfd\xf3\xe8\x17\x0c\x03\x02\x02\x02\
\x04\x0c\x17\xe8\xf2\xfc\xfe\xd2\xd2\xdb\xeb\xf5\x08\x12#-\
--#\x12\x08\xf5\xeb\xdb\xd2\x83)\xd8\xd8CC\x16\
\x0d\x05\x01\x01\x01\x01\x04\x0d\x16 +....+\
 \x16\x05\xf1\xe9\xe9\xe9\xe9\xf1\x05\x16)>FFF\
F='\x00 \x81'\xf0\xf4\x04\xff\xfd\xfd\xfd\xfe\x01\
\xfb\xff\x02\x04\x04\x04\x03\xff\xfb\x02\xfe\xfc\xfd##\x1a\
\x03\xed\x10\xfb\xe5\xde\xde\xde\xe5\xfb\x10\xed\x03\x1a#\x83\
\x00\x80\x02\x00\x0c\x00\x07\x00\x01\x00\x07\x00\x00\x00\x80\x02\
\xf8\x00\xef\x81\x85\x80\x02\x10\x00 \x81\x85\x00\x80\x02\x00\
\x0c\x00\x07\x00\x01\x00\x07\x00\x00\x00\x80\x02\xf4\x00\xe9\x81\
\x85\x80\x02\x17\x00/\x81\x85\x00\x80\x02\x00\x0c\x00\x0b\x00\
\x01\x00\x0b\x00\x00\x00\x80\x03\xf4\xf4\x00\xe9\x81\x81\x00\xde\
\x83\x80\x03\x17\x17\x00/\x81\x81\x00\x14\x83\x00\x80\x02\x00\
\x0c\x00D\x00\x01\x00E\x00\x00\x00!\xeb\xf4\x02\x0a\x0a\
\x0a\x0a\x03\xf8\xf0\xbf\xbf\xc0\xc0\xc4\xc4\xc0\xc0\xbe\xbe\xe9\
\xfa\xfa\xeb\xe9\xdb\xce\xce\xce\xce\xd8\xe6\x00\xc1\x81\x81\x05\
\x05\xff\xee\x1f\x0e\x01\x82\x14''\xf2\xf2\x18\x18\xdc\xdc\
\x00\xda\xda$$$$)1\xe2\xe7\xe3\xda\x83!\x07\
\x05\x02\x01\x01\x01\x01\x01\x06\x0d%%BB\x1e\x1eB\
B$$\x05\x01\x01\x07$=BBBB: \x00\
#\x81\x81\x1d\x0e\x1d\x1f\xe6\xe2\xee\xfd\xfd\xfd\xd7\xd7\x16\
\x16\xea\xea((\x00((\xcf\xcf\xcf\xd7\xf7\x1b\xf1\x11\
'(\x83\x80\x02\x00\x0c\x003\x00\x01\x003\x00\x00\x00\
\x19\x0c\x0c\x01\x01\xfc\xf5\xf5\xf5\x01\x07\x01\xd1\xd1\xd1\x1a\
\x1a!(((\x1d\x15\x1a\xd1\x00\x05\x81\x83\x13\xfe\x04\
\x0f\x19\x15\x0a\x0a\x0a\x00\xe3\xe3\xe3\xef\x03\x10\x17\x22'\
''\x83\x19\xfd\xfdDDKQQQ@..?\
??G7!\x14\x14\x14\x1c0E?\x00[\x81\x83\
\x13\xfe\xf9\xf5\xd7\xd2\xdf\xdf\xdf\x00\x0b\x0b\x0b\x0d\x06\xf9\
\xde\xcf\xd3\xd3\xd3\x83\x00\x80\x02\x00\x0c\x00\x07\x00\x01\x00\
\x07\x00\x00\x00\x80\x02\x03\x00\x05\x81\x85\x80\x02.\x00[\
\x81\x85\x00\x80\x02\x00\x0c\x006\x00\x01\x006\x00\x00\x00\
\x1a\x0c\x0c\xd1\xd1\xf4\xf8\xf6\xf2\xf2\xf2\xfb\x04\x08\x02\xd1\
\xd1\xd1\x16\x1e(((\x10\x0d\xd1\x00\x02\x81\x82\x15\x02\
\x02\x02\xfe\x04\x10!'\x1d\x11\x11\x11\x00\xe6\xe6\xe6\x02\
\x0e\x1f111\x83\x1a\xf4\xf477\x10\x1c1==\
=90#\x1a777*\x1b\x08\x08\x08\x14!7\
\x00;\x81\x82\x15\xfe\xfe\xfe\x0b\x12\x08\xf9\xf3\xf8\x01\x01\
\x01\x00%%%\x1a\xff\xe7\xdb\xdb\xdb\x83\x00\x80\x02\x00\
\x0c\x00f\x00\x01\x00f\x00\x00\x001\xfa\x02\x09\x07\x02\
\xff\xfa\xf7\xfa\x04\x0a\x0a\x0a\x0a\x05\xfd\xf7\xf2\xea\xe5\xe5\
\xe5\xe5\xe5\xe0\xd8\xd9\xe2\xec\xed\xf7\x03\x16    \
\x16\x04\xf7\xea\xd9\xcf\xcf\xcf\xcf\xd9\xea\x00\xee\x81/\x08\
\x04\xfb\xf9\xff\xff\xfe\xfe\xfe\xfd\xf3\xe8\x17\x0c\x03\x02\x02\
\x02\x04\x0c\x17\xe8\xea\xec\xf0\xf5\xf3\xe9\xe0\xe0\xd2\xd2\xdb\
\xeb\xf5\x08\x12#---#\x12\x08\xf5\xeb\xdb\xd2\x83\
1(-$\x16\x14\x14\x16\x16\x0d\x05\x01\x01\x01\x01\x04\
\x0d\x16 *----059:::<\x16\
\x04\xf0\xe8\xe8\xe8\xe8\xf0\x04\x16'=FFFF=\
'\x00-\x81/\x05\x01\xfa\xf9\xfd\xfd\xfd\xfd\xfd\xfd\xfe\
\x01\xfb\xff\x02\x04\x04\x04\x03\xff\xfb\x02\x04\x09\x0a\x08\x09\
\x0f\x14\x16##\x1a\x03\xed\x10\xfb\xe5\xde\xde\xde\xe5\xfb\
\x10\xed\x03\x1a#\x83\x00\x80\x02\x00\x0c\x007\x00\x01\x00\
7\x00\x00\x00\x1b\x0c\x0c-$\x07\xf1\xf1\xf1\xf2\xeb\xde\
\xed$\x10\xd1\xd1\xd1260)))**\xd1\x00\
\xf5\x81\x83\x06\xf6\xfa\x0f\x11\x0c\x08\x0c\x81\x0c\x1c\x1c\x00\
\xf5\xf5\xf5\x04\x12\x0f\x15&&&\x83\x1b\xfd\xfd9:\
HXXX\x5c]YU\x09\x1a???F<*\
\x1f\x1f\x1f-G?\x00Q\x81\x83\x06\x07\x09\x01\xfe\xfd\
\xf9\xf2\x81\x0c\xef\xef\x00\x05\x05\x05\x08\x01\xf1\xde\xd9\xd9\
\xd9\x83\x00\x80\x02\x00\x0c\x00\x07\x00\x01\x00\x07\x00\x00\x00\
\x80\x02\xfa\x00\xf5\x81\x85\x80\x02(\x00Q\x81\x85\x00\x80\
\x02\x00\x0c\x00\x09\x00\x01\x00\x07\x00\x00\x00\x80@\xffd\
\x80\x00\xf5\x81\x85\x80\x02(\x00Q\x81\x85\x00\x80\x02\x00\
\x0c\x00\x07\x00\x01\x00\x0a \x00\x00\x80\x02\xfa\x00\xf5\x81\
\x85\x02\x01\x01\x02\x01(Q\x01\x01\x00\x80\x02\x00\x0c\x00\
\x07\x00\x01\x00\x07\x00\x00\x00\x80\x02\xfa\x00\xf5\x81\x85\x80\
\x02(\x00Q\x81\x85\x00\x80\x02\x00\x0c\x00\x07\x00\x01\x00\
\x07\x00\x00\x00\x80\x02\xfa\x00\xf5\x81\x85\x80\x02(\x00Q\
\x81\x85\x00\x80\x02\x00\x0c\x00b\x00\x01\x00b\x00\x00\x00\
/\xef\xf5\xff\x04\x03\xce\xd2\xda\xe6\xf0\x00\x18\x18\x18\x13\
\x07\xfb\xfe\x02\x02\x02\xff\xf6\xef\xe8\xe8\xe7\xe6\x18\x17\x0b\
\xfe\xf7\xea\xcf\xcf\xcf\xcf\xd5\xde\xe1\xe2\xe2\xe2\xe6\xeb\x00\
\xeb\x81-\xff\xff\xf7\xeb\xe5\xd9\xcf\xcd\xd3\xd3\xd3\xde\xf6\
\xf4\x06\x1503,\x17\x0e\x02\x02\x02\x06\x0b\x0c\x08\x17\
(1---\x22\x10\x16\x0c\x03\xeb\xe3\xe5\xf0\xef\xf7\
\xff\x83/\x15\x0f\x06\x02\x03862!\x0c\xfc\xe0\xe0\
\xe0\xe2\xdf!\x1b\x02\x02\x02\x16'8>6($\xea\
\xec\xf7\x0e!2JJJ\x5cc\x1d$'''%\
\x1d\x00)\x81-\xfd\xfd\xf7\xfe\x12\x0e\x05\x15,,,\
!\x08\x03\x05\x06\xcb\xcf\xdf\xeb\xf9\x04\x04\x04\xf1\xde\xde\
\xef\xf6\xf2\xe4\xd8\xd8\xd8\xdb\xf2\xea\xe1\xdb\x18\x13\x10\x08\
\x0b\x05\xfd\x83\x00\x80\x02\x00\x0c\x00\x07\x00\x01\x00\x07\x00\
\x00\x00\x80\x02\xf5\x00\xeb\x81\x85\x80\x02\x14\x00)\x81\x85\
\x00\x80\x02\x00\x0c\x00\x09\x00\x01\x00\x07\x00\x00\x00\x80@\
\xff_\x80\x00\xeb\x81\x85\x80\x02\x14\x00)\x81\x85\x00\x80\
\x02\x00\x0c\x00\x07\x00\x01\x00\x07\x00\x00\x00\x80\x02\xf5\x00\
\xeb\x81\x85\x80\x02\x14\x00)\x81\x85\x00\x80\x02\x00\x0c\x00\
\x09\x00\x01\x00\x07\x00\x00\x00\x80@\xff_\x80\x00\xeb\x81\
\x85\x80\x02\x14\x00)\x81\x85\x00\x80\x02\x00\x0c\x00\x07\x00\
\x01\x00\x0a \x00\x00\x80\x02\xf5\x00\xeb\x81\x85\x02\x01\x01\
\x02\x01\x14)\x01\x01\x00\x80\x02\x00\x0c\x00\x07\x00\x01\x00\
\x07\x00\x00\x00\x80\x02\xf5\x00\xeb\x81\x85\x80\x02\x14\x00)\
\x81\x85\x00\x80\x02\x00\x0c\x00N\x00\x01\x00F \x00\x00\
&\xde\xde\xde\xf2\x06\x06\x06\xf2\xde\xde\xde\x03\xfb\xea\xde\
\xdd\xcc\xcc\xcc\x06\x06\x06\x02\xf1\xde\xde\xde\xde\xde\xc0\xc9\
\xcd\xd1\xd1\xd1\xd8\xde\x00\xd7\x81\x80\x10\xdc\xdc\xdc\xed\x00\
\x15)))\x00\x1e%---02\x81\x0e2$\
\x0f\x02\x02\x02\x02\x02. \x10\x10\x07\x00\x08\x85\x16\x15\
\x01\x01\x01\x01\x01\x01\x01\x01\x02\x01\x04\x02\x04\x03\x02\x02\
\x01\x01\x02\x01\x03\x02\x15/ \x15\x10\x10\x10\x19 /\
\x175A\xfe\x1a>G[/PP\x17T\x15&&\
&\x1a\x05\xec\xe0\xe0\x00\xdc\xde\x00\x01\x04\xfc\xd8\xf8\x03\
\x03\x05\xfd\x00\x00\x80\x02\x00\x0c\x00\x0b\x00\x01\x00\x0b\x00\
\x00\x05\x04\x01\x02\x02\x02\x02\x04\x1e\x05\xfc\xe3\x01\x02(\
\x00(\x81\x04\xed\xfc$0 \x02\xcf\x00\xcf\x81\x00\x80\
\x02\x00\x0c\x00\x0f\x00\x01\x00\x0f\x00\x00\x07\x06\x01\x02\x02\
\x02\x02\x02\x02\x06\x0d\xf4\x1e\x05\xfc\xe3\x01\x04\xff\x1a(\
\x00(\x81\x06\xfa$\xed\xfc$0 \x04\x01\xea\xcf\x00\
\xcf\x81\x00\x80\x02\x00\x0c\x00\x09\x00\x01\x00\x07\x00\x00\x00\
\x80@\xffk\x80\x00\x01\x81\x85\x80\x02\x10\x00 \x81\x85\
\x00\x80\x02\x00\x0c\x00\x07\x00\x01\x00\x07\x00\x00\x00\x80\x02\
\x01\x00\x01\x81\x85\x80\x02\x10\x00 \x81\x85\x00\x80\x02\x00\
\x0c\x00\x07\x00\x01\x00\x0a \x00\x00\x80\x02\x01\x00\x01\x81\
\x85\x02\x01\x01\x02\x01\x10 \x01\x01\x00\x80\x02\x00\x0c\x00\
\x07\x00\x01\x00\x07\x00\x00\x00\x80\x02\x01\x00\x01\x81\x85\x80\
\x02\x10\x00 \x81\x85\x00\x80\x02\x00\x0c\x002\x00\x01\x00\
2\x00\x00\x00\x17\xfb\x04\x0a\x09\x09\x09\xd3\xd3\xd3\xde\xf0\
\xfb\x02\x15###\xed\xed\xed\xe9\xef\x00\xf6\x81\x04\xfe\
\xfe\xed\xc9\xad\x81\x08\xb1\xb9\xc8\xd2\xd2\xd2\xc9\xb9\xb1\x81\
\x03\xad\xc9\xed\xfe\x83\x17\x16\x11\x06\xfe\xfe\xfeCCC\
=)\x16\x03\xef\xe8\xe8\xe8///&\x1b\x00-\x81\
\x04\xfd\xfd\xf4\xea\xea\x81\x08\xd4\xef\x13%%%\x13\xef\
\xd4\x81\x03\xea\xea\xf4\xfd\x83\x00\x80\x02\x00\x0c\x00\x07\x00\
\x01\x00\x07\x00\x00\x00\x80\x02\xfb\x00\xf6\x81\x85\x80\x02\x16\
\x00-\x81\x85\x00\x80\x02\x00\x0c\x00\x07\x00\x01\x00\x07\x00\
\x00\x00\x80\x02\xfa\x00\xf6\x81\x85\x80\x02\x15\x00-\x81\x85\
\x00\x80\x02\x00\x0c\x00\x09\x00\x01\x00\x07\x00\x00\x00\x80@\
\xffe\x80\x00\xf6\x81\x85\x80\x02\x16\x00-\x81\x85\x00\x80\
\x02\x00\x0c\x00\x09\x00\x01\x00\x07\x00\x00\x00\x80@\xffe\
\x80\x00\xf6\x81\x85\x80\x02\x16\x00-\x81\x85\x00\x80\x02\x00\
\x0c\x00\x07\x00\x01\x00\x07\x00\x00\x00\x80\x02\xfb\x00\xf6\x81\
\x85\x80\x02\x16\x00-\x81\x85\x00\x80\x02\x00\x0c\x00\x07\x00\
\x01\x00\x07\x00\x00\x00\x80\x02\xfc\x00\xf6\x81\x85\x80\x02\x16\
\x00-\x81\x85\x00\x80\x02\x00\x0c\x00\x07\x00\x01\x00\x07\x00\
\x00\x00\x80\x02\xfb\x00\xf6\x81\x85\x80\x02\x16\x00-\x81\x85\
\x00\x80\x02\x00\x0c\x00\x07\x00\x01\x00\x07\x00\x00\x00\x80\x02\
\xfb\x00\xf6\x81\x85\x80\x02\x16\x00-\x81\x85\x00\x80\x02\x00\
\x0c\x00\x07\x00\x01\x00\x07\x00\x00\x00\x80\x02\xfb\x00\xf6\x81\
\x85\x80\x02\x16\x00-\x81\x85\x00\x80\x02\x00\x0c\x00\x07\x00\
\x01\x00\x07\x00\x00\x00\x80\x02\x0f\x00\xf6\x81\x85\x80\x02\x0d\
\x00-\x81\x85\x00\x80\x02\x00\x0c\x00\x08\x00\x01\x00\x08\x00\
\x00\x00\x80\x03\x0f\xfb\x00\xf6\x81\x86\x80\x03\x0d\x16\x00-\
\x81\x86\x00\x80\x02\x00\x0c\x00\x08\x00\x01\x00\x08\x00\x00\x00\
\x80\x03\x0f\xfb\x00\xf6\x81\x86\x80\x03\x0d\x16\x00-\x81\x86\
\x00\x80\x02\x00\x0c\x00\x08\x00\x01\x00\x08\x00\x00\x00\x80\x03\
\x0f\xfb\x00\xf6\x81\x86\x80\x03\x0d\x16\x00-\x81\x86\x00\x80\
\x02\x00\x0c\x00\x08\x00\x01\x00\x08\x00\x00\x00\x80\x03\x0f\xfb\
\x00\xf6\x81\x86\x80\x03\x0d\x16\x00-\x81\x86\x00\x80\x02\x00\
\x0c\x00\x08\x00\x01\x00\x08\x00\x00\x00\x80\x03\x0f\xfb\x00\xf6\
\x81\x86\x80\x03\x0d\x16\x00-\x81\x86\x00\x80\x02\x00\x0c\x00\
\x07\x00\x01\x00\x07\x00\x00\x00\x80\x02\xfb\x00\xf6\x81\x85\x80\
\x02\x16\x00-\x81\x85\x00\x80\x02\x00\x0c\x00\x07\x00\x01\x00\
\x07\x00\x00\x00\x80\x02\xfb\x00\xf6\x81\x85\x80\x02\x16\x00-\
\x81\x85\x00\x80\x02\x00\x0c\x00\x07\x00\x01\x00\x07\x00\x00\x00\
\x80\x02\xfb\x00\xf6\x81\x85\x80\x02\x16\x00-\x81\x85\x00\x80\
\x02\x00\x0c\x00\x07\x00\x01\x00\x07\x00\x00\x00\x80\x02\x05\x00\
\xf6\x81\x85\x80\x02\x07\x00-\x81\x85\x00\x80\x02\x00\x0c\x00\
\x07\x00\x01\x00\x07\x00\x00\x00\x80\x02\xfb\x00\xf6\x81\x85\x80\
\x02\x16\x00-\x81\x85\x00\x80\x02\x00\x0c\x00\x07\x00\x01\x00\
\x07\x00\x00\x00\x80\x02\xfb\x00\xf6\x81\x85\x80\x02\x16\x00-\
\x81\x85\x00\x80\x02\x00\x0c\x00\x0f\x00\x01\x00\x0f\x00\x00\x00\
\x08\x10\x01\xcd\xf5\x18\xe6\xe0\x00\xe7\x81\x82\x00\x8a\x86\x08\
\xdc\xff.\x05\xdc\x176\x00\x15\x81\x82\x00/\x86\x00\x80\
\x02\x00\x0c\x00\x1b\x00\x01\x00\x1b\x00\x00\x00\x0e\x07\xfe\xd0\
\xf0\x05\xe9\x01\x18\xeb\xea\x0e\xf5\xe0\x00\xe9\x81\x82\x03\x87\
\xf1\xf1\x8a\x83\x00m\x84\x0e\xd5\xf71\x0a\xda\x01\xd3\xaf\
\xe9\x0a\xc0\xec\x1d\x00\xe0\x81\x82\x03n\x02\x02t\x83\x00\
\x91\x84\x00\x80\x02\x00\x0c\x00\x07\x00\x01\x00\x07\x00\x00\x00\
\x80\x02\xf4\x00\xe9\x81\x85\x80\x02\xf0\x00\xe0\x81\x85\x00\x80\
\x02\x00\x0c\x00\x09\x00\x01\x00\x07\x00\x00\x00\x80@\xff^\
\x80\x00\xe9\x81\x85\x80\x02\xf0\x00\xe0\x81\x85\x00\x80\x02\x00\
\x0c\x00\x07\x00\x01\x00\x07\x00\x00\x00\x80\x02\xf5\x00\xe9\x81\
\x85\x80\x02\xf0\x00\xe0\x81\x85\x00\x80\x02\x00\x0c\x00\x07\x00\
\x01\x00\x07\x00\x00\x00\x80\x02\xf4\x00\xe9\x81\x85\x80\x02\xf0\
\x00\xe0\x81\x85\x00\x80\x02\x00\x0c\x00\x1d\x00\x01\x00\x1d\x00\
\x00\x00\x0d\x02\x0b\x00\xc9\xed\x18\xe5\xd6\xe1\x15\xf2\xcf\x00\
\xe2\x81\x80\x00\xfc\x81\x00\xc4\x81\x00\xfd\x81\x00;\x84\x0d\
\xfa\xee\xfe>\x1c\xf4 <(\xe9\x0a%\x00!\x81\x80\
\x00\x0c\x81\x00C\x81\x00\xe6\x81\x00\xc1\x84\x00\x80\x02\x00\
\x0c\x00\x17\x00\x01\x00\x18\x00\x00\x00\x0a\x14\x14\x08\xd7\xfa\
\x17\xe5\xde\xde\x00\xed\x81\x80\x00\xe5\x81\x00\xa1\x81\x00\xe5\
\x84\x0a\xe7\xe7\xfc<\x0d\xd8\x10''\x00\x0c\x81\x80\x00\
-\x81@\x00\x87\x81\x00-\x84\x80\x02\x00\x0c\x00\x07\x00\
\x01\x00\x07\x00\x00\x00\x80\x02\xf6\x00\xed\x81\x85\x80\x02\x06\
\x00\x0c\x81\x85\x00\x80\x02\x00\x0c\x00\x09\x00\x01\x00\x07\x00\
\x00\x00\x80@\xff`\x80\x00\xed\x81\x85\x80\x02\x06\x00\x0c\
\x81\x85\x00\x80\x02\x00\x0c\x00\x07\x00\x01\x00\x07\x00\x00\x00\
\x80\x02\xf7\x00\xed\x81\x85\x80\x02\x06\x00\x0c\x81\x85\x00\x80\
\x02\x00\x0c\x00\x07\x00\x01\x00\x07\x00\x00\x00\x80\x02\xf6\x00\
\xed\x81\x85\x80\x02\x06\x00\x0c\x81\x85\x00\x80\x02\x00\x0c\x00\
\x07\x00\x01\x00\x07\x00\x00\x00\x80\x02\xf6\x00\xed\x81\x85\x80\
\x02\x06\x00\x0c\x81\x85\x00\x80\x02\x00\x0c\x00\x07\x00\x01\x00\
\x07\x00\x00\x00\x80\x02\xf6\x00\xed\x81\x85\x80\x02\x06\x00\x0c\
\x81\x85\x00\x80\x02\x00\x0c\x00\x07\x00\x01\x00\x07\x00\x00\x00\
\x80\x02\xf6\x00\xed\x81\x85\x80\x02\x06\x00\x0c\x81\x85\x00\x80\
\x02\x00\x0c\x00\x07\x00\x01\x00\x07\x00\x00\x00\x80\x02\xf6\x00\
\xed\x81\x85\x80\x02\x06\x00\x0c\x81\x85\x00\x80\x02\x00\x0c\x00\
\x0f\x00\x01\x00\x0f\x00\x00\x07\x06\x01\x01\x02\x02\x01\x02\x02\
\x06\xf9.\x04\xf1\xc6\xf2\xf0\x04\xda&\x00\x0f\xda\x81\x06\
\xf7\xcf\xf1\x079\x09\x10\x04\x1b\xd8\x00\xcc(\x81\x00\x80\
\x02\x00\x0c\x00\x07\x00\x01\x00\x07\x00\x00\x00\x80\x02\xfa\x00\
\xf0\x81\x85\x80\x02\xfe\x00\x10\x81\x85\x00\x80\x02\x00\x0c\x00\
\x09\x00\x01\x00\x07\x00\x00\x00\x80@\xffd\x80\x00\xf0\x81\
\x85\x80\x02\xfe\x00\x10\x81\x85\x00\x80\x02\x00\x0c\x00\x07\x00\
\x01\x00\x07\x00\x00\x00\x80\x02\xfa\x00\xf0\x81\x85\x80\x02\xfe\
\x00\x10\x81\x85\x00\x80\x02\x00\x0c\x00l\x00\x01\x00l\x00\
\x00\x004\x05\x04\x04\x05\x05\x05\xf4\xe7\xf1\x0d\x0d\x0d\x06\
\xfc\xf7\xf6\xe7\xd8\xd8\xd8\x0e\x0c\xfb\xf2\xe5\xd7\xd7\xd7\xd7\
\xd5\xd1\xd0\x04\x05\x08\x09\x06\xff\xe8\xf1\xfd\x07\x0d\x0d\xf1\
\xd6\xce\xcf\xcf\xcf\xe5\x00\xda\x81\x1e\xff\xff\xf8\xf4\xf7\xe6\
\xd3\xd0\xdf\xf0\xf0\x0c$)))-#\x0e\x1c\x18\x0b\
\x01\x01\x01\x03\xf5\xda\xed\xf2\xf3\x81\x11\x05\x02\xf8\xf6\xff\
\xcf\xcf\xd4\xe2\xf0\x0a\xfc\xf0\xeb\xe5\xde\xcd\xcf\x834\x0d\
\x03\xfb\xfb\xfb\xfb\x02\x09\x0a\x05\x05\x05\x07\x12\x1d%1\
762\x04\x07\x18%'6666666\x06\
\x06\x07\x07\x07\x09\x1d\x17\x0c\x04\x05\x05\x0a\x14\x1d##\
#!\x003\x81\x1e\xfe\xfe\x01\x05\x05\x05\x05\x04\x01\xfd\
\x0e\xfa\xe3\xd9\xd9\xd9\xe1\xf1\xfd\xf0\xf2\xfa\x02\x02\x02\xff\
\x0b\x05\xfc\xf8\xfb\x81\x11\x07\x0c\xfd\xfb\xfe\x10\x10\x06\xfd\
\xfd\xf7\xf9\xfc\xfd\x01\x04\x0a\x10\x83\x00\x80\x02\x00\x0c\x00\
\x07\x00\x01\x00\x07\x00\x00\x00\x80\x02\xf1\x00\xda\x81\x85\x80\
\x02$\x003\x81\x85\x00\x80\x02\x00\x0c\x00\x07\x00\x01\x00\
\x07\x00\x00\x00\x80\x02\xf0\x00\xda\x81\x85\x80\x02#\x003\
\x81\x85\x00\x80\x02\x00\x0c\x00\x07\x00\x01\x00\x07\x00\x00\x00\
\x80\x02\xf0\x00\xda\x81\x85\x80\x02#\x003\x81\x85\x00\x80\
\x02\x00\x0c\x00\x08\x00\x01\x00\x08\x00\x00\x00\x80\x03\xf2\xf0\
\x00\xda\x81\x86\x80\x03\x1b#\x003\x81\x86\x00\x80\x02\x00\
\x0c\x00\x07\x00\x01\x00\x07\x00\x00\x00\x80\x02\xf0\x00\xda\x81\
\x85\x80\x02#\x003\x81\x85\x00\x80\x02\x00\x0c\x00\x07\x00\
\x01\x00\x07\x00\x00\x00\x80\x02\xf0\x00\xda\x81\x85\x80\x02#\
\x003\x81\x85\x00\x80\x02\x00\x0c\x00\x0b\x00\x01\x00\x0b\x00\
\x00\x00\x80\x03\xf1\xf1\x00\xda\x81\x81\x00\xed\x83\x80\x03$\
$\x003\x81\x81\x00;\x83\x00\x80\x02\x00\x0c\x00\x09\x00\
\x01\x00\x07\x00\x00\x00\x80@\xff[\x80\x00\xda\x81\x85\x80\
\x02$\x003\x81\x85\x00\x80\x02\x00\x0c\x00\x09\x00\x01\x00\
\x07\x00\x00\x00\x80@\xff[\x80\x00\xda\x81\x85\x80\x02$\
\x003\x81\x85\x00\x80\x02\x00\x0c\x00\x07\x00\x01\x00\x07\x00\
\x00\x00\x80\x02\xf1\x00\xda\x81\x85\x80\x02$\x003\x81\x85\
\x00\x80\x02\x00\x0c\x00\x08\x00\x01\x00\x08\x00\x00\x00\x80\x03\
\xf2\xf1\x00\xda\x81\x86\x80\x03\x1b$\x003\x81\x86\x00\x80\
\x02\x00\x0c\x00\x07\x00\x01\x00\x07\x00\x00\x00\x80\x02\xf1\x00\
\xda\x81\x85\x80\x02$\x003\x81\x85\x00\x80\x02\x00\x0c\x00\
\x07\x00\x01\x00\x07\x00\x00\x00\x80\x02\xf1\x00\xda\x81\x85\x80\
\x02$\x003\x81\x85\x00\x80\x02\x00\x0c\x00\x0b\x00\x01\x00\
\x0b\x00\x00\x00\x80\x03\xf1\xf1\x00\xda\x81\x81\x00\xfd\x83\x80\
\x03$$\x003\x81\x81\x00=\x83\x00\x80\x02\x00\x0c\x00\
\x07\x00\x01\x00\x07\x00\x00\x00\x80\x02\xf1\x00\xda\x81\x85\x80\
\x02$\x003\x81\x85\x00\x80\x02\x00\x0c\x00\x07\x00\x01\x00\
\x07\x00\x00\x00\x80\x02\xf2\x00\xda\x81\x85\x80\x02$\x003\
\x81\x85\x00\x80\x02\x00\x0c\x00\x07\x00\x01\x00\x07\x00\x00\x00\
\x80\x02\xf2\x00\xda\x81\x85\x80\x02\x1b\x003\x81\x85\x00\x80\
\x02\x00\x0c\x00\x07\x00\x01\x00\x07\x00\x00\x00\x80\x02\xf1\x00\
\xda\x81\x85\x80\x02$\x003\x81\x85\x00\x80\x02\x00\x0c\x00\
\x07\x00\x01\x00\x07\x00\x00\x00\x80\x02\xf1\x00\xda\x81\x85\x80\
\x02$\x003\x81\x85\x00\x80\x02\x00\x0c\x00\x07\x00\x01\x00\
\x07\x00\x00\x00\x80\x02\xf1\x00\xda\x81\x85\x80\x02$\x003\
\x81\x85\x00\x80\x02\x00\x0c\x00\x07\x00\x01\x00\x07\x00\x00\x00\
\x80\x02\xf1\x00\xda\x81\x85\x80\x02$\x003\x81\x85\x00\x80\
\x02\x00\x0c\x00\x07\x00\x01\x00\x07\x00\x00\x00\x80\x02\xe6\x00\
\xda\x81\x85\x80\x02\x1f\x003\x81\x85\x00\x80\x02\x00\x0c\x00\
\x07\x00\x01\x00\x07\x00\x00\x00\x80\x02\xf1\x00\xda\x81\x85\x80\
\x02$\x003\x81\x85\x00\x80\x02\x00\x0c\x00\x08\x00\x01\x00\
\x0b\x00\x00\x00\x80\x03\xf1\xf1\x00\xda\x81\x86\x80\x03$$\
\x003\x81\x81\x00\x02\x83\x80\x02\x00\x0c\x00\x07\x00\x01\x00\
\x07\x00\x00\x00\x80\x02\xf1\x00\xda\x81\x85\x80\x02$\x003\
\x81\x85\x00\x80\x02\x00\x0c\x00\xaf\x00\x01\x00\xb0\x00\x00\x00\
\x07\xe6\xf8\xfc\xfc\xfc\xea\xe3\xf7\x822\xec\xe3\xe5\xda\xcd\
\xcd\x04\x03\xf2\xe1\xe7\xec\xe5\xed\xe8\xe8\xe7\xe1\xda\xd2\xd2\
\xd2\xe2\xf2\xf3\xcb\xcb\xcb\xde\xed\xe9\xf7\x08\x08\x08\xd1\xd1\
\xd1\xd8\xdf\xdf\xf0\xf4\xec\xec\xe9\xdc\xd9\xd7\xda\xef\x82\x15\
\xe5\xca\xbf\xc5\xc5\xc5\xd1\xda\xcb\xfa\x03\x03\x03\x03\xf9\xed\
\xe7\xd7\xcb\xcb\x00\xd1\x81?\xff\xff\xf8\xf7\xe5\xde\xe9\xf3\
\xfc\x07)***/)\x18\x1a\x16\x01\x01\x01\xf8\xe0\
\xe0\xf7\x04\x01\x01\x01\x07\x12%1-)\x12D\xfc\xd4\
\xd4\xd4\xc9\xd0\xeb\xfa\xfa\xec\xf5\xfc\xff\xff\xff\xf7\xf5\xfe\
\xf4\xf6\xff\xd5\xd5\xe1\x06.\x14\x17\x09\xfd\xf0\xe8\xe5\xd9\
\xd2\xd5\xfb\x12\x1a\x1f\x1f\x22...,\x13\xf3\x83?\
\x09\x09\xfa\xfa\xfa\x05\x0e\x0d\xfb\xfb\xfb\x01\x16 +.\
.\xfa\xf9\xf8\x06\x0f\x15\x13\x11\x0f\x10\x13\x14\x1e%%\
%)*&+++\x1e\x0f\x04\xf6\xf0\xf0\xf0\x1b\x1b\
\x1b\x16\x11\x11\x22\x22\x16\x15\x12\x06\x01\x12\x09\xff\xfb\xfb\
\x0b\xfb\x0a\x0e\x18\x1e\x1e\x1e\x1c\x16*\x03\x02\x82\x07\x07\
\x14\x1e'**\x00\x1b\x81\x22\xfc\xfc\xfd\x07\x0b\x0d\x0b\
\x09\x02\x08\xfa\xdb\xdb\xdb\xe4\xeb\xe5\xea\xfa\x02\x02\x02\x0a\
\x11\x11\x0d\x06\x02\x02\x02\xfb\xfc\x04\x06\x01\x81/\x0d\x0f\
\x1b\x1b\x1b\x10\xff\xf4\x01\x01\xea\xef\xf6\xfc\xfc\xfc\xf4\xea\
\xe6\xea\xf5\xfc\x17\x17\x0f\xff\xf5\xf8\xfa\xf9\xfc\x04\x09\x0e\
\x14\x17\x10\x06\x05\xff\xf4\xee\xe3\xe3\xe3\xf0\x05\x11\x83\x80\
\x02\x00\x0c\x00\x07\x00\x01\x00\x07\x00\x00\x00\x80\x02\xe5\x00\
\xd1\x81\x85\x80\x02\x10\x00\x1b\x81\x85\x00\x80\x02\x00\x0c\x00\
N\x00\x01\x00N\x00\x00\x00&\xd3\xcd\xc9\xcb\xcb\x01\x01\
\xcb\xcb\xc8\xca\xcd\xc8\xc6\xc9\xcc\xcc\xcc\xcc\xcb\xce\xe2\xeb\
\xf9\x01\x01\x01\x01\xfc\xf1\xe7\xdc\xcd\xcb\xcb\xce\xda\x00\xce\
\x81\x03\xff\xff\x06\x06\x83\x1c\xfd\xfc\x01\x01\x01\x0f\x17\x08\
\xec\x09\xf5\xf4\xff\xd4\xd4\xd6\xeb\x07\xec\x0d',,,\
\x19\x13\xee\xe5\xd4\x83&ML>33\xfb\xfb33\
>JD826<<<<7=\x14\x08\x02\x04\
\x04\x04\x04\x04\x0d\x1a\x220330 \x00;\x81\x03\
\xfe\xfe\xfc\x02\x83\x1c\x04\x08\x02\x02\x02\x17/:1\xc4\
\xcb\xe8\xfe\x13\x13\xfc\xd3\xbb=*\x08\xf4\xf4\xf4\xfb\xfe\
\x09\x0d\x13\x83\x00\x80\x02\x00\x0c\x00\x07\x00\x01\x00\x07\x00\
\x00\x00\x80\x02\xe6\x00\xce\x81\x85\x80\x02\x17\x00;\x81\x85\
\x00\x80\x02\x00\x0c\x00T\x00\x01\x00T\x00\x00\x00(\xec\
\xf2\xfd\x03\x03\x03\x03\x03\xfa\xec\xe9\xe1\xdb\xdb\xdb\x0a\x0a\
\x0a\x01\xf3\xeb\xde\xd2\xcd\xcd\xcd\xcd\xd6\xeb\xf7\x05\x0a\x0a\
\x0a\xdb\xdb\xdb\xe4\xed\x00\xdc\x81&\xff\xff\x03\x01\xfb\xfe\
\x0a\x0a\x01\x01\x01\xf9\xf5\xfc\x07\x07\xfb\x10#(((\
\x1b\x02\xee\x0e\xfa\xd8\xd8\xd8\xe1\xfb\x17\xfe\xfe\x11\x11\x09\
\xff\x83(\x1b#\x13\xfc\xfc\xfc\xfc\x12\x22\x1b\x1a,@\
@@\x04\x04\x04\x05\x0e\x1a(45555,\x1a\
\x0c\x03\x04\x04\x04@@@,\x1a\x009\x81&\xfe\xfe\
\xf3\xe1\xd9(\x1d\x0c\x02\x02\x02\x05\x09\x0a\xef\xef\x0e\xff\
\xec\xe2\xe2\xe2\xed\x09 \xe6\x09\x1f\x1f\x1f\x11\xfc\xf4\x12\
\x12\xf4\xf4\xf9\xfe\x83\x00\x80\x02\x00\x0c\x00\x07\x00\x01\x00\
\x07\x00\x00\x00\x80\x02\xee\x00\xdc\x81\x85\x80\x02\x1d\x009\
\x81\x85\x00\x80\x02\x00\x0c\x00\x09\x00\x01\x00\x07\x00\x00\x00\
\x80@\xffX\x80\x00\xdc\x81\x85\x80\x02\x1d\x009\x81\x85\
\x00\x80\x02\x00\x0c\x00\x07\x00\x01\x00\x07\x00\x00\x00\x80\x02\
\xee\x00\xdc\x81\x85\x80\x02\x1d\x009\x81\x85\x00\x80\x02\x00\
\x0c\x00\x09\x00\x01\x00\x07\x00\x00\x00\x80@\xffX\x80\x00\
\xdc\x81\x85\x80\x02\x1d\x009\x81\x85\x00\x80\x02\x00\x0c\x00\
\x07\x00\x01\x00\x07\x00\x00\x00\x80\x02\xee\x00\xdc\x81\x85\x80\
\x02\x1d\x009\x81\x85\x00\x80\x02\x00\x0c\x00H\x00\x01\x00\
H\x00\x00\x00#\xfa\xf8\x03\x03\x03\x03\x03\x00\xfa\x02\x06\
\x03\x03\xcd\xcd\x03\x03\x06\x00\xe6\xf4\x03\x03\x03\x01\xf2\xe7\
\xd5\xcd\xcd\xcd\xcd\xd3\xde\x00\xd1\x81\x0b\xff\xff\x07\x0a\x01\
\x11\x0d\x01\x01\x01\xfa\xf9\x83\x11\x07\x08\xff\xd4\xd4\xe7\xef\
\x13\x19,,,\x17\xe4\x0f\xf1\xd9\xd4\x83#\xf4\xfd\xff\
\xff\xff\xff\x07\x06\xf7\xfa\x04\x09\x09AA\x09\x09\x01\xf4\
 \x19\x0e\x09\x09\x0d\x19#288887-\x00\
=\x81\x0b\xfe\xfe\xed\xc5D8\x18\x02\x02\x02\x03\x01\x83\
\x11\x08\x02\xfe\x12\x12\x0f\x0b\xfd\xf8\xf1\xf1\xf1\x13+\xc4\
\xda\xfe\x12\x83\x00\x80\x02\x00\x0c\x00\x07\x00\x01\x00\x0a \
\x00\x00\x80\x02\xd4\x00\xb0\x81\x85\x02\x01\x01\x02\x01Cr\
\x01\x10\x00\x80\x02\x00\x0c\x00Z\x00\x01\x00Z\x00\x00\x00\
+\xfa\xf8\x03\x03\x03\x03\x03\x00\xfa\x02\x06\x03\x03\x1f\x1f\
\x03\x03\xcd\xcd\xcb\xcb\xcd\xcd\x03\x03\x06\x00\xe6\xf4\x03\x03\
\x03\x01\xf2\xe7\xd5\xcd\xcd\xcd\xcd\xd3\xde\x00\xd4\x81\x0f\xff\
\xff\x07\x0a\x01\x11\x0d\x01\x01\x01\xfa\xf9\x0b\x0b\xf3\xf3\x81\
\x03\xf3\xf3\x0b\x0b\x81\x11\x07\x08\xff\xd4\xd4\xe7\xef\x13\x19\
,,,\x17\xe4\x0f\xf1\xd9\xd4\x83+\xf1\xfa\xfc\xfc\xfc\
\xfc\x04\x03\xf4\xf7\xff\x04\x04\xee\xee\x04\x04<<22\
<<\x04\x04\xfe\xf2\x1d\x16\x0a\x04\x04\x08\x16 /5\
5554*\x00.\x81\x0f\xfe\xfe\xed\xc5D8\x18\
\x02\x02\x02\x03\x01\x02\x02\x09\x09\x81\x03\x09\x09\x02\x02\x81\
\x11\x08\x02\xfe\x12\x12\x0f\x0b\xfd\xf8\xf1\xf1\xf1\x13+\xc4\
\xda\xfe\x12\x83\x00\x80\x02\x00\x0c\x00\x07\x00\x01\x00\x07\x00\
\x00\x00\x80\x02\xe8\x00\xd1\x81\x85\x80\x02$\x00=\x81\x85\
\x00\x80\x02\x00\x0c\x00\x07\x00\x01\x00\x07\x00\x00\x00\x80\x02\
\xd1\x00\xbb\x81\x85\x80\x02=\x00j\x81\x85\x00\x80\x02\x00\
\x0c\x00\x0b\x00\x01\x00\x08\x00\x00\x00\x80\x00\xd1@\xff/\
\x80\x00\xbb\x81\x86\x80\x03=I\x00j\x81\x86\x80\x02\x00\
\x0c\x00x\x00\x01\x00x\x00\x00\x00:\xea\xed\xfa\x03\x03\
\x03\x04\x0f\x10\xff\xf6\xf8\x00\xff\xfe\x00\x10\x10\x0e\x0e\x00\
\x04\x02\xeb\xe7\xe5\xc2\xc2\xd8\xcc\xcb\xd2\xd2\xd2\xd2\xd9\xe5\
\xec\xfb\x07\x0a\x0a\x0a\x08\x04\x01\x00\xf9\xf1\xf0\xe9\xd9\xcc\
\xcc\xcc\xda\xea\x00\xd7\x818\xfe\xfe\xfe\xfe\xfe\x0a\x19\x11\
\xff\xff\xff\x07\x08\x04\x0a\x0b\x14\xff\xfd\x11%*\x09\x06\
\xff\xf0\xe3\xf8\xfe\x18\x12\xeb\xd3\x0b\x01\xfc\xfe\xd4\xd4\xe2\
\x10@9DQM53---$\x06\xe5\xdc\xd5\
\xd4\x83\x0a\x19\x1e\x13\x02\x02\x02\x02\x1a'\x15\x09\x81-\
\x03\x06\x0b+\x19\x0e\x19%;=21/\x11#1\
*-5555\x1f\x10\x1d\x10\x02\xfe\xfe\xfe\xfe\xfe\
\xfe\xfe\x03\x15!(26663)\x001\x818\
\xfb\xfb\xf0\xea\xf2XN0\x19\x19\x19&++\x1c\x12\
\x09\xfc\x0c\x02\xfa\xf9\x19\x1a$3@M<RcW\
B\xea\xda\xe6\xfb\x12\x12\x01\xe5\xd2\xdc\xef\x01\x14\x1d\x16\
\x08\x08\x08\x0e\x0f\x05\x01\x08\x12\x83\x00\x80\x02\x00\x0c\x00\
X\x00\x01\x00X\x00\x00\x00*\xeb\x01\x09\x03\x03\x03\x03\
\x09\x01\xec\xd9\xd2\xd6\xd6\xd6\xcd\xcd\xcd\xd3\xe0\xea\xe7\xf8\
\x0b\x0b\x0b\xd7\xd7\xd7\xe4\xcd\x0b\x0b\x0b\x08\xfb\xed\xe7\xd7\
\xcd\xcd\x00\xd6\x81(\xff\xff\xef\xe9\xf7\x0d\x1b\x13\x01\x01\
\x01\x0f\x1b\x17\x0f\x0f'\x05\xe3\xd8\xd8\xd8\xcf\xd8\xf2\xfa\
\xfa\xea\xf7\xff\xf5\xf5\xee\xfe\x18(((%\x15\x02\x83\
*\x1a\x1f\x0f\xfc\xfc\xfc\xfc\x0e\x1e\x1a\x11!666\
222/$\x19\x0d\x07\x09\x09\x09777\x1b2\
\x09\x09\x09\x06\x0c\x1a(222\x001\x81(\xfe\xfe\
\xf6\xe6\xd8(\x19\x09\x02\x02\x02\x12-=\xf8\xf8\xfd\x0a\
\x1a###\x17\x04\xfc\x16\x16\xf4\xf3\xfe\x0a\x0a\x10\x03\
\xec\xdd\xdd\xdd\xe9\x05\x1c\x83\x00\x80\x02\x00\x0c\x00\x07\x00\
\x01\x00\x07\x00\x00\x00\x80\x02\xeb\x00\xd6\x81\x85\x80\x02\x1b\
\x001\x81\x85\x00\x80\x02\x00\x0c\x00\x07\x00\x01\x00\x07\x00\
\x00\x00\x80\x02\xea\x00\xd6\x81\x85\x80\x02\x1a\x001\x81\x85\
\x00\x80\x02\x00\x0c\x00\x09\x00\x01\x00\x07\x00\x00\x00\x80@\
\xffU\x80\x00\xd6\x81\x85\x80\x02\x1b\x001\x81\x85\x00\x80\
\x02\x00\x0c\x00\x09\x00\x01\x00\x07\x00\x00\x00\x80@\xffU\
\x80\x00\xd6\x81\x85\x80\x02\x1b\x001\x81\x85\x00\x80\x02\x00\
\x0c\x00\x07\x00\x01\x00\x07\x00\x00\x00\x80\x02\xeb\x00\xd6\x81\
\x85\x80\x02\x1b\x001\x81\x85\x00\x80\x02\x00\x0c\x00\x08\x00\
\x01\x00\x08\x00\x00\x00\x80\x03\xeb\xeb\x00\xd6\x81\x86\x80\x03\
\x18\x1b\x001\x81\x86\x00\x80\x02\x00\x0c\x00\x07\x00\x01\x00\
\x07\x00\x00\x00\x80\x02\xeb\x00\xd6\x81\x85\x80\x02\x1b\x001\
\x81\x85\x00\x80\x02\x00\x0c\x00\x07\x00\x01\x00\x07\x00\x00\x00\
\x80\x02\xeb\x00\xd6\x81\x85\x80\x02\x1b\x001\x81\x85\x00\x80\
\x02\x00\x0c\x00\x0b\x00\x01\x00\x0b\x00\x00\x00\x80\x03\xeb\xeb\
\x00\xd6\x81\x81\x00\xfd\x83\x80\x03\x1b\x1b\x001\x81\x81\x00\
=\x83\x00\x80\x02\x00\x0c\x00\x07\x00\x01\x00\x07\x00\x00\x00\
\x80\x02\xeb\x00\xd6\x81\x85\x80\x02\x1b\x001\x81\x85\x00\x80\
\x02\x00\x0c\x00\x07\x00\x01\x00\x07\x00\x00\x00\x80\x02\xec\x00\
\xd6\x81\x85\x80\x02\x1b\x001\x81\x85\x00\x80\x02\x00\x0c\x00\
\x07\x00\x01\x00\x07\x00\x00\x00\x80\x02\xeb\x00\xd6\x81\x85\x80\
\x02\x1b\x001\x81\x85\x00\x80\x02\x00\x0c\x00\x07\x00\x01\x00\
\x07\x00\x00\x00\x80\x02\xeb\x00\xd6\x81\x85\x80\x02\x18\x001\
\x81\x85\x00\x80\x02\x00\x0c\x00\x07\x00\x01\x00\x07\x00\x00\x00\
\x80\x02\xeb\x00\xd6\x81\x85\x80\x02\x1b\x001\x81\x85\x00\x80\
\x02\x00\x0c\x00\x07\x00\x01\x00\x07\x00\x00\x00\x80\x02\xeb\x00\
\xd6\x81\x85\x80\x02\x1b\x001\x81\x85\x00\x80\x02\x00\x0c\x00\
\x07\x00\x01\x00\x07\x00\x00\x00\x80\x02\xeb\x00\xd6\x81\x85\x80\
\x02\x1b\x001\x81\x85\x00\x80\x02\x00\x0c\x00\x07\x00\x01\x00\
\x07\x00\x00\x00\x80\x02\xeb\x00\xd6\x81\x85\x80\x02\x1b\x001\
\x81\x85\x00\x80\x02\x00\x0c\x00\x07\x00\x01\x00\x07\x00\x00\x00\
\x80\x02\xee\x00\xd6\x81\x85\x80\x02\x15\x001\x81\x85\x00\x80\
\x02\x00\x0c\x00\x07\x00\x01\x00\x07\x00\x00\x00\x80\x02\xeb\x00\
\xd6\x81\x85\x80\x02\x1b\x001\x81\x85\x00\x80\x02\x00\x0c\x00\
W\x00\x01\x00X\x00\x00\x00\x02\xea\xfc\x04\x82$\x09\x09\
\x09\xff\xf0\xea\xee\xde\xcb\xcb\xcb\xff\xff\xff\xf1\xeb\xd5\xcd\
\xd3\xd3\xd3\xd3\xcd\xd5\xe9\xf0\xff\x09\x09\x09\xcb\xcb\xcb\xce\
\xdb\x00\xd6\x81(\xfe\xfe\xf0\xe4\xe8\xf0\xf0\xde\x07$(\
((1(\x0d\x05\x05\x15\x09\x01\x01\x01\x10\x17\x08\xf2\
\xe3\xec\xfe\xd7\xd7\xda\xeb\xfd\x0a\x0a\x11\x01\xe7\xd7\x83*\
\x17\x1f\x10\xfb\xfb\xfb\xfe\xfe\xfe\xfe\x07\x16#*((\
(\xfa\xfa\xfa\x15\x17\x12\x225555#\x13\x16\x09\
\xff\xfe\xfe\xfe(((+$\x001\x81(\xfd\xfd\xed\
\xd2\xc2\x07\x07\x07\xff\xeb\xdd\xdd\xdd\xea\xfb\x03\xe9\xe9\x0c\
\x0d\x02\x02\x02\x09\x1a'\xd8\xe6\xf6\xfd\x22\x22\x16\xfb\xe3\
\xf5\xf5\xf0\xfc\x14\x22\x83\x80\x02\x00\x0c\x00R\x00\x01\x00\
T\x00\x00\x00(\xd5\xda\xe7\xf1\xf1\xf1\xb9\xb9\xb9\xb9\xb9\
\xcc\xd5\xd4\xe8\xfd\xfd\xfd\xf8\xf4\xf6\xf7\xf7\x17\x07\xf3\xf3\
\xd1\xd1\xc0\xda\xcb\xc7\xc7\xc9\xc9\xc9\xcc\xd1\x00\xc6\x81\x81\
\x17\xfe\xf6\xef\xe3\xe3\xe6\xe2\xe5\xd6\xd2\xd2\xd2\xcd\xd8\xf4\
\xfa\x06\x0e\x0e\x0e\xf2(''\x81\x09\x17\xfe\xf5\xf5\xf5\
\xfb\xfd\xf5\xfb\xff\x84(\x0a\xfb\xf5\xf8\xf8\xf8...\
..!\x0c\xfc\xec\xe6\xe6\xe6\xe9\xef\xf3\x18\x18\xf4\xe0\
\xfb\xfb\x1c\x1c'\x16\x0a\x15\x1d\x1e\x1e\x1e\x1d\x14\x00\x1b\
\x81\x19\xf7\xf7\x06\x1b&((+ \x1d\x07\x10\x10\x10\
\x08\x00\x02\x07\x01\xf8\xf8\xf8\x12\xd8\xd9\xd9\x81\x0a\xd7\xfd\
\x06\x06\x06\x0d\x0f\x07\x05\xfd\xf7\x83\x00\x80\x02\x00\x0c\x00\
\x09\x00\x01\x00\x07\x00\x00\x00\x80@\xffM\x80\x00\xc6\x81\
\x85\x80\x02\x0e\x00\x1b\x81\x85\x00\x80\x02\x00\x0c\x007\x00\
\x01\x007\x00\x00\x00\x1a\x07\x07\xfe\xfe\x07\x07\x07\x01\xf3\
\xe8\xe1\xde\xd7\xd7\xd6\xd5\xd5\xd2\xd1\xd1\xd1\xda\xda\xd1\xd1\
\x00\xe1\x81\x80\x01**\x81\x0e0\x1f\x0d\x06\x06\x06\x06\
\x06,----,\x1f\x81\x01**\x84\x1a\xf0\xf0\
\xfe\xfe\xf0\xf0\xf0\xf4\x01\x11\x10\x16\x19\x19\x1b\x1e\x1e+\
(((\x19\x19((\x00!\x81\x80\x01\xe1\xe1\x81\x0e\
\x0d\x0a\x09\x09\x09\x09\x0a\x0b\xe0\xe0\xe0\xe0\xe0\xf4\xfe\x81\
\x01\xe1\xe1\x84\x00\x80\x02\x00\x0c\x00\x06\x00\x01\x00\x09 \
\x00\x02\x01\x01\x02\x01\xe6\xe1\x01\x04\x00\x00\x82\x00!\x81\
\x80\x00\x09\x83\x00\x80\x02\x00\x0c\x00\xbc\x00\x01\x00\xbc\x00\
\x00\x00?\xfb\xf4\xf5\xfb\xfb\xfb\x01\x08\x0a\xf9\xf6\xdf\xcc\
\xcc\xcc\xe8\xf2\xf4\x0f\x0f\x0f\x0a\xf6\xe0\x0a\x04\x03\x03\x03\
\x06\x06\xfa\xeb\xd9\xd9\xd9\xd9\xd9\xd6\xd9\xe8\xe8\xe8\xe1\xe7\
\xfc\xff\x00\x01\x01\x01\xfc\xf8\xfa\xf7\xf7\xf8\xf8\xf8\xf7\xf8\
\xfc\x0b\x1d\x1b&(((#\x19\x08\xfa\xed\xdc\xd2\xce\
\xce\xce\xd1\xdb\xed\xf5\x02\x05\xfd\x00\xf3\xef\xf8\xff\x00\xf4\
\x81?\xf1\xf1\xf0\xee\xe9\xea\xf3\xfd\x00\xfd\x00\xf8\xe6\xd9\
\xcd\xc5\xc5\xc5\xd2\xe1\xe4\xef\xfb\x01\x02\x06\xfd\x00\xf9\xfb\
\xf9\x06\xf9\xea\xe4\xdf\xdd\xda\xd2\xcb\xd5\xde\xe1\xea\xf1\x06\
\x06\x09\x0a\x07\xf4\xf4\x01\x01\x01\x01\x03\x09\x0b\x0a\x06\xe0\
\xe0\xf0\x19\x03\x0d\x07\x00\x07\x18&&&\x15\x02\xfc\x07\
\x0b\x00\xee\xe0\xff\xf0\xfa\xf9\xf8\x16\x15\x11\x09\x83?!\
\x15\x09\x05\x05\x05\x04\x09\x10\x1d\x1f$(((--\
$\x22\x22\x22\x22$(\x16\x0f\xff\xff\xff\x01\x01\x16\x10\
\x14\x14\x14\x15\x1bCILLLH5'\x1e\x0b\xff\
\xff\xff\x09\x1b'.>KKK=,'\x1f\x16\x1b\
\x12\x11\x11\x11\x11\x16\x1f&/8=>>>=8\
/<3:/5@DLI\x00=\x81?\xed\xed\
\xf0\xf4\xf4\xf4\xf6\xf8\xfb\xf7\xfa\x00\x06\x08\x0c\x10\x10\x10\
\x06\x02\xfe\xf7\xf3\xf3\xf5\xf6\x04\x14\x13\x1d\x1b\x17\x13\x1b\
\x1c\x1b\x1b\x19\x10\x0d\x03\x05\xfd\xf3\xed\x09\x09\x05\x02\x06\
\x04\x03\x02\x02\x02\x0b\x10\x09\x05\x07\x09\x1d\x1d\x17\x19\x0f\
\x08\x06\x05\xfc\xf4\xed\xed\xed\xf3\xfc\x04\x06\x05\x0c\x15\x1d\
\x06\x0a\x19\x12\x16\x0e\x0e\x0d\x0a\x83\x00\x80\x02\x00\x0c\x00\
\x07\x00\x01\x00\x07\x00\x00\x00\x80\x02\xfa\x00\xf4\x81\x85\x80\
\x02\x1e\x00=\x81\x85\x00\x80\x02\x00\x0c\x00\x07\x00\x01\x00\
\x07\x00\x00\x00\x80\x02\xf9\x00\xf4\x81\x85\x80\x02\x1d\x00=\
\x81\x85\x00\x80\x02\x00\x0c\x00\x09\x00\x01\x00\x07\x00\x00\x00\
\x80@\xffd\x80\x00\xf4\x81\x85\x80\x02\x1e\x00=\x81\x85\
\x00\x80\x02\x00\x0c\x00\x09\x00\x01\x00\x07\x00\x00\x00\x80@\
\xffd\x80\x00\xf4\x81\x85\x80\x02\x1e\x00=\x81\x85\x00\x80\
\x02\x00\x0c\x00\xd2\x00\x01\x00\xd2\x00\x00\x00?\xfb\xf4\xf5\
\xfb\xfb\xfb\x01\x08\x0a\xf9\xf6\xdf\xcc\xcc\xcc\xe8\xf2\xf4\x0f\
\x0f\x0f\x0a\xf6\xe0\x0a\x04\x03\x03\x03\x06\x06\xfa\xeb\xd9\xd9\
\xd9\xd9\xd9\xd6\xd9\xe8\xe8\xe8\xe1\xe7\xfc\xff\x00\x01\x01\x01\
\xfc\xf8\xfa\xf7\xf7\xf8\xf8\xf8\xf7\xf8\xfc\x0b\x1d&&(\
((#\x19\x08\xfa\xed\xdc\xd2\xce\xce\xce\xd1\xdb\xed\xf5\
\x02\x05\xfd\x00\xf3\xef\xf8\xff\xf5\xe7\xec\xf6\xf6\xe2\xe2\x0d\
\x0d\x0d\x07\x00\xf4\x81?\xf1\xf1\xf0\xee\xe9\xea\xf3\xfd\x00\
\xfd\x00\xf8\xe6\xd9\xcd\xc5\xc5\xc5\xd2\xe1\xe4\xef\xfb\x01\x02\
\x06\xfd\x00\xf9\xfb\xf9\x06\xf9\xea\xe4\xdf\xdd\xda\xd2\xcb\xd5\
\xde\xe1\xea\xf1\x06\x06\x09\x0a\x07\xf4\xf4\x01\x01\x01\x01\x03\
\x09\x0b\x0a\x06\xe0\xe0\xf0\x1f\x03\x0d\x07\x00\x07\x18&&\
&\x15\x02\xfc\x07\x0b\x00\xee\xe0\xff\xf0\xfa\xf9\xf8\x16\x15\
\x11\x09\xd4\xf4\xe5\xd1\xde\xde\x81\x02\xd7\xd1\xc6\x83?!\
\x15\x09\x05\x05\x05\x04\x09\x10\x1d\x1f$(((--\
$\x22\x22\x22\x22$(\x16\x0f\xff\xff\xff\x01\x01\x16\x10\
\x14\x14\x14\x15\x1bCILLLH5'\x1e\x0b\xff\
\xff\xff\x09\x1b'.>KKK=,'\x1f\x16&\
\x12\x11\x11\x11\x11\x16\x1f&/8=>>>=8\
/<3:/5@DLI4&)\x17\x175\
5\x08\x08\x08&\x00=\x81?\xed\xed\xf0\xf4\xf4\xf4\xf6\
\xf8\xfb\xf7\xfa\x00\x06\x08\x0c\x10\x10\x10\x06\x02\xfe\xf7\xf3\
\xf3\xf5\xf6\x04\x14\x13\x1d\x1b\x17\x13\x1b\x1c\x1b\x1b\x19\x10\
\x0d\x03\x05\xfd\xf3\xed\x09\x09\x05\x02\x06\x04\x03\x02\x02\x02\
\x0b\x10\x09\x05\x07\x09\x1d\x1d\x17$\x0f\x08\x06\x05\xfc\xf4\
\xed\xed\xed\xf3\xfc\x04\x06\x05\x0c\x15\x1d\x06\x0a\x19\x12\x16\
\x0e\x0e\x0d\x0aDC?=00\x05\x05 5D\x83\
\x00\x80\x02\x00\x0c\x00\x07\x00\x01\x00\x07\x00\x00\x00\x80\x02\
\xfa\x00\xf4\x81\x85\x80\x02\x1e\x00=\x81\x85\x00\x80\x02\x00\
\x0c\x00\xc7\x00\x01\x00\xc8\x00\x00\x00\x0f\xfe\xf6\xf6\xfb\xfb\
\xfb\x02\x0b\x0f\x06\x01\x01\x01\x07\x09\xff\x82?\xfc\xfa\xfe\
\x04\x06\x07\x0c\x0c\x07\x05\xf9\xf5\xfc\x03\xfe\xff\xff\xff\xff\
\xfd\xfc\x00\xfd\xf8\xf9\xec\xd9\xd9\xd9\xd9\xd9\xdd\xe0\xef\xef\
\xef\xe7\xec\xfc\xfc\xeb\xeb\xf6\xf8\x14\x14\x14\x0e\xfa\xe4\x00\
\xfa\xe3\xcf\xcf\xcf\xec\x00\x0e\x1f')))\x0e%\x1a\
\x0a\xfe\xf1\xe2\xd7\xd4\xd4\xd4\xd7\xe0\xf1\x00\xfa\x81?\xef\
\xef\xef\xed\xe8\xea\xf3\xfd\x00\x02\xfc\x02\xfe\x01\x01\x07\x17\
\x08\xf4\xf4\x01\x01\x01\xf1\xf4\xff\x01\xfc\xfa\x17\x15\x12\x0a\
\x02\x00\x03\x0a\x0c\x0a\x07\x07\x07\x09\x0a\x00\xef\xe7\xe2\xdf\
\xdc\xd3\xcc\xd6\xdf\xe1\xe9\xef\xef\xe1\xe1\xef\xc6\xc6\xd3\x1f\
\xe1\xe4\xee\xfa\x00\x03\x04\xfa\xe8\xda\xce\xc6\xe3\xe3\xf3\x05\
\x0e\x08\x01\x07\x16$$$\x14\x01\xfc\x08\x0c\x02\xf0\xe3\
\x83?#\x16\x0a\x05\x05\x05\x03\x05\x0a\x01\xf4\xf4\xf4\xf4\
\xf4\xf9\xfe\xfe\xfe\x09\x1d*(3<B:49D\
HSULPQQQB/*\x1b\x07\xfe\xfe\x02\
\x02\x02\x03\x09GMQQQL8\x06\x06RR0\
23!330-+\x1b\x1c\x1d\x1e\x1e\x1e$*\
!\x18\x13\x12\x12\x12\x13\x17 )1<ACCC\
B<2\x00B\x81?\xeb\xeb\xf0\xf8\xfe\xfe\x00\x04\x06\
\x09\x10\x16\x19\x1e\x1d\x1d\x18\x07\x04\x03\x02\x02\x02\x0c\x15\
\x1e\x17\x15\x18\x0f\x0e\x0f\x0e\x0b\x06\x0e\x09\x06\x06\x0a\x0a\
\x0a\x0f\x13\x15 #$)(\x1e\x1c\x10\x05\xfd\xf2\xeb\
\x09\x09\x09\x09\x06\x06\x06\x1f\x0a\x0a\x06\x03\x03\x06\x09\x0c\
\x0f\x11\x0d\x06  \x1a\x11\x09\x07\x06\xfc\xf2\xeb\xeb\xeb\
\xf2\xfb\x04\x07\x06\x0e\x17 \x83\x80\x02\x00\x0c\x00,\x00\
\x01\x00-\x00\x00\x00\x81\x14\xca\xca\xc9\xc7\xc3\xbb\xbf\xc8\
\xc8\xc8\xfd\xfd\xfd\xef\xef\xe5\xd2\xca\xca\x00\xcb\x81\x82\x07\
\xff\x03\x01\x01\x01\x0c\x0b\xf9\x81\x06\x12(,,,\x1f\
\x12\x84\x16\xfb\xfb2253/0:CCC\x0c\
\x0c\x0c\x10\x19\x22/22\x00@\x81\x82\x07\x09\x0d\x02\
\x02\x02\x03\xfc\xf1\x81\x06\xf9\xef\xe3\xe3\xe3\xee\xf4\x84\x80\
\x02\x00\x0c\x00>\x00\x01\x00?\x00\x00\x00\x81\x01\xfd\xfd\
\x81\x18\xca\xca\xc6\xc6\xca\xca\xc8\xc6\xc3\xba\xbe\xc7\xc7\xc7\
\xfd\xfd\xfd\xee\xee\xe4\xd2\xca\xca\x00\xca\x81\x80\x03\x0b\x0b\
\xf1\xf1\x81\x0b\xf1\xf1\x0b\x0b\xff\x03\x01\x01\x01\x0c\x0b\xf9\
\x81\x06\x12(,,,\x1f\x12\x84\x1e\xfb\xfb\x0c\x0c\xfb\
\xfb33//336400:CCC\x0c\
\x0c\x0c\x11\x1a\x22033\x00A\x81\x80\x03\xed\xed\xfc\
\xfc\x81\x0b\xfc\xfc\xed\xed\x09\x0d\x02\x02\x02\x03\xfc\xf1\x81\
\x06\xf9\xef\xe3\xe3\xe3\xee\xf4\x84\x80\x02\x00\x0c\x00\x08\x00\
\x01\x00\x06\x00\x00\x02\x01\x01\x02A\xff4\xff\xcb\x01\xf0\
\x00\x010@\x01\x12\x00\x80\x02\x00\x0c\x00\x09\x00\x01\x00\
\x07\x00\x00\x00\x80@\xffN\x80\x00\xcb\x81\x85\x80\x02\x16\
\x00@\x81\x85\x00\x80\x02\x00\x0c\x00\x0b\x00\x01\x00\x0b\x00\
\x00\x05\x04\x01\x02\x02\x02\x02\x04\x04\xcf\x04\xcf\xd8\x81\x02\
\xe2\xf6\x00\x04\xf7/\xf6/$\x81\x02\x0d\x0c\x00\x00\x80\
\x02\x00\x0c\x00\x09\x00\x01\x00\x09\x00\x00\x00\x05\x04\x04\xce\
\xce\x00\xd6\x81\x87\x05\xfe\xfe66\x008\x81\x87\x00\x80\
\x02\x00\x0c\x00\x07\x00\x01\x00\x07\x00\x00\x00\x80\x02\xe9\x00\
\xd6\x81\x85\x80\x02\x1a\x008\x81\x85\x00\x80\x02\x00\x0c\x00\
\x07\x00\x01\x00\x07\x00\x00\x00\x80\x02\xe8\x00\xd6\x81\x85\x80\
\x02\x19\x008\x81\x85\x00\x80\x02\x00\x0c\x00\x09\x00\x01\x00\
\x07\x00\x00\x00\x80@\xffS\x80\x00\xd6\x81\x85\x80\x02\x1a\
\x008\x81\x85\x00\x80\x02\x00\x0c\x00\x07\x00\x01\x00\x07\x00\
\x00\x00\x80\x02\xe9\x00\xd6\x81\x85\x80\x02\x1a\x008\x81\x85\
\x00\x80\x02\x00\x0c\x00\x07\x00\x01\x00\x07\x00\x00\x00\x80\x02\
\xea\x00\xd6\x81\x85\x80\x02\x1a\x008\x81\x85\x00\x80\x02\x00\
\x0c\x00\x07\x00\x01\x00\x07\x00\x00\x00\x80\x02\xe9\x00\xd6\x81\
\x85\x80\x02\x1a\x008\x81\x85\x00\x80\x02\x00\x0c\x00\x07\x00\
\x01\x00\x07\x00\x00\x00\x80\x02\xec\x00\xd8\x81\x85\x80\x02\x12\
\x00$\x81\x85\x00\x80\x02\x00\x0c\x00\x07\x00\x01\x00\x07\x00\
\x00\x00\x80\x02\xe9\x00\xd6\x81\x85\x80\x02\x1a\x008\x81\x85\
\x00\x80\x02\x00\x0c\x00\x07\x00\x01\x00\x07\x00\x00\x00\x80\x02\
\xe9\x00\xd6\x81\x85\x80\x02\x1a\x008\x81\x85\x00\x80\x02\x00\
\x0c\x00\x07\x00\x01\x00\x07\x00\x00\x00\x80\x02\xe9\x00\xd6\x81\
\x85\x80\x02\x1a\x008\x81\x85\x00\x80\x02\x00\x0c\x00\x07\x00\
\x01\x00\x07\x00\x00\x00\x80\x02\xe9\x00\xd6\x81\x85\x80\x02\x1a\
\x008\x81\x85\x00\x80\x02\x00\x0c\x00\x07\x00\x01\x00\x07\x00\
\x00\x00\x80\x02\xe9\x00\xd8\x81\x85\x80\x02\x13\x00$\x81\x85\
\x00\x80\x02\x00\x0c\x00\x07\x00\x01\x00\x07\x00\x00\x00\x80\x02\
\xe9\x00\xd6\x81\x85\x80\x02\x1a\x008\x81\x85\x00\x80\x02\x00\
\x0c\x00\x07\x00\x01\x00\x07\x00\x00\x00\x80\x02\xd8\x00\xbc\x81\
\x85\x80\x02$\x00K\x81\x85\x00\x80\x02\x00\x0c\x000\x00\
\x01\x000\x00\x00\x00\x16\xea\xf3\xfb\x03\x03\x00\x02\xff\x0b\
\x10\x0c\x0c\x0c\xd6\xd6\xd6\xe1\x0c\x0c\xd5\xd5\x00\xe4\x81\x0b\
\xf7\xf7\xf5\xf2\xd0\xd0\xd2\xd2\xd2\xda\xe1\xe2\x81\x06\xea\xe8\
\xf7\xf6\xe2\xe2\xf6\x83\x16\x22\x19\x0b\x02\x02\x05\x02\x03\xfa\
\xf4\xf4\xf4\xf4++++\xf3\xf3++\x00'\x81\x0b\
\xde\xde\xe2\xe4\x0c\x0c\x0b\x0b\x0b\x03\xf8\xf6\x81\x06\xed\xed\
\xde\x0c\x0d\x0d\x0c\x83\x00\x80\x02\x00\x0c\x00(\x00\x01\x00\
(\x00\x00\x00\x12\xea\xf3\xfb\x03\x03\x00\x02\xff\x0b\x10\x0c\
\x0c\x0c\xd6\xd6\xd6\xe1\x00\xe4\x81\x0b\xf7\xf7\xf5\xf2\xd0\xd0\
\xd2\xd2\xd2\xda\xe1\xe2\x81\x02\xea\xe8\xf7\x83\x12* \x13\
\x0a\x0a\x0c\x09\x0b\x02\xfb\xfb\xfb\xfb3333\x00/\
\x81\x0b\xde\xde\xe2\xe4\x0c\x0c\x0b\x0b\x0b\x03\xf8\xf6\x81\x02\
\xed\xed\xde\x83\x00\x80\x02\x00\x0c\x00\x09\x00\x01\x00\x07\x00\
\x00\x00\x80@\xff[\x80\x00\xe4\x81\x85\x80\x02\x17\x00/\
\x81\x85\x00\x80\x02\x00\x0c\x00\x1e\x00\x01\x00\x1e\x00\x00\x00\
\x0d\x01\x01\xcb\xcb\x06\xcf\xbf\xcb\x00\xea\xcb\xcb\x00\xd2\x81\
\x03\xff\xff\xff\xcc\x81\x00\x05\x81\x02\x1d\xfb\xff\x83\x0d\xfb\
\xfb--\x07LIO\x0a --\x00Q\x81\x03\xff\
\xff\xff!\x81\x00\xf5\x81\x02\xeb\xfe\xff\x83\x00\x80\x02\x00\
\x0c\x00\x08\x00\x01\x00\x06\x00\x00\x02\x01\x01\x02A\xff4\
\xff\xd2\x01\xed\x00\x01/Q\x01\xf8\x00\x80\x02\x00\x0c\x00\
\x07\x00\x01\x00\x0a \x00\x00\x80\x02\xe9\x00\xd2\x81\x85\x02\
\x01\x01\x02\x01-Q\x01\x01\x00\x80\x02\x00\x0c\x00\x1b\x00\
\x01\x00\x1b\x00\x00\x00\x0d\x05\x05\xcf\xcf\x00\xcd\xbd\xd0\x05\
\xdf\xcf\xcf\x00\xed\x81\x82\x00\xd0\x81\x00\xfb\x81\x01 \x0e\
\x84\x0d\xf7\xf7//\x06JXL\x0c\x11//\x00N\
\x81\x82\x00\x0d\x81\x00\xdc\x81\x01\xef\x1d\x84\x00\x80\x02\x00\
\x0c\x00\x09\x00\x01\x00\x09\x00\x00\x00\x05\x03\x03\xcd\xcd\x00\
\xd5\x81\x87\x05\xfa\xfa11\x00-\x81\x87\x00\x80\x02\x00\
\x0c\x00\x07\x00\x01\x00\x07\x00\x00\x00\x80\x02\xe8\x00\xd5\x81\
\x85\x80\x02\x15\x00-\x81\x85\x00\x80\x02\x00\x0c\x00\x07\x00\
\x01\x00\x0a \x00\x00\x80\x02\xd4\x00\xb0\x81\x85\x02\x01\x01\
\x02\x012c\x01\x10\x00\x80\x02\x00\x0c\x00\x07\x00\x01\x00\
\x0a \x00\x00\x80\x02\xe8\x00\xd5\x81\x85\x02\x01\x01\x02\x01\
\x15-\x01\x01\x00\x80\x02\x00\x0c\x00\x06\x00\x01\x00\x06\x00\
\x00\x02\x01\x01\x02\x01\xf3\xbf\x01\x04\x00\x01'O\x01\x05\
\x00\x80\x02\x00\x0c\x00\x07\x00\x01\x00\x07\x00\x00\x00\x80\x02\
\xd5\x00\xb9\x81\x85\x80\x02-\x00T\x81\x85\x00\x80\x02\x00\
\x0c\x00\x1d\x00\x01\x00\x1d\x00\x00\x00\x0d\x0c\x0c\x12\x12\x0c\
\x0c\xd6\xd6\xd5\xd5\xd6\xd6\x00\xec\x81\x80\x03,+\x06\x07\
\x81\x03\xf2\xf5\x1a\x17\x84\x0d\x02\x02\x03\x03\x02\x0299\
II99\x00C\x81\x80\x03\xfe\x02\x09\x06\x81\x03\x1a\
\x1d\x15\x13\x84\x00\x80\x02\x00\x0c\x00N\x00\x01\x00Q\x00\
\x00\x00(\x03\x03\xd2\xd2\xd1\xd1\xd2\xcf\xcf\xce\xcc\xcb\xcb\
\xc7\xc5\xc5\xc5\xc5\xf4\xf4\xf4\xeb\xe8\xdf\xd1\xca\xcb\xcc\xcc\
\xcc\xfb\xfb\xfb\xf2\xef\xe7\xd8\xd2\xd2\x00\xc7\x81\x82\x01\xfa\
\xfb\x83\x01\xfc\xfb\x82\x02\x05\x07\x03\x81\x09\x0b\x19  \
 \x14\x0b\x0a\x05\x03\x81\x06\x0b\x19   \x14\x0c\x84\
(\xfd\xfd::=<;>>@CECIM\
MMM\x0f\x0f\x0f\x19\x1f+=CCCCC\x07\
\x07\x07\x10\x16!3::\x00I\x81\x82\x0d\x09\x07\x01\
\x01\x01\xfe\x05\x05\x01\x01\x01\xfb\xf7\xfb\x81\x09\xf1\xdf\xd7\
\xd7\xd7\xe5\xf1\xf3\xf8\xfb\x81\x06\xf1\xdf\xd7\xd7\xd7\xe5\xf1\
\x84\x80\x02\x00\x0c\x00\x07\x00\x01\x00\x07\x00\x00\x00\x80\x02\
\xe4\x00\xc7\x81\x85\x80\x02$\x00I\x81\x85\x00\x80\x02\x00\
\x0c\x00-\x00\x01\x00-\x00\x00\x00\x16\x03\x03\xcd\xcd\xcb\
\xcb\xc9\xc0\xc4\xcd\xcd\xcd\x03\x03\x03\xf4\xf4\xe9\xd5\xcd\xcd\
\x00\xd0\x81\x82\x07\xfb\x00\x01\x01\x01\x0c\x0b\xf9\x81\x06\x12\
(,,,\x1e\x10\x84\x16\xfd\xfd558734\
>GGG\x10\x10\x10\x14\x1d%155\x00D\x81\
\x82\x07\xff\x04\x02\x02\x02\x03\xfc\xf1\x81\x06\xf9\xef\xe3\xe3\
\xe3\xed\xf2\x84\x00\x80\x02\x00\x0c\x00\x07\x00\x01\x00\x07\x00\
\x00\x00\x80\x02\xe8\x00\xd0\x81\x85\x80\x02\x22\x00D\x81\x85\
\x00\x80\x02\x00\x0c\x00\x09\x00\x01\x00\x09\x00\x00\x00\x03\xf7\
\xf1\x00\xc7\x81\x00\xee\x84\x03\x13\x15\x00T\x81\x00 \x84\
\x00\x80\x02\x00\x0c\x00\x09\x00\x01\x00\x07\x00\x00\x00\x80@\
\xffR\x80\x00\xd0\x81\x85\x80\x02\x22\x00D\x81\x85\x00\x80\
\x02\x00\x0c\x00\x07\x00\x01\x00\x0a \x00\x00\x80\x02\xe8\x00\
\xd0\x81\x85\x02\x01\x01\x02\x01\x22D\x01\x01\x00\x80\x02\x00\
\x0c\x00\x07\x00\x01\x00\x07\x00\x00\x00\x80\x02\xd0\x00\xb4\x81\
\x85\x80\x02D\x00k\x81\x85\x00\x80\x02\x00\x0c\x00\x07\x00\
\x01\x00\x07\x00\x00\x00\x80\x02\xe8\x00\xd0\x81\x85\x80\x02\x22\
\x00D\x81\x85\x00\x80\x02\x00\x0c\x00>\x00\x01\x00@\x00\
\x00\x00\x1d\x0a\x0a\x0a\x0a\x0a\x0a\x0a\x0a\xfa\xfb\xf0\xdc\xd4\
\xd4\x0a\x0a\xd4\xd4\xd3\xd2\xcf\xc7\xcb\xd4\xd4\xd4\xd4\xd9\xe8\
\xf7\x83\x03\x1c\xf6\xf6\xfb\x81\x06\x12(,,,\x1e\x10\
\x83\x07\xfb\x00\x01\x01\x01\x0c\x0b\xf9\x81\x02\x0e\x1c\x1c\x83\
\x1f\x18\x18\x14\x12\x11\x11\x11\x11\x15\x1f&266\xfe\
\xfe669845@IIIIRK3\x00\
X\x81\x0c\xf5\x0b\x0b\x04\xff\x00\xf9\xef\xe3\xe3\xe3\xed\xf2\
\x83\x0c\x06\x0b\x02\x02\x02\x03\xfc\xf1\x00\xf7\xf4\xf5\xf5\x83\
\x00\x80\x02\x00\x0c\x00N\x00\x01\x00N\x00\x00\x00%\xea\
\xf1\xfc\x02\x02\x02\x02\xfc\xf1\xea\xe4\xda\xd4\xd4\xd4\xd4\xda\
\xe4\xea\xf5\x04\x0a\x0a\x0a\x0a\x04\xf5\xea\xdf\xd2\xcc\xcc\xcc\
\xcc\xd2\xdf\x00\xd6\x81#\xff\xff\xfd\xff\x06\xfa\x01\x03\x01\
\x01\x01\x03\x02\xfa\x06\xff\xfd\xff\xd8\xd8\xdf\xf4\x0b\xf6\x0d\
\x22(((\x22\x0d\xf6\x0b\xf4\xdf\xd8\x83%\x1c\x1e\x0d\
\xfb\xfb\xfb\xfb\x0d\x1e\x1c\x1a,????,\x1a\x1d\
\x0e\x07\x09\x09\x09\x09\x07\x0e\x1d,411114\
,\x00:\x81#\xfe\xfe\xf4\xe8\xe6\x1a\x18\x0c\x02\x02\x02\
\x0c\x18\x1a\xe6\xe8\xf4\xfe\x1b\x1b\x08\xec\xe2\x1f\x14\xf9\xe5\
\xe5\xe5\xf9\x14\x1f\xe2\xec\x08\x1b\x83\x00\x80\x02\x00\x0c\x00\
\x07\x00\x01\x00\x07\x00\x00\x00\x80\x02\xeb\x00\xd6\x81\x85\x80\
\x02\x1c\x00:\x81\x85\x00\x80\x02\x00\x0c\x00\x07\x00\x01\x00\
\x07\x00\x00\x00\x80\x02\xea\x00\xd6\x81\x85\x80\x02\x1b\x00:\
\x81\x85\x00\x80\x02\x00\x0c\x00\x09\x00\x01\x00\x07\x00\x00\x00\
\x80@\xffU\x80\x00\xd6\x81\x85\x80\x02\x1c\x00:\x81\x85\
\x00\x80\x02\x00\x0c\x00\x07\x00\x01\x00\x07\x00\x00\x00\x80\x02\
\xeb\x00\xd6\x81\x85\x80\x02\x1c\x00:\x81\x85\x00\x80\x02\x00\
\x0c\x00\x08\x00\x01\x00\x08\x00\x00\x00\x80\x03\xeb\xeb\x00\xd6\
\x81\x86\x80\x03\x1d\x1c\x00:\x81\x86\x00\x80\x02\x00\x0c\x00\
\x07\x00\x01\x00\x07\x00\x00\x00\x80\x02\xeb\x00\xd6\x81\x85\x80\
\x02\x1c\x00:\x81\x85\x00\x80\x02\x00\x0c\x00\x07\x00\x01\x00\
\x07\x00\x00\x00\x80\x02\xeb\x00\xd6\x81\x85\x80\x02\x1c\x00:\
\x81\x85\x00\x80\x02\x00\x0c\x00\x0b\x00\x01\x00\x0b\x00\x00\x00\
\x80\x03\xeb\xeb\x00\xd6\x81\x81\x00\xfd\x83\x80\x03\x1c\x1c\x00\
:\x81\x81\x00=\x83\x00\x80\x02\x00\x0c\x00\x07\x00\x01\x00\
\x07\x00\x00\x00\x80\x02\xeb\x00\xd6\x81\x85\x80\x02\x1c\x00:\
\x81\x85\x00\x80\x02\x00\x0c\x00\x07\x00\x01\x00\x07\x00\x00\x00\
\x80\x02\xec\x00\xd6\x81\x85\x80\x02\x1c\x00:\x81\x85\x00\x80\
\x02\x00\x0c\x00\x08\x00\x01\x00\x08\x00\x00\x00\x80\x03\xec\xeb\
\x00\xd6\x81\x86\x80\x03\x1c\x1c\x00:\x81\x86\x00\x80\x02\x00\
\x0c\x00\x0b\x00\x01\x00\x0b\x00\x00\x00\x80\x03\xeb\xeb\x00\xd6\
\x81\x81\x00\xf6\x83\x80\x03\x1c\x1c\x00:\x81\x81\x00\x10\x83\
\x00\x80\x02\x00\x0c\x00\x07\x00\x01\x00\x07\x00\x00\x00\x80\x02\
\xeb\x00\xd6\x81\x85\x80\x02\x1d\x00:\x81\x85\x00\x80\x02\x00\
\x0c\x00\x07\x00\x01\x00\x07\x00\x00\x00\x80\x02\xeb\x00\xd6\x81\
\x85\x80\x02\x1c\x00:\x81\x85\x00\x80\x02\x00\x0c\x00\x07\x00\
\x01\x00\x07\x00\x00\x00\x80\x02\xeb\x00\xd6\x81\x85\x80\x02\x1c\
\x00:\x81\x85\x00\x80\x02\x00\x0c\x00\x07\x00\x01\x00\x07\x00\
\x00\x00\x80\x02\xfe\x00\xd6\x81\x85\x80\x02 \x00:\x81\x85\
\x00\x80\x02\x00\x0c\x00\x08\x00\x01\x00\x0b\x00\x00\x00\x80\x03\
\xfe\xec\x00\xd6\x81\x86\x80\x03 \x1d\x00:\x81\x81\x00\x1f\
\x83\x80\x02\x00\x0c\x00\x08\x00\x01\x00\x08\x00\x00\x00\x80\x03\
\xfe\xec\x00\xd6\x81\x86\x80\x03 \x1d\x00:\x81\x86\x00\x80\
\x02\x00\x0c\x00\x08\x00\x01\x00\x0b\x00\x00\x00\x80\x03\xfe\xec\
\x00\xd6\x81\x86\x80\x03 \x1d\x00:\x81\x81\x00\x1f\x83\x80\
\x02\x00\x0c\x00\x08\x00\x01\x00\x0b\x00\x00\x00\x80\x03\xfe\xec\
\x00\xd6\x81\x86\x80\x03 \x1d\x00:\x81\x81\x00\x1f\x83\x80\
\x02\x00\x0c\x00\x08\x00\x01\x00\x0b\x00\x00\x00\x80\x03\xfe\xec\
\x00\xd6\x81\x86\x80\x03 \x1d\x00:\x81\x81\x00\x1f\x83\x80\
\x02\x00\x0c\x00\x07\x00\x01\x00\x07\x00\x00\x00\x80\x02\xeb\x00\
\xd6\x81\x85\x80\x02\x1c\x00:\x81\x85\x00\x80\x02\x00\x0c\x00\
\x07\x00\x01\x00\x07\x00\x00\x00\x80\x02\xeb\x00\xd6\x81\x85\x80\
\x02\x1c\x00:\x81\x85\x00\x80\x02\x00\x0c\x00\x07\x00\x01\x00\
\x07\x00\x00\x00\x80\x02\xeb\x00\xd6\x81\x85\x80\x02\x1c\x00:\
\x81\x85\x00\x80\x02\x00\x0c\x00\x06\x00\x01\x00\x06\x00\x00\x02\
\x01\x01\x02\x01\xda\xd6\x01\xf8\x00\x01\x0d:\x01\xfa\x00\x80\
\x02\x00\x0c\x00V\x00\x01\x00V\x00\x00\x00)\xee\xfa\xf0\
\xe0\xea\xf1\xfc\x02\x02\x02\x02\xfc\xf1\xea\xe4\xda\xd4\xd4\xd4\
\xd4\xda\xe4\xea\xf5\x04\x0a\x0a\x0a\x0a\x04\xf5\xea\xdf\xd2\xcc\
\xcc\xcc\xcc\xd2\xdf\x00\xd7\x81'\x1e\x1a\xde\xe1\xff\xff\xfd\
\xff\x06\xfa\x01\x03\x01\x01\x01\x03\x02\xfa\x06\xff\xfd\xff\xd8\
\xd8\xdf\xf4\x0b\xf6\x0d\x22(((\x22\x0d\xf6\x0b\xf4\xdf\
\xd8\x83)\x08\x03%'\x1c\x1e\x0d\xfb\xfb\xfb\xfb\x0d\x1e\
\x1c\x1a,????,\x1a\x1d\x0e\x07\x09\x09\x09\x09\
\x07\x0e\x1d,411114,\x005\x81'\x06\
\x0b\x05\x01\xfe\xfe\xf4\xe8\xe6\x1a\x18\x0c\x02\x02\x02\x0c\x18\
\x1a\xe6\xe8\xf4\xfe\x1b\x1b\x08\xec\xe2\x1f\x14\xf9\xe5\xe5\xe5\
\xf9\x14\x1f\xe2\xec\x08\x1b\x83\x00\x80\x02\x00\x0c\x00\x07\x00\
\x01\x00\x07\x00\x00\x00\x80\x02\xec\x00\xd7\x81\x85\x80\x02\x1b\
\x005\x81\x85\x00\x80\x02\x00\x0c\x00\x07\x00\x01\x00\x07\x00\
\x00\x00\x80\x02\xeb\x00\xd6\x81\x85\x80\x02\x1c\x00:\x81\x85\
\x00\x80\x02\x00\x0c\x00\x0b\x00\x01\x00\x0b\x00\x00\x00\x80\x03\
\xeb\xeb\x00\xd6\x81\x81\x00\xde\x83\x80\x03\x1c\x1c\x00:\x81\
\x81\x00\x14\x83\x00\x80\x02\x00\x0c\x00\x95\x00\x01\x00\x98\x00\
\x00\x00-\xe1\xe8\xf3\xf9\xf9\xf9\xf9\xf4\xeb\xe6\xe7\xe9\xe7\
\xe4\xe4\xe4\xe0\xdc\xd0\xcc\xd0\xd0\xd0\xca\xca\xca\xd7\xe5\xe8\
\xf3\x06\x06\x06\xd0\xd0\xd0\xdc\xdc\xe5\xe2\xe5\xe8\xe5\xe1\xed\
\xfa\x83\x17\xfa\xed\xe1\xd5\xc8\xc3\xc3\xc3\xc3\xc8\xd5\xca\x06\
\x06\x06\x02\xf6\xea\xe5\xd6\xca\xca\x00\xc6\x81?\xff\xff\xfd\
\x00\x07\xf9\x00\x03\x01\x01\x01\xfd\xf5\xec\xfa\x02\x01\x01\x01\
\x0d\x17\x13\x0c\x0c\xe0\xc9\xc5\xd1\xd1\xd1\xd9\xf5\xfa\xfa\xf5\
\x04\xff\xff\xff\x03\x17\x07\xff\xd1\xd1\xd9\xf0\x07\xf9\x11'\
...'\x11\xf9\x07\xf0\xd9\xd1\xf5\xf5\xf9\x07\x0e$\
...1\x1e\xfe\x83?\xf1\x02\xff\xf0\xf0\xf0\xf0\xff\
\x08\xff\xfa\x04\x12\x11\x10\x19\x1d\x17\x16 ***5\
554&\x14\x08\xfc\xfc\xfc***\x1f\x19\x16\x0c\
\x0d\x0a\xfe\x0c\xfa\xf2\xf6\xf6\xf6\xf6\xf3\xfc\x0e (%\
%%%&\x1d5\xfe\xfe\x09\xfe\xfb\x05\x18*65\
5\x00\x14\x81?\xfb\xfb\xf1\xe4\xe33.\x1e\x10\x10\x10\
\x10\x0f\x0a\x0d\x10\x10\x10\x10\x16)<\xf3\xf3\xb0\xc6\xef\
\x09\x09\x09\xfe\xf4\x1a\x1a\xf4\x01\xfb\xfb\xfb\xfc\xfe\xfe\xfb\
\x09\x09\xf4\xdf\xde;2\x17\x03\x03\x03\x183;\xdf\xe7\
\xfb\x09\x13\x13E\x078\x19\x03\x03\x03\x198E\x83\x80\
\x02\x00\x0c\x00N\x00\x01\x00N\x00\x00\x00&\x03\x03\xcd\
\xcd\xcb\xcb\xce\xc9\xc7\xca\xcd\xcd\xcd\xcd\xcc\xd0\xd5\xcf\xca\
\xcd\xcd\xe4\xec\xfb\x03\x03\x03\x03\xfe\xf2\xe8\xdd\xcf\xcd\xcd\
\xcf\xdd\x00\xd2\x81\x82!\xfd\xfc\x01\x01\x01\x0f\x17\x08\xec\
\x09\xf5\xf4\xff\xff\xff\x06\x05\x00\xd4\xd4\xd6\xeb\x07\xec\x0d\
',,,\x19\x14\xee\xe5\xd4\x83&\xfd\xfd55?\
KD826<<<<7>NN?55\
\x13\x07\x01\x04\x04\x04\x04\x04\x0c\x1a\x221551 \
\x00;\x81\x82!\x04\x08\x02\x02\x02\x17/:1\xc4\xcb\
\xe8\xfe\xfe\xfe\xfc\x01\x00\x13\x13\xfc\xd3\xbb=*\x08\xf4\
\xf4\xf4\xfb\xfe\x08\x0c\x13\x83\x00\x80\x02\x00\x0c\x00\x07\x00\
\x01\x00\x07\x00\x00\x00\x80\x02\xe9\x00\xd2\x81\x85\x80\x02\x1d\
\x00;\x81\x85\x00\x80\x02\x00\x0c\x00N\x00\x01\x00N\x00\
\x00\x00&\x03\x03\xcd\xcd\xca\xcb\xce\xc9\xc7\xc9\xcc\xcc\xcc\
\xcc\xcb\xcf\xd4\xce\xc9\xcd\xcd\xe3\xec\xfa\x02\x02\x02\x02\xfd\
\xf3\xe9\xdd\xce\xcd\xcd\xcf\xdc\x00\xcf\x81\x82!\xfd\xfc\x01\
\x01\x01\x0f\x17\x08\xec\x09\xf5\xf4\xff\xff\xff\x06\x05\x00\xd4\
\xd4\xd6\xeb\x07\xec\x0d',,,\x19\x14\xee\xe5\xd4\x83\
&\xf7\xf7//:D>2+/55550\
7GG9//\x0d\x01\xfa\xfc\xfc\xfc\xfc\xfc\x06\x13\
\x1d,//*\x1a\x00/\x81\x82\x0f\x04\x08\x02\x02\x02\
\x17/:1\xc4\xcb\xe8\xfe\xfe\xfe\xfc\x81\x0f\x13\x13\xfc\
\xd3\xbb=*\x08\xf4\xf4\xf4\xfc\xfe\x08\x0c\x13\x83\x00\x80\
\x02\x00\x0c\x00I\x00\x01\x00I\x00\x00\x00#\x05\x05\x08\
\x02\xfb\xf9\x04\x04\x04\x04\x05\x02\xfc\x03\x08\x05\x05\xcf\xcf\
\xe8\xf6\x03\x05\x05\x03\xf3\xe8\xd6\xcf\xcf\xcf\xcf\xd5\xe0\x00\
\xd1\x81\x80\x0e\x07\x08\xff\xff\xff\x07\x0a\x01\x11\x0d\x01\x01\
\x01\xf9\xf8\x82\x0e\xd4\xd4\xe7\xf0\x12\x19,,,\x17\xe4\
\x0f\xf1\xd9\xd4\x83#\x0a\x0a\x01\xf4\xf3\xfb\xfe\xfe\xfe\xfe\
\x06\x05\xf6\xfa\x04\x0a\x0aBB \x1a\x0e\x0a\x0a\x0e\x1a\
#166666-\x00=\x81\x80\x0e\x0b\x04\xfe\
\xfe\xfe\xed\xc5D8\x18\x02\x02\x02\x02\xfe\x82\x0e\x12\x12\
\x10\x0c\xfb\xf8\xf1\xf1\xf1\x13+\xc4\xda\xfe\x12\x83\x00\x80\
\x02\x00\x0c\x00'\x00\x01\x00&\x00\x00\x00\x13\x07\x07\xd1\
\xd1\xcb\xd8\xda\xd8\xd6\xd3\xd3\xdb\xed\xf8\xe9\xd3\xd1\xd1\x00\
\xdb\x81\x82\x0d\x04\xfa\xff\xff\xff\xff\xff>;555\
&#\x84\x13\xfc\xfc440(049889\
=>;444\x00>\x81\x82\x01\xf2\xef\x82\x08\xff\
\xfe\xd2\xd2\xd2\xd2\xd2\xcb\xd2\x84\x80\x02\x00\x0c\x00\x07\x00\
\x01\x00\x07\x00\x00\x00\x80\x02\xea\x00\xdb\x81\x85\x80\x02\x0e\
\x00>\x81\x85\x00\x80\x02\x00\x0c\x00\x09\x00\x01\x00\x07\x00\
\x00\x00\x80@\xffT\x80\x00\xdb\x81\x85\x80\x02\x0e\x00>\
\x81\x85\x00\x80\x02\x00\x0c\x00\x07\x00\x01\x00\x0a \x00\x00\
\x80\x02\xec\x00\xdb\x81\x85\x02\x01\x01\x02\x01\x18>\x01\x01\
\x00\x80\x02\x00\x0c\x00\x07\x00\x01\x00\x07\x00\x00\x00\x80\x02\
\xea\x00\xdb\x81\x85\x80\x02\x0e\x00>\x81\x85\x00\x80\x02\x00\
\x0c\x00\x07\x00\x01\x00\x07\x00\x00\x00\x80\x02\xea\x00\xdb\x81\
\x85\x80\x02\x0e\x00>\x81\x85\x00\x80\x02\x00\x0c\x00^\x00\
\x01\x00^\x00\x00\x00\x80,\x03\x09\x09\xdd\xda\xed\xf9\x08\
\x1a\x1a\x1a\x07\xf4\x14\x07\x08\x08\x08\x04\xfc\xf6\xef\xe3\xdf\
\x04\x07\x00\xf7\xf5\xe9\xd9\xd9\xd9\xe5\xf7\xd6\xdb\xe6\xed\xed\
\xed\xf2\xfb\x00\xee\x81+\xff\xff\xff\x02\xf4\xe2\xd8\xd8\xd8\
\xe8\xf9\xff\x1a*\x0e\x19\x1c\x14\x0e\x05\x01\x01\x01\x08\x02\
\x11 )((($\x16\x05\xf3\xe2\x03\x00\xfa\xf5\xf0\
\xf7\xfe\xff\x83-)$\x15\xfb\x11\x19\x1e\x13\x09\xfe\xfe\
\xfe\xf1\xdd\x16\x06\xfa\xfa\xfa\x06\x15\x17\x17+9\x1a\x18\
\x12\x12\x17!---Ka$(3:::0\
'\x002\x81+\xfe\xfe\xe9\xed\x03\x13\x1d\x1d\x1d\x0c\xfe\
\xfc\xfa\x0a\xd8\xe5\xee\xf1\xf2\xfb\x02\x02\x02\x0d\x05\xf0\xe5\
\xde\xdf\xdf\xdf\xf0\xf9\xf5\xe6\xd5\x0f\x0d\x09\x07\x07\x06\x01\
\xfe\x83\x00\x80\x02\x00\x0c\x00\x07\x00\x01\x00\x07\x00\x00\x00\
\x80\x02\xf7\x00\xee\x81\x85\x80\x02\x19\x002\x81\x85\x00\x80\
\x02\x00\x0c\x00\x09\x00\x01\x00\x07\x00\x00\x00\x80@\xffa\
\x80\x00\xee\x81\x85\x80\x02\x19\x002\x81\x85\x00\x80\x02\x00\
\x0c\x00\x07\x00\x01\x00\x07\x00\x00\x00\x80\x02\xf7\x00\xee\x81\
\x85\x80\x02\x19\x002\x81\x85\x00\x80\x02\x00\x0c\x00\x09\x00\
\x01\x00\x07\x00\x00\x00\x80@\xffa\x80\x00\xee\x81\x85\x80\
\x02\x19\x002\x81\x85\x00\x80\x02\x00\x0c\x00\x07\x00\x01\x00\
\x0a \x00\x00\x80\x02\xf7\x00\xee\x81\x85\x02\x01\x01\x02\x01\
\x192\x01\x01\x00\x80\x02\x00\x0c\x00\x07\x00\x01\x00\x07\x00\
\x00\x00\x80\x02\xf7\x00\xee\x81\x85\x80\x02\x19\x002\x81\x85\
\x00\x80\x02\x00\x0c\x00^\x00\x01\x00^\x00\x00\x00-\xcb\
\xcb\xe7\x09\x1c!!!\x1f\x10\xfc\xfe\x07\x11\x14\x14\x14\
\xfd\xf2\xee\xdd\xcf\xcf\xcf\x05\x05\x05\x02\xfb\xf4\xe2\xdf\xdf\
\xdf\xe2\xe1\xec\xf0\xeb\xeb\xeb\xf0\xee\xdf\x00\xe1\x81\x16\xfe\
\xd2\xd2\xe3\xf8\x06\x05\x0c$77\x0b\x0b\x0c\x10\x17.\
888:$\xfe\x81\x12\xfe\x15\x17\x0a\x0a\x0a\x15\x17\
\x16\x12\x1c\x1b\x0f\x05\x08\x14\x16\x0a\xfe\x83-\x1f\x1f\x10\
\x03\x01\x02\x02\x02\x07\x15  \x14\x0c\x0b\x0b\x0b\x0b\x1a\
 (+++\xf3\xf3\xf3\xf2\xfe\x0f!,,,(\
\x19&5;;;2&\x1e\x00\x1b\x81\x16\xfa\x1d\x1d\
\x16\x0b\x00\xfe\xfa\xf1\xe9\xe9\x0c\x0c\xfe\xf2\xf6\xf5\xea\xea\
\xea\xea\xee\xf1\x81\x12\xf2\xec\xf5\x03\x03\x03\xfb\xf9\x06\x02\
\x02\xff\xfa\xf2\xea\xe7\xeb\xf3\xfa\x83\x00\x80\x02\x00\x0c\x00\
/\x00\x01\x00/\x00\x00\x00\x16\x07\x07\xfe\xfe\x07\x07\x07\
\x01\xf3\xe8\xe1\xde\xd7\xd7\xd6\xd5\xd5\xd2\xd1\xd1\xd1\x00\xde\
\x81\x80\x01**\x81\x0e0\x1f\x0d\x06\x06\x06\x06\x06,\
----,\x1f\x84\x16\xf0\xf0\xfe\xfe\xf0\xf0\xf0\xf4\
\x01\x11\x10\x16\x19\x19\x1b\x1e\x1e+(((\x00!\x81\
\x80\x01\xe1\xe1\x81\x0e\x0d\x0a\x09\x09\x09\x09\x0a\x0b\xe0\xe0\
\xe0\xe0\xe0\xf4\xfe\x84\x00\x80\x02\x00\x0c\x008\x00\x01\x00\
8\x00\x00\x00\x1a\xe8\xed\xfc\x09\x09\x09\xfa\xfa\x09\x09\xd3\
\xd3\xd8\xd8\xd3\xd3\xd3\xcf\xd0\xd2\xd4\xd4\xd4\xdc\xe0\x00\xd3\
\x81\x06\x02\x02\x00\xf8\xf0$$\x81\x01\x10\x10\x81\x0b$\
$\xf0\xe3\xda\xda\xda\xdb\xdc\x02\x02\x02\x83\x1a\x18\x04\xf5\
\xf3\xf3\xf3\xf8\xf8\xf3\xf3--\x22\x22---4+\
01007!\x00+\x81\x06\x02\x02\x06\x11\x1b\xdc\
\xdc\x81\x01\x07\x07\x81\x0b\xdc\xdc$-44455\
\x04\x05\x02\x83\x00\x80\x02\x00\x0c\x00>\x00\x01\x00@ \
\x00\x00\x1c\x03\x03\xc7\xc7\xe8\xed\xfc\x09\x09\x09\xfa\xfa\x09\
\x09\xd3\xd3\xd8\xd8\xd3\xd3\xd3\xcf\xd0\xd2\xd4\xd4\xd4\xdc\xe0\
\x83\x00\x16\x81\x07\x16\x02\x02\x00\xf8\xf0$$\x81\x01\x10\
\x10\x81\x0b$$\xf0\xe3\xda\xda\xda\xdb\xdc\x02\x02\x02\x83\
\x14\x13\x01\x02\x02\x01\x01\x01\x02\x02\x02\x02\x02\x01\x02\x01\
\x01\x01\x02\x01\x01\x02\x13\xf3\x19\x04\xf5\xf3\xf3\xf8\xf3-\
\x22--4+0107!]\x13\xea\xdb\x02\x06\
\x11\x1b\xdc\x00\x07\x00\xdc$4445\x04\x05\x02\x00\
\x00\x80\x02\x00\x0c\x00\x06\x00\x01\x00\x06\x00\x00\x02\x01\x01\
\x02\x01\xd0\xa4\x01\xdd\x00\x01/i\x01E\x00\x80\x02\x00\
\x0c\x00\x07\x00\x01\x00\x07\x00\x00\x00\x80\x02\xe8\x00\xd3\x81\
\x85\x80\x02\x0c\x00+\x81\x85\x00\x80\x02\x00\x0c\x00\x07\x00\
\x01\x00\x0a \x00\x00\x80\x02\xe8\x00\xd3\x81\x85\x02\x01\x01\
\x02\x01\x0c+\x01\x01\x00\x80\x02\x00\x0c\x00\x06\x00\x01\x00\
\x06\x00\x00\x02\x01\x01\x02\x01\xee\xd3\x01\x10\x00\x01\x10+\
\x01\x07\x00\x80\x02\x00\x0c\x00.\x00\x01\x00.\x00\x00\x00\
\x16\x06\x0e\x0b\x02\x02\x02\xcc\xcc\xcc\xdb\xdb\xe8\xff\x07\x07\
\xd0\xd0\x07\x07\x07\x05\x00\xd3\x81\x04\xff\xff\xf4\xf5\x07\x81\
\x06\xed\xd7\xd4\xd4\xd4\xe6\xf6\x83\x02\x0b\x03\xff\x83\x16\x10\
\x0f\x04\xfb\xfb\xfb3330' \x11\x0c\x0cCC\
\x0c\x0c\x09\x0b\x00@\x81\x04\xfe\xfe\xfd\x05\x0f\x81\x06\x02\
\x0c\x18\x18\x18\x0e\x06\x83\x02\xfc\xfa\xfe\x83\x00\x80\x02\x00\
\x0c\x00\x07\x00\x01\x00\x07\x00\x00\x00\x80\x02\xea\x00\xd3\x81\
\x85\x80\x02 \x00@\x81\x85\x00\x80\x02\x00\x0c\x00\x07\x00\
\x01\x00\x07\x00\x00\x00\x80\x02\xe9\x00\xd3\x81\x85\x80\x02\x1f\
\x00@\x81\x85\x00\x80\x02\x00\x0c\x00\x09\x00\x01\x00\x07\x00\
\x00\x00\x80@\xffT\x80\x00\xd3\x81\x85\x80\x02 \x00@\
\x81\x85\x00\x80\x02\x00\x0c\x00\x09\x00\x01\x00\x07\x00\x00\x00\
\x80@\xffT\x80\x00\xd3\x81\x85\x80\x02 \x00@\x81\x85\
\x00\x80\x02\x00\x0c\x00\x07\x00\x01\x00\x07\x00\x00\x00\x80\x02\
\xea\x00\xd3\x81\x85\x80\x02 \x00@\x81\x85\x00\x80\x02\x00\
\x0c\x00\x07\x00\x01\x00\x07\x00\x00\x00\x80\x02\xeb\x00\xd3\x81\
\x85\x80\x02 \x00@\x81\x85\x00\x80\x02\x00\x0c\x00\x07\x00\
\x01\x00\x07\x00\x00\x00\x80\x02\xea\x00\xd3\x81\x85\x80\x02 \
\x00@\x81\x85\x00\x80\x02\x00\x0c\x00\x07\x00\x01\x00\x07\x00\
\x00\x00\x80\x02\xea\x00\xd3\x81\x85\x80\x02 \x00@\x81\x85\
\x00\x80\x02\x00\x0c\x00\x07\x00\x01\x00\x07\x00\x00\x00\x80\x02\
\xea\x00\xd3\x81\x85\x80\x02 \x00@\x81\x85\x00\x80\x02\x00\
\x0c\x00\x07\x00\x01\x00\x07\x00\x00\x00\x80\x02\xfc\x00\xd3\x81\
\x85\x80\x02/\x00@\x81\x85\x00\x80\x02\x00\x0c\x00\x08\x00\
\x01\x00\x08\x00\x00\x00\x80\x03\xfc\xe4\x00\xd3\x81\x86\x80\x03\
/\x1d\x00@\x81\x86\x00\x80\x02\x00\x0c\x00\x08\x00\x01\x00\
\x08\x00\x00\x00\x80\x03\xfc\xe1\x00\xd3\x81\x86\x80\x03/$\
\x00@\x81\x86\x00\x80\x02\x00\x0c\x00\x08\x00\x01\x00\x08\x00\
\x00\x00\x80\x03\xfc\xe4\x00\xd3\x81\x86\x80\x03/\x1d\x00@\
\x81\x86\x00\x80\x02\x00\x0c\x00\x08\x00\x01\x00\x08\x00\x00\x00\
\x80\x03\xfc\xe4\x00\xd3\x81\x86\x80\x03/\x1d\x00@\x81\x86\
\x00\x80\x02\x00\x0c\x00\x08\x00\x01\x00\x08\x00\x00\x00\x80\x03\
\xfc\xe4\x00\xd3\x81\x86\x80\x03/\x1d\x00@\x81\x86\x00\x80\
\x02\x00\x0c\x00\x07\x00\x01\x00\x07\x00\x00\x00\x80\x02\xea\x00\
\xd3\x81\x85\x80\x02 \x00@\x81\x85\x00\x80\x02\x00\x0c\x00\
\x07\x00\x01\x00\x07\x00\x00\x00\x80\x02\xea\x00\xd3\x81\x85\x80\
\x02 \x00@\x81\x85\x00\x80\x02\x00\x0c\x00\x07\x00\x01\x00\
\x07\x00\x00\x00\x80\x02\xea\x00\xd3\x81\x85\x80\x02 \x00@\
\x81\x85\x00\x80\x02\x00\x0c\x00\x07\x00\x01\x00\x07\x00\x00\x00\
\x80\x02\xeb\x00\xd3\x81\x85\x80\x02(\x00@\x81\x85\x00\x80\
\x02\x00\x0c\x00\x07\x00\x01\x00\x07\x00\x00\x00\x80\x02\xea\x00\
\xd3\x81\x85\x80\x02 \x00@\x81\x85\x00\x80\x02\x00\x0c\x00\
\x07\x00\x01\x00\x07\x00\x00\x00\x80\x02\xea\x00\xd3\x81\x85\x80\
\x02 \x00@\x81\x85\x00\x80\x02\x00\x0c\x00\x0f\x00\x01\x00\
\x0f\x00\x00\x00\x08\x17\x04\xce\xf3\x15\xe0\xcf\x00\xe4\x81\x82\
\x00\xd2\x86\x08\xfd\xfb+\x14\xf8,#\x00$\x81\x82\x00\
`\x86\x00\x80\x02\x00\x0c\x00\x1b\x00\x01\x00\x1b\x00\x00\x00\
\x0e\x07\x05\xdc\xf0\x06\xe8\x00\x0f\xe6\xe9\x0c\xf7\xe3\x00\xea\
\x81\x82\x00\xa5\x81\x00\xa5\x83\x00c\x84\x0e\xf1\xf9)\x17\
\xf7\x1b\xf5\xea\x10\x1a\xe8\x05\x1b\x00\x09\x81\x82\x00b\x81\
\x00X\x83\x00\xad\x84\x00\x80\x02\x00\x0c\x00\x07\x00\x01\x00\
\x07\x00\x00\x00\x80\x02\xf5\x00\xea\x81\x85\x80\x02\x05\x00\x09\
\x81\x85\x00\x80\x02\x00\x0c\x00\x09\x00\x01\x00\x07\x00\x00\x00\
\x80@\xff_\x80\x00\xea\x81\x85\x80\x02\x05\x00\x09\x81\x85\
\x00\x80\x02\x00\x0c\x00\x07\x00\x01\x00\x07\x00\x00\x00\x80\x02\
\xf6\x00\xea\x81\x85\x80\x02\x05\x00\x09\x81\x85\x00\x80\x02\x00\
\x0c\x00\x07\x00\x01\x00\x07\x00\x00\x00\x80\x02\xf5\x00\xea\x81\
\x85\x80\x02\x05\x00\x09\x81\x85\x00\x80\x02\x00\x0c\x00\x1d\x00\
\x01\x00\x1d\x00\x00\x00\x0d\x0b\x16\x11\xe1\xf8\x18\xe6\xe1\xe6\
\x1a\xff\xda\x00\xf2\x81\x80\x00\xfd\x81\x00\xd2\x81\x00\x05\x81\
\x002\x84\x0d\x02\xfb\x05C,\x18,>;\xfb\x10$\
\x005\x81\x80\x00\x0d\x81\x00,\x81\x00\x02\x81\x00\xdb\x84\
\x00\x80\x02\x00\x0c\x00,\x00\x01\x00,\x00\x00\x00\x14\xf8\
\xf8\x0a\x11\x0c\x0c\x0c\x10\x12\x0c\xd4\xf8\x1b\xe4\xe1\xe3\xee\
\xfb\x01\x00\xef\x81\x08\x01\xda\xda\xe6\xf3\xf5\x00\xf0\xe5\x81\
\x00\xa0\x81\x04\xf1\xfa\x00\x01\x01\x83\x14\x16\x16\x0e\x09\x0a\
\x0a\x0a\x0c\x0b\xf7$\x1f\x0b9>:2,.\x008\
\x81\x08\xe9\x08\x08\x09\x0c\x0e\x16\x09\x05\x81\x00b\x81\x04\
\x12\x00\xee\xe9\xe9\x83\x00\x80\x02\x00\x0c\x00\x07\x00\x01\x00\
\x07\x00\x00\x00\x80\x02\xf8\x00\xef\x81\x85\x80\x02\x1c\x008\
\x81\x85\x00\x80\x02\x00\x0c\x00\x09\x00\x01\x00\x07\x00\x00\x00\
\x80@\xffb\x80\x00\xef\x81\x85\x80\x02\x1c\x008\x81\x85\
\x00\x80\x02\x00\x0c\x00\x07\x00\x01\x00\x07\x00\x00\x00\x80\x02\
\xf9\x00\xef\x81\x85\x80\x02\x1c\x008\x81\x85\x00\x80\x02\x00\
\x0c\x00\x07\x00\x01\x00\x07\x00\x00\x00\x80\x02\xd0\x00\xef\x81\
\x85\x80\x02U\x008\x81\x85\x00\x80\x02\x00\x0c\x00\x07\x00\
\x01\x00\x07\x00\x00\x00\x80\x02\xf8\x00\xef\x81\x85\x80\x02\x1c\
\x008\x81\x85\x00\x80\x02\x00\x0c\x00\x07\x00\x01\x00\x07\x00\
\x00\x00\x80\x02\xf8\x00\xef\x81\x85\x80\x02\x1c\x008\x81\x85\
\x00\x80\x02\x00\x0c\x00\x07\x00\x01\x00\x07\x00\x00\x00\x80\x02\
\xf8\x00\xef\x81\x85\x80\x02\x1c\x008\x81\x85\x00\x80\x02\x00\
\x0c\x00\x07\x00\x01\x00\x07\x00\x00\x00\x80\x02\xf8\x00\xef\x81\
\x85\x80\x02\x1c\x008\x81\x85\x00\x80\x02\x00\x0c\x00\x0f\x00\
\x01\x00\x0f\x00\x00\x07\x06\x01\x01\x02\x02\x01\x02\x02\x80\x05\
 \x04\xe3\xc6\xe4\xea\x04\xdf'\x00\x17\xd8\x81\x06\x03\xf1\
\xfd(9.-\x04!\xd9\x00\xd7&\x81\x00\x80\x02\x00\
\x0c\x00\x07\x00\x01\x00\x07\x00\x00\x00\x80\x02\xf4\x00\xea\x81\
\x85\x80\x02\x0c\x00-\x81\x85\x00\x80\x02\x00\x0c\x00\x09\x00\
\x01\x00\x07\x00\x00\x00\x80@\xff^\x80\x00\xea\x81\x85\x80\
\x02\x0c\x00-\x81\x85\x00\x80\x02\x00\x0c\x00\x07\x00\x01\x00\
\x07\x00\x00\x00\x80\x02\xf4\x00\xea\x81\x85\x80\x02\x0c\x00-\
\x81\x85\x00\x80\x02\x00\x0c\x00\x07\x00\x01\x00\x07\x00\x00\x00\
\x80\x02\xe0\x00\xc1\x81\x85\x80\x02\x22\x00C\x81\x85\x00\x80\
\x02\x00\x0c\x00l\x00\x01\x00l\x00\x00\x005\x07\x07\xfe\
\xfe\x07\x07\x07\x01\xf3\xe8\xe1\xdb\xd7\xd7\xd6\xd5\xd5\xd2\xd1\
\xd1\xd1\xff\xff\xff\xf8\xea\xe0\xd9\xd4\xd0\xd0\xcf\xce\xce\xcb\
\xca\xca\xca\xc0\xc0\xf5\xf5\xca\xca\xff\xff\xd1\xd1\xf5\xf5\xbf\
\xbf\x00\xca\x81\x80\x01**\x81\x0e0\x1f\x0d\x06\x06\x06\
\x06\x06,,---,\x1f\x81\x0e0\x1f\x0d\x06\x06\
\x06\x06\x06,,---,\x1f\x83\x01**\x81\x06\
**\x00\xf6\xe2\xe2\xf6\x835\xea\xea\xf7\xf7\xea\xea\xea\
\xee\xfc\x0c\x0a\x03\x08\x08\x0a\x10\x12!!!!\x02\x02\
\x02\x06\x14$\x22\x1e$$&+,;;;;R\
R\x1a\x1a;;\x02\x02!!((QQ\x00C\x81\
\x80\x01\xe3\xe3\x81\x0e\x0d\x0a\x09\x09\x09\x09\x0a\x0b\xe0\xe0\
\xdf\xdf\xdf\xf4\xfe\x81\x0e\x0d\x0a\x09\x09\x09\x09\x0a\x0b\xe0\
\xe0\xdf\xdf\xdf\xf4\xfe\x83\x01\xe3\xe3\x81\x06\xe3\xe3\x00\x0c\
\x0d\x0d\x0c\x83\x00\x80\x02\x00\x0c\x00\x07\x00\x01\x00\x07\x00\
\x00\x00\x80\x02\xca\x00\xae\x81\x85\x80\x02C\x00j\x81\x85\
\x00\x80\x02\x00\x0c\x00F\x00\x01\x00k \x00\x22!\x00\
\x02\x01\x02\x02\x02\x02\x01\x01\x02\x02\x02\x02\x02\x02\x02\x01\
\x01\x01\x01\x01\x01\x01\x01\x02\x02\x02\x01\x02\x01\x02\x01\x01\
\x02!\xbf\x9c\x8b\xc1\xbd\xb3\xad\xab\xab\xb4\xab\xe1\xd1\x07\
\xfe\x07\x07\x07\x01\xf3\xe8\xe1\xdd\xd7\xd6\xd5\xd1\xd1\xe1\xe1\
\xe1\xdd\xce\x93!\xfb\xff\x04\x00!\x22#'+\x00*\
\x00*\x00*\x000\x1f\x0d\x06\x06\x06\x06\x06,-,\
\x1f\x000\x17\x06\xfb\x00\x003;AOVV\x1e\x1e\
&38@FEEE++EE\x0d\x0d((\
\xf0\xf0\xfe\xfe\xf0\xf0\xf0\xf4\x01\x11\x10\x15\x19\x19\x1b\x1e\
\x1e+(((\x0d\x0d\x0d\x11\x1c.\x00R\x81\x03\x06\
\x06\x08\x09\x81\x07\xeb\xeb\xe9\xe9\xe9\xf0\xff\x0a\x81\x01\xe1\
\xe1\x81\x01\xe1\xe1\x81\x01\xe1\xe1\x81\x0e\x0d\x0a\x09\x09\x09\
\x09\x0a\x0b\xe0\xe0\xe0\xe0\xe0\xf4\xfe\x81\x04\x0d\x0e\x0c\x09\
\x06\x83\x00\x80\x02\x00\x0c\x00\x07\x00\x01\x00\x07\x00\x00\x00\
\x80\x02\xc2\x00\xa6\x81\x85\x80\x02<\x00c\x81\x85\x00\x80\
\x02\x00\x0c\x00B\x00\x01\x00B\x00\x00\x00 \x07\x07\xfe\
\xfe\x07\x07\x07\xfa\xe8\xdf\xdd\xdd\xd7\xd7\xd7\xd4\xd2\xcf\xd1\
\xd1\xd1\xb7\xb7\xed\xed\xd1\xd1\xe6\xe6\xb6\xb6\x00\xc2\x81\x80\
\x01**\x81\x0e0\x1c\x0b\x07\x07\x07\x05\x04,,-\
--)\x1f\x83\x06**\x00\xf6\xe2\xe2\xf6\x83 \xed\
\xed\xfb\xfb\xed\xed\xed\xef\xf6\xfe\x01\x07\x0a\x0a\x0f\x16\x18\
&%%%FF\x10\x10%%\x10\x10EE\x00<\
\x81\x80\x01\xe1\xe1\x81\x0e\x0d\x07\x07\x0b\x0b\x0b\x0a\x09\xea\
\xe9\xe8\xe8\xe8\xf6\x01\x83\x06\xe1\xe1\x00\x0c\x0d\x0d\x0c\x83\
\x00\x80\x02\x00\x0c\x00,\x00\x01\x00@ \x00\x15\x14\x00\
\x02\x02\x01\x02\x01\x01\x01\x02\x01\x02\x02\x02\x02\x01\x01\x01\
\x01\x02\x02\x03\x14\x07\xfe\x07\x07\x07\x03\xf4\xe5\xc2\xb1\xe7\
\xe3\xd9\xd3\xd1\xd1\xd1\xd1\xda\xd1\xb9\x80\x13*\x000\x17\
\x06\xfb\xfb\xff\x04\x00!\x22#'+2\x10\x00*\x00\
\x14\x13\x00\x02\x03\x01\x01\x01\x01\x01\x02\x01\x02\x02\x02\x01\
\x01\x01\x01\x04\x02\x03\x13\xea\xf7\xea\xea\xee\xf9\x0a\x17+\
2\xfb\x03\x14\x1c\x22!!\x07!$\x80\x12\xdd\x0d\x0e\
\x0c\x09\x06\x06\x08\x09\x00\xeb\xe9\xe9\xf0\xff\x0a\x00\xdd\x00\
\x00\x80\x02\x00\x0c\x00V\x00\x01\x00X\x00\x00\x00(\x15\
\x13\x14\x14\x14\x03\xf6\x00\x1b\x1b\x1b\x0d\x02\x01\xf3\xe6\xe6\
\x12\x12\x09\x01\xf7\xee\xec\xec\xec\x1a\x16\x18\x14\xfc\x08\x15\
\x1b\x1b\xf8\xe1\xe3\xe3\xe3\xf8\x83(\x1e\x1e\x15\x12\x07\xf9\
\xf8\x03\x11\x02$(((12&&\x1c\xfe\xfe\xfe\
\x09\x17\x1b\x1f\x1f\x19\x1a\x1e\xf1\xf1\xfa\x03 \x11\x08\x07\
\x01\xf3\xf1\x83*\x0a\xfe\xfc\xfc\xfc\x00\x07\x0f\x13\x13\x13\
\x17!(030\xfb\xfb\x18,-:GGG\x1c\
\x13\x15\x14(\x1e\x13\x13\x13\x15\x1e(((*\x00C\
\x81(\xf8\xf8\xfd\x01\x04\x09\x0b\x0d\x0e\x0f\xfb\xe3\xe3\xe3\
\xed\xf4\xf2\xf6\x06\xff\xff\xff\x05\x14$\xfb\xfb\xfe\xfc\xf8\
\x06\x06\xf7\xf1\x00\x02\xfb\xfa\x04\x06\x06\x83\x00\x80\x02\x00\
\x0c\x00J\x00\x01\x00I\x00\x00\x00#\xe4\xea\xf5\xfb\xfb\
\xfb\xfb\xf0\xe4\xdd\xce\xce\xce\xce\xd7\xe1\xe5\xea\xf8\x01\x01\
\x01\x01\xf8\xea\xe5\xe0\xd4\xcb\xcb\xcb\xcb\xd3\xe0\x00\xc9\x81\
!\x1f\x1f\x17\x05\xf8%\x11\xfe\xfe\xfe\x14%\xf8\x04\x16\
\x1f\xf2\xf2\xee\xeb\xed010,,,010\xed\
\xeb\xed\xf2\x83#\x05\x0c\x03\xf4\xf4\xf4\xf4\x10\x05\xff\x19\
\x19\x19\x19\x0c\x01\x08\xf8\xf0\xf2\xf2\xf2\xf2\xf0\xf8\x08\x18\
!    !\x18\x00\x0d\x81\x06\xf9\xf9\xef\xe1\xdd\
\x1c\x15\x82\x17\x17\x1c\xdd\xe0\xee\xf9\x0d\x0d\xfa\xde\xd2'\
\x1b\x00\xed\xed\xed\x00\x1a'\xd2\xdf\xfa\x0d\x83\x80\x02\x00\
\x0c\x00\x05\x00\x01\x00\x05\x00\x00\x00\x81\x00\xe8\x81\x84\x81\
\x00;\x81\x84\x00\x80\x02\x00\x0c\x008\x00\x01\x007\x00\
\x00\x00\x1b\x0b\x0b\xe7\xe7\xd1\xd1\x11\x04\xf1\xe6\xe6\xe6\xed\
\xf9\x06\x0d\xd1\x0d\x16\x1a\x19\x19\x19\x13\x10\xd1\x00\xe8\x81\
\x82\x0a((\xfb\xfb\xfb\xef\xeb\xf8\x05\x0a\x07\x81\x09\xdb\
\xdb\xdb\xef\xfe\xf8\x00!!!\x83\x81\x1966BB\
OD<;;;2+-9B9)\x10\x01\x00\
\xff\x1a:B\x00<\x81\x82\x0a\xca\xca\xfb\xfb\xfb\xf2\xf1\
\xfd\xf2\xef\xf7\x81\x09$$$'\x19\x00\xda\xd1\xd1\xd1\
\x83\x80\x02\x00\x0c\x00\x05\x00\x01\x00\x05\x00\x00\x00\x81\x00\
\xdc\x81\x84\x81\x00@\x81\x84\x00\x80\x02\x00\x0c\x00\x09\x00\
\x01\x00\x0f \x00\x04\x03\x01\x02\x02\x02\x03\x0c\xe6\xd1\xea\
\x80\x00(\x81\x00\x81\x05??BB\x00I\x81\x82\x01\
\xcf\xcf\x84\x80\x02\x00\x0c\x00\x07\x00\x01\x00\x07\x00\x00\x00\
\x80\x02\xf8\x00\xea\x81\x85\x80\x02'\x00I\x81\x85\x00\x80\
\x02\x00\x0c\x00\x0b\x00\x01\x00\x0b\x00\x00\x05\x04\x01\x02\x02\
\x02\x02\x04\x0b\x11\xef\xd1\xfc\x80\x01\xeb*\x81\x80\x03 \
BBT\x80\x01\x17\xcf\x81\x00\x80\x02\x00\x0c\x00\x13\x00\
\x01\x00\x1e \x00\x09\x08\x01\x02\x02\x01\x01\x02\x02\x02\x02\
\x08\x0c\xeb\xd1\xea\xee\xbe\xea\xd3\xef\x80\x05(\x00\x0d\xd9\
\x0d\xd9\x81\x00\x81\x0dCCBB.#GG\x0dd\
d\x0d\x00M\x81\x82\x08\xcf\xcf\x00\xf3((\xf3((\
\x85\x80\x02\x00\x0c\x00\x0e\x00\x01\x00\x0e\x00\x00\x06\x05\x01\
\x02\x02\x02\x02\x02\x05\x18\xf2\xdd\x1c\xe4\xf6\x80\x04&\x00\
\xfb&\x00\x05\x14SV\x0cV]\x80\x04\xd8\x00\x08\xec\
\x00\x80\x02\x00\x0c\x00P\x00\x01\x00N\x00\x00\x00'\xb0\
\xb2\xc4\xd5\xd7\xd7\xd8\xdc\xd8\xf4\x09\x0b\x0b\x0b\x0b\xfb\xf9\
\xe5\xd8\xd1\xd1\x0c\x0c\xea\xea\xd1\xd1\xd9\xe2\xe6\xdb\xd2\xd0\
\xd0\xd0\xd0\xcb\xbd\x00\xe4\x81\x13\x0d\x0d\x0d\x0b\x09\xe8\xe7\
\xe7\xe7\xe7\xfb\x13\x17\x19$---#\x1d\x83\x0d(\
(\x02\x08\x0a\x0a\x0a\x0e\x12\x14\x11\x13\x11\x0d\x83\x0a\x19\
\x0c\x11\x1f  #'$\x1b\x0a\x83\x05\x0d\x19\x174\
@@\x81\x10AA@@=;8:>@@@\
@;*\x00B\x81\x13\xed\xed\xed\xec\xea\x04\x04\x07\x09\
\x0d\x0e\x00\xeb\x09\x08\x03\x03\x03\xff\x02\x83\x0d\xd7\xd7\x1c\
\x1f!!!\x1c\x0f\x05\xe3\xf5\xf7\xed\x83\x00\x80\x02\x00\
\x0c\x00>\x00\x01\x00>\x00\x00\x00\x1d\xfe\xfe\xf6\xf9\xf9\
\xf6\xf5\xf6\xfb\x03\xcd\xcd\xba\xba\xe5\xe8\xd0\xd3\xca\x06\x06\
\xd5\xca\xc4\xc0\xc1\xc5\xca\x00\xc1\x81\x08\x0d\xd9\xd9\xd8\xcb\
\xc0\xbc\xc9\xdc\x81\x03\xd9\xd9\x0d\x0d\x81\x0a\x0d\xd9\xd9*\
*\xed\xd7\xc3\xc0\xc8\xd3\x83\x1d\x07\x07\xf9\xff\x05\x08\x0a\
\x09\x0a\x1399FF+',\x229\x02\x02:9\
86457\x00B\x81\x08\xf3//(#\x1e\x11\
\xf2\xd5\x81\x03//\xf3\xf3\x81\x0a\xf3//\xd5\xd5\xde\
\xf4\x0f\x1f(,\x83\x00\x80\x02\x00\x0c\x00\x05\x00\x01\x00\
\x05\x00\x00\x00\x81\x00\xf2\x81\x84\x81\x00(\x81\x84\x00\x80\
\x02\x00\x0c\x00\x07\x00\x01\x00\x07\x00\x00\x00\x80\x02\xf9\x00\
\xf2\x81\x85\x80\x02\x14\x00(\x81\x85\x00\x80\x02\x00\x0c\x00\
\x07\x00\x01\x00\x07\x00\x00\x00\x80\x02\xfa\x00\xf2\x81\x85\x80\
\x02\x14\x00(\x81\x85\x00\x80\x02\x00\x0c\x001\x00\x01\x00\
5\x00\x00\x00\x17\x11%\x11\xd9\xf7\xf8\xf8\xca\xca\xca\xe9\
\xb0\x9d\xb0\xe9\xcc\xca\xca\xf8\xf8\xf4\xd9\x00\xc2\x81\x80\x00\
\x09\x81\x01\x07\x07\x81\x01\x07\x07\x81\x00\x09\x81\x01\x07\x07\
\x81\x01\x07\x07\x84\x0a\x02\xf0\xf3-\x22$$RRT\
JA\x00\x83\x00\x87\x0atCSRR$$#4\
\x00w\x81\x80\x00\xf9\x81\x01\x0c\x0c\x81\x01\x0c\x0c\x81\x00\
\xf9\x81\x01\xf4\xf4\x81\x01\xf4\xf4\x84\x00\x80\x02\x00\x0c\x00\
\x80\x00\x01\x00\x80\x00\x00\x00>\xe8\xed\xfa\x04\x04\x04\xcc\
\xcc\xcc\xcb\xca\xde\xe8\xe7\xfb\x10\x10\x10\x08\x09\x0c\xff\xf2\
\xf5\xf5\xf3\x00\x0d\x0a\x0b\x10\x10\x10\x02\xf5\xea\xd3\xd6\xd6\
\xd6\xd6\x0f\x0f\x0f\x02\xf6\xf7\xf2\xe5\xdb\xdb\xdb\xd6\xda\xd0\
\xd2\xdb\xdb\xdb\xde\xe4\x00\xd6\x81<\xfe\xfe\xfc\xf3\xed\xe1\
\xe1\xe6\xe6\xea\xd8\xd0\xd0\xd0\xca\xd7\xf3\x04\x18\x15\x14\x14\
\x14\x14\xe6\xe6\xe6\xe5\xe5\xe2\xf2\x0c\x19...1\x17\
\x1b\x1d\x22\x22\x14\x0c\x05\x02\x02\x02\x00\x03\x0b\xf9\xf4\xf9\
\xff\x08\x03\xf4\xfa\xfe\xfe\x83>\x1a\x07\xfe\x01\x01\x01?\
??><0\x1d\x0d\xfc\xf7\xf7\xf7\x0b #\x1f\x16\
\x12\x12\x15\x18\x1b\x1e\x0c\xf7\xf7\xf7\x05\x1a.CFF\
FF\x09\x09\x09\x12\x1c\x1f#+0005A9\
2000-#\x00.\x81\x1a\xfa\xfa\x08\x1d(*\
*/*'\x1f...!\x0d\x05\x03\xee\xea\xea\xea\
\xea\xea\x01\x01\x01\x81\x1f\xfc\xf3\xf0\xe8\xd7\xd7\xd7\xe5\xef\
\xf3\xe3\xdc\xdc\xf2\xfa\x03\x05\x05\x05\x06\x02\xfb\xfd\xf8\xfc\
\xfd\x06\x0d\x0a\x08\x00\xfa\x83\x00\x80\x02\x00\x0c\x00\x16\x00\
\x01\x00\x14\x00\x00\x00\x0b\x0b\x0b\xd8\xd8\x00\xdc\xdc\x0e\x0e\
\xe5\x00\xe7\x81\x82@\xff\x7f\x83\x00x\x84\x81\x09))\
\x0b..\x01\x01\x19\x00-\x81\x82\x00a\x83\x00\x9e\x84\
\x00\x80\x02\x00\x0c\x00\x07\x00\x01\x00\x07\x00\x00\x00\x80\x02\
\xeb\x00\xe7\x81\x85\x80\x02\x19\x00-\x81\x85\x00\x80\x02\x00\
\x0c\x00\x07\x00\x01\x00\x07\x00\x00\x00\x80\x02\xec\x00\xe7\x81\
\x85\x80\x02\x1a\x00-\x81\x85\x00\x80\x02\x00\x0c\x00<\x00\
\x01\x00;\x00\x00\x00\x1d\xf3\xec\xbe\xc8\x0b\x0b\xd8\xd8\x00\
\xdc\xdc\x0e\x0e\xe5\xec\x02\x00\xfe\xe5\xe5\xf2\xec\xe5\xf2\xf5\
\xdb\xd9\xd5\x00\xce\x81\x03\x0d\xd9\xd9\x0d\x82@\xff\x7f\x83\
\x0fx\x00\xfe\xfe\xe6\xe5\xe5\xde\xe3\xe3\xe3\xdd\xe5\xe5\xe6\
\xfe\x83\x03\x04\x084#\x81\x17))\x0b..\x01\x01\
\x19\x19\x1a\xff\xff\x1d\x1c\x1a\x19\x16\x15\x1522\x17\x00\
,\x81\x03\xe4((\xe4\x82\x00a\x83\x0f\x9e\x00\x02\x02\
\x04\x16\x16\x15\x18\x18\x18\x15\x16\x16\x04\x02\x83\x80\x02\x00\
\x0c\x00\x1d\x00\x01\x00\x1c\x00\x00\x00\x0e\x0b\x0b\xd1\xd1\xea\
\x0b\xd2\xb8\xdc\x16\xe9\xd1\xd1\x00\xd9\x81\x82\x01\xec\xec\x81\
\x00\xf8\x81\x01\x03\x03\x84\x81\x0cBB*\x10Q]B\
\xfb)BB\x00@\x81\x82\x01''\x81\x00\x05\x81\x01\
\xd6\xd6\x84\x80\x02\x00\x0c\x00\x07\x00\x01\x00\x07\x00\x00\x00\
\x80\x02\xed\x00\xd9\x81\x85\x80\x02!\x00@\x81\x85\x00\x80\
\x02\x00\x0c\x001\x00\x01\x00+\x00\x00\x00\x15\x17\x17!\
&#\x1f % \xde\xde\x18\x18\xf2\xf1\xeb\xe9\xf1\xff\
\x0f\x00\xe8\x81\x06\xfe\xd5\xd8\xdc\xea\x0cL@\x00\x81\x83\
\x01**@\x00\x81\x04F\x0c\xf9\xfd\x03\x83\x15\x05\x05\
\x11\x16\x11\x09\x02\x03\x02KK\x0a\x0aCFDFF\
< \x00K\x81\x80\x06*+,06>E\x83\x06\
\xcb\xcb#\x0d\xf9\xf4\xfa\x84\x00\x80\x02\x00\x0c\x00\x05\x00\
\x01\x00\x05\x00\x00\x00\x81\x00\xe4\x81\x84\x81\x00,\x81\x84\
\x00\x80\x02\x00\x0c\x00\x05\x00\x01\x00\x05\x00\x00\x00\x81\x00\
\xed\x81\x84\x81\x001\x81\x84\x00\x80\x02\x00\x0c\x00\x05\x00\
\x01\x00\x05\x00\x00\x00\x81\x00\xe9\x81\x84\x81\x00/\x81\x84\
\x00\x80\x02\x00\x0c\x00\x0a\x00\x01\x00\x0a\x00\x00\x05\x04\x01\
\x02\x02\x02\x02\x04\x0c\xd9\x14\xd1\xe5\x81\x00'\x81\x04\xfd\
$\xe5<!\x81\x00\xd1\x81\x00\x80\x02\x00\x0c\x00\x05\x00\
\x01\x00\x05\x00\x00\x00\x81\x00\x05\x81\x84\x81\x00[\x81\x84\
\x00\x80\x02\x00\x0c\x00\x05\x00\x01\x00\x05\x00\x00\x00\x81\x00\
\xe6\x81\x84\x81\x000\x81\x84\x00\x80\x02\x00\x0c\x00\x05\x00\
\x01\x00\x05\x00\x00\x00\x81\x00\x01\x81\x84\x81\x00 \x81\x84\
\x00\x80\x02\x00\x0c\x00<\x00\x01\x00<\x00\x00\x00\x1b\x02\
\x02\xf8\xef\xf3\xff\x0e\x15\x18\x18\x18\x18\x19\x0e\xd9\xf1\x06\
\x18,\xf7\xd9\xde\xe1\xe1\xe4\xe8\xe4\xf6\x83\x0c\x0b\xdf\xdf\
\xe0\xe0\xe0\xf7\x177@B?4\x81\x02\xe3\xdd\xe7\x81\
\x07\xd0\xf1\x0d\x11\x0d\x0d\x0d\x0c\x83\x82\x17\x02\x03\x06\x0e\
\x14\x18\x18\x18\x18\x19\x03>@8,*fHJ@\
-\x15\x07\x01\x81\x00f\x81\x0c\xeb\x0f\x0f\x10\x10\x10\x0c\
\x05\x02\x04\x06\xff\xf8\x81\x02\x0c4\x0f\x81\x07\xc0\xd0\xe2\
\xea\xed\xed\xed\xec\x83\x00\x80\x02\x00\x0c\x00\x05\x00\x01\x00\
\x07\x00\x00\x00\x80\x00\xff\x83\x85\x80\x022\x00f\x81\x85\
\x00\x80\x02\x00\x0c\x00\x8f\x00\x01\x00\x90\x00\x00\x00?\xfb\
\xfb\xf6\xed\xee\xf5\x02\x0a\x0a\x0a\x0a\x06\x03\x05\xfc\xfa\xfb\
\xfb\xc1\xc1\xc0\xc1\xbc\xba\xb5\xb2\xb2\xb2\xb2\xb8\xb9\xb2\xb5\
\xbd\xc1\xc1\xef\xed\xf5\xfb\xfb\xfb\xf7\xfa\xed\xde\xd7\xd7\xd7\
\xd7\xde\xea\xc6\xcf\xdd\xe5\xe5\xe5\xe5\xdc\xcc\xc4\xc8\xc2\x05\
\xc1\xc1\xc4\xca\x00\xbb\x81\x10\xec\xf6\xf6\xf7\xf7\xf7\xfc\xf8\
\xec\x0e\x04\x05\x0b\x0b\x0b\x0b\x0b\x810\x0c\x0c\x0c\x0c\x0c\
\x05\x05\x0e\xec\xf7\xfb\xf7\xf7\xf7\xf6\xf6\xec\xd8\xd8\xd8\xd8\
*+***\x1c\x0d\x0e\xec\xee\xe4\xd8\xd8\xd8\xe4\xee\
\xec\x0e\x0d\x1c*****\xd8\xd8\xd8\x83?\x22\x22\
\x18\x0f\x07\x0d\x07\xfe\xfe\xfe\xfe\x0b\x1f(% \x22\x22\
AA@66@TbbbbWJDCB\
AA*'#\x22\x22',/795555\
731*(++++',;<@\x05A\
A?6\x00a\x81?\x07\xf8\xf8\xf8\xf8\xf8\x00\xfb\xe9\
\x13\xfc\xf8\x02\x02\x02\x02\x02\xe6\xe6\x02\x02\x02\x02\x02\xf8\
\xfd\x13\xe8\xf9\xfe\xf7\xf7\xf7\xf7\xf7\x07####\xdb\
\xdb\xdb\xdb\xdb\xdf\xf7\x15\xe6\x08\x22#$$!\x07\xe6\
\x15\xf9\xe1\xdb\xdb\xdb\xdb\x03\xdb$$$\x83\x80\x02\x00\
\x0c\x00\x05\x00\x01\x00\x05\x00\x00\x00\x81\x00\xe2\x81\x84\x81\
\x00!\x81\x84\x00\x80\x02\x00\x0c\x00-\x00\x01\x00-\x00\
\x00\x00\x16\x01\x01\x03\x02\x01\x0b\x03\x03\x03\xc8\xc8\xc8\xdc\
\xf1\xf3\xfe\x06\x01\x01\xc6\xc6\x00\xd2\x81\x80\x06\x02\x00\xff\
\xff\xff\xf2\xf2\x81\x07\xf2\xe1\xda\xdd\xdd\xdd\xe2\xe4\x86\x16\
\xfa\xfa\x00\x14\x17\x14\xfb\xfb\xfb<<<6,%\x1b\
\x08\xfa\xfa;;\x00:\x81\x80\x06\xd9\xdb\xdf\xdf\xdf\xe9\
\xf3\x81\x07\x1a\x0e\x04\x03\x03\x03\x01\xfe\x86\x00\x80\x02\x00\
\x0c\x00\x12\x00\x01\x00\x12\x00\x00\x08\x07\x00\x01\x02\x02\x02\
\x02\x02\x02\x07\xe7\xea\x0b\xd1\x0b\xd1\xbc\xbd\x00\x0d\x81\x04\
\xd9\x00\xd9\x0d\x00\x07\x12\x0a\x02C\xe6(,7\x00\xf3\
\x81\x04(\x00(\xf3\x00\x80\x02\x00\x0c\x00\x0e\x00\x01\x00\
\x0e\x00\x00\x07\x06\x01\x02\x02\x02\x02\x02\x02\x06\x0c\xd1\x05\
\xcb\xfe\xc4\xd0\x80\x02\xd8\x00\xd8\x82\x80\x058\x09@\x14\
KK\x80\x02.\x00.\x82\x00\x80\x02\x00\x0c\x00\x16\x00\
\x01\x00\x16\x00\x00\x0a\x09\x00\x01\x02\x02\x02\x02\x02\x02\x02\
\x02\x09\xdc\xde\x0b\xd1\x05\xca\xff\xc3\xb0\xb2\x00\x0d\x81\x06\
\xd9\x00\xd9\x00\xd9\x0d\x00\x09<5\x06>\x0fF\x1aQ\
Vb\x00\xf3\x81\x06(\x00(\x00(\xf3\x00\x80\x02\x00\
\x0c\x00\x1a\x00\x01\x00\x1a\x00\x00\x00\x0d\x09\x0a\x0c\x0c\xd1\
\xd1\x0b\x0b\xd2\xd2\xde\xe0\x00\xdc\x81\x00\x0d\x83\x01\xd9\xd9\
\x83\x00\x0d\x83\x0d\x0c\x07\xfd\xfd??\xf5\xf588+\
(\x004\x81\x00\xf3\x83\x0166\x83\x00\xf3\x83\x00\x80\
\x02\x00\x0c\x004\x00\x01\x003\x00\x00\x00\x19\x0c\x0c\xd1\
\xd1\x0c\xff\xed\xe2\xe2\xe2\xe9\xf5\x02\x09\xd1\x0b\x13\x17\x15\
\x15\x15\x0f\x0c\xd1\x00\xdf\x81\x82\x08\xfb\xfb\xfb\xef\xeb\xf8\
\x05\x0a\x07\x81\x09\xdb\xdb\xdb\xef\xfe\xf8\x00!!!\x83\
\x81\x17BBJ>6555,%'4B5\
$\x0a\xfb\xfa\xf9\x165B\x00>\x81\x82\x08\xfb\xfb\xfb\
\xf2\xf1\xfd\xf2\xef\xf7\x81\x09$$$'\x19\x00\xda\xd1\
\xd1\xd1\x83\x80\x02\x00\x0c\x008\x00\x01\x007\x00\x00\x00\
\x1d\x0b\x0b\xd1\xd1\x0c\xff\xed\xe2\xe2\xe2\xe9\xf5\x02\x09\xd1\
\x0a\x12\x16\x14\x14\x14\x0f\x0c\xd1\xf6\xf6\xbb\xbb\x00\xc5\x81\
\x82\x08\xfb\xfb\xfb\xef\xeb\xf8\x05\x0a\x07\x81\x09\xdb\xdb\xdb\
\xef\xfe\xf8\x00!!!\x87\x81\x1bBBJ?86\
66-&)5B6%\x0b\xfc\xfb\xfa\x166B\
&&hh\x00g\x81\x82\x08\xfb\xfb\xfb\xf2\xf1\xfd\xf2\
\xef\xf7\x81\x09$$$'\x19\x00\xda\xd1\xd1\xd1\x87\x80\
\x02\x00\x0c\x00:\x00\x01\x00:\x00\x00\x00\x1b\x13\x13\x01\
\x01\xd9\xd9\x14\x07\xf3\xe8\xe8\xe8\xf0\xfb\x09\x10\xd9\x11\x1a\
\x1e\x1c\x1c\x1c\x16\x13\xd9\x00\xe7\x81\x80\x01++\x81\x08\
\xfb\xfb\xfb\xef\xeb\xf8\x05\x0a\x07\x81\x09\xdb\xdb\xdb\xef\xfe\
\xf8\x00!!!\x83\x1b\xfe\xfe\x08\x08@@OD;\
9991),9@9)\x0f\x00\xff\xfe\x1a9\
@\x00A\x81\x80\x01\xdc\xdc\x81\x08\xfb\xfb\xfb\xf2\xf1\xfd\
\xf2\xef\xf7\x81\x09$$$'\x19\x00\xda\xd1\xd1\xd1\x83\
\x00\x80\x02\x00\x0c\x00S\x00\x01\x00S\x00\x00\x00(\xfe\
\x07\x07\x10\x12\x0d\x08\x09\x13\xcf\xcf\x16\x09\xf6\xeb\xeb\xeb\
\xf2\xfe\x0b\x12\x09\x09\xe2\xd7\xd4\xdc\xec\xfa\xcf\x14\x1c \
\x1e\x1e\x1e\x18\x15\xcf\x00\xe6\x81\x07\xfe\xfe\xd5\xd7\xdc\xe3\
\xee\xf7\x81\x08\xfb\xfb\xfb\xef\xeb\xf8\x05\x0a\x07\x82\x10*\
*\xf7\xf3\xf5\xfb\x00\xdb\xdb\xdb\xef\xfe\xf8\x00!!!\
\x83(&\xfc\xfc\xfd\xfa\xf6\xf3\xf1\xfbCCTIA\
@@@702>\x02\x029662.(C\
@.\x14\x05\x05\x05 @C\x004\x81\x07\x01\x00*\
+ \x06\xdb\xbd\x81\x08\xfb\xfb\xfb\xf2\xf1\xfd\xf2\xef\xf7\
\x82\x10\xcb\xcb\xb9\xc2\xdb\xf3\x03$$$'\x19\x00\xda\
\xd1\xd1\xd1\x83\x00\x80\x02\x00\x0c\x00E\x00\x01\x00E\x00\
\x00\x00!\x0c\x0c\xd1\xd1\x02\x02\xc6\xc6\x0c\xff\xed\xe2\xe2\
\xe2\xe9\xf5\x02\x09\x02\x02\xd1\xd1\xc6\x0b\x13\x17\x15\x15\x15\
\x0f\x0b\xc6\x00\xdf\x81\x80\x0e\xff\xff\xf9\xf9\xff\xff\xfb\xfb\
\xfb\xef\xeb\xf8\x05\x0a\x07\x82\x0c!!\x00\xdb\xdb\xdb\xef\
\xfe\xf8\x00!!!\x83\x81\x1fBB\xf7\xf788F\
;3222)\x22$1\xf7\xf7BB81 \
\x06\xf7\xf7\xf7\x1218\x005\x81\x00\x01\x81\x01\x06\x06\
\x81\x18\xfb\xfb\xfb\xf2\xf1\xfd\xf2\xef\xf8\x01\x01\x01\xd0\xd0\
\x01$$$&\x15\xfa\xde\xd1\xd1\xd1\x83\x00\x80\x02\x00\
\x0c\x00\x05\x00\x01\x00\x05\x00\x00\x00\x81\x00\xeb\x81\x84\x81\
\x00)\x81\x84\x00\x80\x02\x00\x0c\x00^\x00\x01\x00^\x00\
\x00\x00-\xf5\xfb\x05\x0a\x0a\x0a\x0a\x07\xfe\xf5\xf0\xe7\xe2\
\xe2\xe2\x19\x19\x19\x0c\xfa\xf4\xea\xd8\xcf\xcf\xcf\xd7\xd7\xcf\
\xcf\xcf\xd3\xe3\xf4\xfc\x0e\x19\x19\x19\xe2\xe2\xe2\xe6\xee\x00\
\xeb\x81+\xfe\xfe\xf8\xed\xe5\x1f\x13\x06\x02\x02\x02\x02\x03\
\x07\x05\x05\x0e\x1b'---&\x1b\x14\xf5\xf5\x1a\x1a\
\xef\xf0\xe2\xd2\xd2\xd2\xd7\xe2\xe9\xf1\xf1\xf2\xf7\xfc\xfe\x83\
-\x1a\x14\x08\x01\x01\x01\x01\x08\x14\x1a(4777\
\xf3\xf3\xf3\xf7\x07\x19->DDD\xfe\xfeDDD\
9&\x19\x07\xf7\xf3\xf3\xf37772%\x002\x81\
+\xfd\xfd\xf8\xf7\xfe\x04\x06\x05\x04\x04\x04\x01\xff\x03\xf0\
\xf0\x15\x00\xe7\xde\xde\xde\xe9\x07 \xfe\xfe\xeb\xeb\xe4\x06\
 ###\x17\xfd\xe5\xfb\xfb\xf4\xf9\xfd\xfd\x83\x00\x80\
\x02\x00\x0c\x00^\x00\x01\x00^\x00\x00\x00-\xf5\xfb\x04\
\x09\x09\x09\xd2\xd2\xd2\xdf\xf0\xf6\x01\x12\x1c\x1c\x1c\xeb\xeb\
\x1c\x1c\x1c\x18\x07\xf6\xed\xdd\xd2\xd2\xd2\x09\x09\x09\x05\xfc\
\xf5\xef\xe6\xe1\xe1\xe1\xe1\xe4\xed\x00\xeb\x81+\xf6\xf6\xf7\
\xf6\xf1\xeb\xeb\xe9\xdc\xd0\xcb\xcb\xcb\xd1\xdb\xe2\x0c\x0c\xea\
\xea\x08\x07\x16%%%\x1f\x16\x0e\x08\x08\x04\x00\xfb\xf9\
\xf9\xf9\xff\x0a\x12\xd9\xe5\xf2\xf6\x83-\x1d\x10\x04\x01\x01\
\x01EEEA1\x1e\x0a\xf8\xf3\xf3\xf3\xfb\xfb\xf3\xf3\
\xf3\xfe\x11\x1e/@EEE\x01\x01\x01\x06\x13\x1d$\
077770$\x008\x81$\xf4\xf4\xf8\xfa\xf5\
\xf8\xf8\xe3\xf7\x10\x1b\x1b\x1b\x0e\xf1\xd8\xe6\xe6\xf6\xf6\x14\
\xf3\xd9\xd5\xd5\xd5\xe0\xfc\x13\xfe\xfe\x02\xfd\xfb\xfb\xfb\xfb\
\x81\x04\xf9\xf4\xf2\xf3\xf4\x83\x00\x80\x02\x00\x0c\x00\x09\x00\
\x01\x00\x09\x00\x00\x00\x05\x07\x07\xce\xce\x00\xd6\x81\x87\x05\
\xf1\xf144\x00\x1d\x81\x87\x00\x80\x02\x00\x0c\x00\x07\x00\
\x01\x00\x07\x00\x00\x00\x80\x02\xec\x00\xd6\x81\x85\x80\x02\x0f\
\x00\x1d\x81\x85\x00\x80\x02\x00\x0c\x00\x22\x00\x01\x00\x22\x00\
\x00\x00\x0f\x01\x01\x09\x0e\x0e\x0b\x0b\x0b\xd1\xd1\xd1\xdb\xe5\
\xe7\x00\xdc\x81\x06\xe6\xc0\xc0\xc2\xc8\xd3\xdd\x81\x04\xd9\xde\
\xe3\xe6\xe6\x83\x0f\xfd\xfd\xf3\xeb\xe9\xe9\xe9\xe9+++\
(\x22\x1e\x00\x18\x81\x06\xfe**&\x1d\x0d\x01\x81\x04\
\xfb\xff\xff\xfe\xfe\x83\x00\x80\x02\x00\x0c\x008\x00\x01\x00\
8\x00\x00\x00\x1a\xcf\xc1\xcc\xcc\xcc\x07\x07\x07\xf3\xde\xdd\
\xd3\xc9\xce\xce\x09\x09\xf3\xf3\xe4\xe4\xce\xce\xcd\xce\x00\xb2\
\x81\x03\x01\x01\x0e\x0e\x81\x07\x0e\x1e&###\x1e\x1c\
\x81\x01((\x81\x04((\xfe\xff\x01\x83\x1a\x10\x13-\
--\xec\xec\xec\xf1\xfb\x02\x0d ..\xed\xed\xfb\xfb\
  ..'\x14\x00(\x81\x03!!\x17\x0d\x81\x07\
\xe6\xf2\xfc\xfd\xfd\xfd\xff\x02\x81\x01\xcf\xcf\x81\x04\xcf\xcf\
'$!\x83\x00\x80\x02\x00\x0c\x00\x5c\x00\x01\x00b\x00\
\x00\x00-\xca\xca\xce\xd0\xd0\xd0\xd6\xd6\x0c\x0c\xd6\xd6\xd0\
\xd0\xd0\xcf\xcc\xca\xc8\xc5\xc3\xc3\xc3\xc3\xc7\xca\xcb\xda\xed\
\xf6\xf6\xf6\xf6\xec\xd9\xca\xbb\xa8\x9e\x9e\x9e\x9e\xa7\xbb\x00\
\xcd\x81\x06\xfe\xfe\xfc\xf2\xe7\x0f\x0f\x83 \xe6\xe6\x19\x0e\
\x04\x02\x02\x02\x04\x0d\x18\xe5\xef\xfb\xfe\xd2\xd2\xdb\xeb\xf5\
\x08\x12#---#\x12\x08\xf5\xeb\xdb\xd2\x83\x07V\
NFCCCGG\x81\x1bGGCCCFN\
V^giiiig^VF2((((\
2FVg{C\x00\x85\x00\x85\x00\x85\x00\x85\x03{\
g\x00j\x81\x06\xfd\xfd\x01\x06\x09\xe5\xe5\x83 \x13\x13\
\xf4\xf7\xfe\x04\x04\x04\xff\xf7\xf4\x09\x05\x00\xfd##\x1a\
\x03\xed\x10\xfb\xe5\xde\xde\xde\xe5\xfb\x10\xed\x03\x1a#\x83\
\x00\x80\x02\x00\x0c\x009\x00\x01\x009\x00\x00\x00\x1c\x0a\
\x01\xfa\x05\x05\x05\xfa\xe4\xd6\xe3\xe3\x1c\x1c\xe0\xd9\xd8\xd2\
\xc9\xd1\x1c\x1c\xd2\xd4\xd0\xd0\xd0\xd2\x00\xee\x81\x80\x05\x05\
\x04\x0e\x07\x00\xfd\x84\x0e\x11\x11\x11\x11\x12\x00\xea\xea&\
&&\x18\x06\xfa\xea\x83\x1c\xfd\xed\xf5\xfb\xfb\xfb\x0d\x18\
\x10<<\xfb\xfb\x1b\x1c**@\x0b\xfb\xfb\x0c!7\
77!\x00=\x81\x80\x05\xfc\x00\xfd\xee\x0b\x0f\x84\x0e\
\xf0\xf0\xf0\xef\xef\x00\x1d\x1d\xd6\xd6\xd6\xdb\xec\x0e\x1d\x83\
\x00\x80\x02\x00\x0c\x00T\x00\x01\x00Q\x00\x00\x00(\xb2\
\xb5\xc4\xc7\xc7\xc7\xc9\xca\xe8\x05\x0d\x0d\x0d\x0d\xfd\xfb\xe7\
\xda\xd4\xd4\x0f\x0f\xf9\xf9\xea\xea\xd4\xd4\xd6\xdd\xe2\xd8\xd2\
\xd2\xd2\xd2\xd2\xcd\xbf\x00\xb5\x81\x12\xfe\xfe\xfd\xfa\xdb\xdb\
\xda\xda\xd9\xec\x09\x15\x19$---&\x22\x81\x01(\
(\x81\x0d((\x08\x08\x0a\x0a\x0a\x0e\x12\x14\x1b\x10\x04\
\xfe\x83(\x05\xf1\xfc\xfe\xfe\xfd\xfb\xfa\xf6\xf0\xec\xec\xec\
\xec\xfb\x08\x05\x1f..\xed\xed\xfb\xfb  ../\
'%&*,,,,'\x16\x00%\x81\x82\x0f\xfd\
\x19\x1a\x1a\x1a\x1c\x1d\x16\x09\x09\x07\x03\x03\x03\xff\x02\x81\
\x01\xd7\xd7\x81\x0c\xd7\xd7\x1d\x1f!!!\x1c\x0f\x05\x09\
\x11\x0c\x84\x80\x02\x00\x0c\x00<\x00\x01\x00<\x00\x00\x00\
\x1d\x04\x04\xc9\xc9\x04\xf7\xe5\xda\xda\xda\xe1\xed\xfa\x01\xca\
\x04\x0c\x10\x0e\x0e\x0e\x08\x05\xca\x02\x02\xce\xce\x00\xd7\x81\
\x82\x08\xfb\xfb\xfb\xef\xeb\xf8\x05\x0a\x07\x81\x0d\xdb\xdb\xdb\
\xef\xfe\xf8\x00!!!\x13\xef\xef\x13\x83\x1d\x16\x16X\
X`PILLLC<>JXK:!\x12\
\x10\x10,KX\x10\x10<<\x00T\x81\x82\x08\xfb\xfb\
\xfb\xf2\xf1\xfd\xf2\xef\xf7\x81\x0d$$$'\x19\x00\xda\
\xd1\xd1\xd1\xee\x0d\x0d\xee\x83\x00\x80\x02\x00\x0c\x004\x00\
\x01\x004\x00\x00\x00\x18\x11\x08\xe8\xc6\xb1\xe9\xca\xca\xca\
\xf8\xf8\xf7\xd9\xff\x05\xbc\xc3\xe2\x02\xf9\xcc\xc5\xe1\x00\xc3\
\x81\x80\x02\xf8\xfd\xe4\x81\x0155\x81\x0355\x00#\
\x81\x06#\xfc\x1a++\x1b\xfc\x83\x18\x02\x057mf\
5JJJ\x1d\x1d\x1d2\x16\x09\x5cR,\x19\x1dI\
N=\x00h\x81\x80\x02\x05\xc4\xf5\x81\x01\xe2\xe2\x81\x03\
\xe2\xe2\x00\xe0\x81\x06\xe0\xd4\xcf\xe6\xe6\xcf\xd4\x83\x00\x80\
\x02\x00\x0c\x00\x05\x00\x01\x00\x05\x00\x00\x00\x81\x00\xef\x81\
\x84\x81\x00.\x81\x84\x00\x80\x02\x00\x0c\x00)\x00\x01\x00\
'\x00\x00\x00\x14\x10\x01\xcd\xf5\x17\x16\x0b\xfa\xf2\xea\xdf\
\xd4\xd5\xde\xe8\xeb\xeb\xeb\xe0\x00\xce\x81\x82\x0e\x8a\x1c\x13\
\x02\xf6\xf6\xf6\xf7\xfa\x1b\x19\x1a\x1d  \x84\x12\xdc\xff\
.\x05\xf1\xeb\xf5\x08\x10\x0f\x12\x10\x0c\x12\x18\x19\x1a\x1d\
6\x83\x82\x0e/'\x1e\x0f\x04\x04\x04\x04\x05\xe8\xe6\xe3\
\xdf\xdf\xe2\x84\x00\x80\x02\x00\x0c\x00@\x00\x01\x00J\x00\
\x00\x00\x1f\x11%\x11\xd9\xf7\xf8\xf8\xca\xca\xca\xe9\xb0\x9d\
\xb0\xe9\xcc\xca\xca\xf8\xf8\xf4\xd9\xf7\xfb\xcb\xcb\xdc\xe0\xe0\
\xdc\x00\xa5\x81\x80\x00\x09\x81\x01\x07\x07\x81\x01\x07\x07\x81\
\x00\x09\x81\x01\x07\x07\x81\x08\x07\x07\x00\x0d\xd9\xd9\x0d\xd9\
\xd9\x85\x0a\x02\xf0\xf3-\x22$$RRTJA\x00\
\x83\x00\x87\x0dtCSRR$$#4bX}\
};A\x00\x92\x00\x92\x01;\x00@\x00\x8b\x81\x80\x00\
\xf9\x81\x01\x0c\x0c\x81\x01\x0c\x0c\x81\x00\xf9\x81\x01\xf4\xf4\
\x81\x08\xf4\xf4\x00\xf3((\xf3((\x85\x00\x80\x02\x00\
\x0c\x00\x8a\x00\x01\x00\x89\x00\x00\x00?\xfe\x03\x10\x1a\x1a\
\x1a\xe2\xe2\xe2\xe1\xe0\xf4\xfe\xfd\x11&&&\x1e\x1f\x22\
\x15\x08\x0b\x0b\x09\x16# !&&&\x18\x0b\x00\xe9\
\xec\xec\xec\xec%%%\x18\x0c\x0d\x08\xfb\xf1\xf1\xf1\xec\
\xf0\xe6\xe8\xf1\xf1\xf1\xf4\xfa\x10\x12\xe5\x02\xe8\x00\xec\x81\
?\xfe\xfe\xfc\xf3\xed\xe1\xe1\xe6\xe6\xea\xd8\xd0\xd0\xd0\xca\
\xd7\xf3\x04\x18\x15\x14\x14\x14\x14\xe6\xe6\xe6\xe5\xe5\xe2\xf2\
\x0c\x19...1\x17\x1b\x1d\x22\x22\x14\x0c\x05\x02\x02\
\x02\x00\x03\x0b\xf9\xf4\xf9\xff\x08\x03\xf4\xfa\xfe\xfe\x0d\xe1\
\xe1\x00\x0d\x83?\x1a\x07\xfe\x01\x01\x01???><\
0\x1d\x0d\xfc\xf7\xf7\xf7\x0b #\x1f\x16\x12\x12\x15\x18\
\x1b\x1e\x0c\xf7\xf7\xf7\x05\x1a.CFFFF\x09\x09\
\x09\x12\x1c\x1f#+0005A92000\
-#\x0b\x05.\x02(\x00.\x81\x1a\xfa\xfa\x08\x1d(\
**/*'\x1f...!\x0d\x05\x03\xee\xea\xea\
\xea\xea\xea\x01\x01\x01\x81#\xfc\xf3\xf0\xe8\xd7\xd7\xd7\xe5\
\xef\xf3\xe3\xdc\xdc\xf2\xfa\x03\x05\x05\x05\x06\x02\xfb\xfd\xf8\
\xfc\xfd\x06\x0d\x0a\x08\x00\xfa\xf3\x22\x22\xf3\x83\x80\x02\x00\
\x0c\x00*\x00\x01\x00*\x00\x00\x00\x15\x0b\x0b\xd1\xd1\x02\
\xcf\xc4\xde\x16\xf2\xd1\xd1 $\xf3\xf3\x0d$$\x0d\x00\
\xf5\x81\x82\x00\xb7\x81\x00\x0e\x81\x08(\xeb\x00\x0d\xd9\xd9\
\x0d\xd9\xd9\x85\x15\xfd\xfd??\x0dS]@\xf8\x1e?\
?.#GG\x02YY\x02\x00K\x81\x82\x003\x81\
\x00\xf7\x81\x08\xea(\x00\xe4((\xe4((\x85\x00\x80\
\x02\x00\x0c\x00'\x00\x01\x00%\x00\x00\x00\x06\x0b\x0b\xd1\
\xd1\xb0\xd1\x98@\xff~\x0a\xa2\xdc\xaf\xd1\xd1\xb1\xcf\xcf\
\xb1\x00\x8b\x81\x82\x01\xec\xec\x81\x00\xf8\x81\x04\x03\x03\x00\
\xf9\xf9\x85\x81\x10BBI/p|a\x1aHBB\
G??G\x00_\x81\x82\x01''\x81\x00\x05\x81\x06\
\xd6\xd6\x00\xdd\xdd\x18\x18\x83\x00\x80\x02\x00\x0c\x00&\x00\
\x01\x00%\x00\x00\x00\x12\x17\x17\xd2\xd2\x0b\x0b\xd1\xd1\xea\
\x0b\xd2\xb8\xdc\x16\xe9\xd1\xd1\x00\xd9\x81\x03\x18\xf4\xf4\x18\
\x82\x01\xec\xec\x81\x00\xf8\x81\x01\x03\x03\x84\x03\x10\x10*\
*\x81\x0cBB2\x18XeJ\x031BB\x00H\
\x81\x80\x01\x14\x14\x83\x01''\x81\x00\x05\x81\x01\xd6\xd6\
\x84\x80\x02\x00\x0c\x00&\x00\x01\x00&\x00\x00\x00\x12\x1d\
\x1d\xe3\xe3\xfc\x1d\xe4\xca\xee(\xfb\xe3\xe3\x0b\x0b\xe3\xe3\
\x00\xeb\x81\x82\x01\xec\xec\x81\x00\xf8\x81\x03\x03\x03\x00(\
\x81\x00(\x83\x12\xee\xee00\x18\xfe?K0\xea\x17\
00\xf7\xf700\x00/\x81\x82\x01''\x81\x00\x05\
\x81\x03\xd6\xd6\x00\xcf\x81\x00\xcf\x83\x00\x80\x02\x00\x0c\x00\
\x19\x00\x01\x00\x19\x00\x00\x0c\x0b\x01\x02\x02\x02\x02\x02\x01\
\x01\x02\x02\x02\x02\x0b\x0b\xd1\x1d\xe2\x1d\xd1\xfb\xff\xcf\xf4\
\xdd\xd5\x80\x00\xf1\x81\x05\x18\x00\x0d\xd9\x0d\xd9\x81\x80\x0a\
B\xef2\xefB\x1d\x137@\xe9D\x80\x00\x16\x81\x05\
\xe7\x00\xf3(\xf3(\x81\x80\x02\x00\x0c\x00\x15\x00\x01\x00\
\x15\x00\x00\x0a\x09\x01\x02\x02\x02\x02\x02\x02\x02\x02\x02\x09\
\x0b\xd1\x1d\xe2\x1d\xd1\x1e\xfd\xe3\x01\x80\x00\xf1\x81\x00\x18\
\x81\x00(\x81\x80\x08B\xef2\xefB\xf132=\x80\
\x00\x16\x81\x00\xe7\x81\x00\xcf\x81\x80\x02\x00\x0c\x00T\x00\
\x01\x00T\x00\x00\x00)\xb9\xbb\xcd\xde\xe0\xe0\xe1\xe5\xe1\
\xfd\x12\x14\x14\x14\x14\x05\xfc\xee\xde\xd9\xd9\x14\x14\xd1\xd1\
\x0c\x0c\xd9\xd9\xdd\xec\xea\xe3\xdc\xd9\xd9\xd9\xd9\xd4\xc6\x00\
\xed\x81\x13\x0d\x0d\x0d\x0b\x09\xe8\xe7\xe7\xe7\xe7\xfb\x13\x17\
\x19$---$\x1d\x81\x01''\x83\x0b\x02\x07\x0a\
\x0a\x0a\x0e\x12\x14\x11\x13\x11\x0d\x83\x18\xfe\xf2\xf7\x05\x05\
\x05\x08\x0c\x09\x00\xf0\xe6\xe6\xe6\xe6\xf2\xfe\xfe\x1a((\
\xe7\xe7??\x81\x0e(($!\x1d $&&&\
&!\x0f\x00&\x81\x13\xed\xed\xed\xec\xea\x04\x04\x07\x08\
\x0c\x0d\x00\xeb\x09\x08\x03\x03\x03\xff\x02\x81\x01\xd1\xd1\x83\
\x0b\x1d\x1f!!!\x1c\x0f\x05\xe3\xf5\xf7\xed\x83\x00\x80\
\x02\x00\x0c\x00\x14\x00\x01\x00\x14\x00\x00\x0a\x09\x01\x02\x02\
\x02\x01\x01\x02\x02\x02\x02\x09\x0c\xd9\x14\xd1\xf2\xf6\xc6\xf7\
\xe0\xdb\x81\x05'\x00\x0d\xd9\x0d\xd9\x81\x09\xfd$\xe5<\
\x10\x05*@\xe95\x81\x05\xd1\x00\xf3(\xf3(\x81\x80\
\x02\x00\x0c\x00\x8d\x00\x01\x00\x91\x00\x00\x00?\x88\x88\x84\
\x8d\x92\xa8\xc0\xd2\xd2\xd2\xd2\xd6\xc8\xaa\x8c\x80\x87\x87\x87\
\x87\x8c\x96\xa7\xb1\xc3\xe0\xf3\xfe\xfe\xfe\xfe\xeb\xd7\xd6\xd6\
\xc7\xbf\xc2\xc2\xc2\xc2\xb9\xb1\xb2\xa0\x9f\xae\xbf\xbf\xbf\xbf\
\xb4\xaa\xab\xad\xa4\x9a\x9a\x9a\x9a\x96\x93\x93\x97\x04\x8e\x86\
\x88\x00\x83\x81\x1f\xfe\xff\xfe\xfe\xfe\xf9\xf0\xe6\xe2V6\
\x11\x02\x02\x02\x137S\xe2\xdf\xe8\xf4\xfe\xfe\xfe\xff\xf9\
\xe6\xd2\x14\x07\xff\x81 22#\x18\x1c\xd2\xeb\xe9\xd7\
\xd7\xd7\xd1\xcd\xd4\xe2V=++++,=W\xe2\
\xe2\xdf\xdb\xd7\xd7\xd7\xd8\xd6\x83>zwqq\x5c@\
.''''3EJIayyyyxj\
E\x1f\x17\x09\xfe\xf7\xf7\xf7\xf7\x01\x16((*/5\
55575/07=CCCCBGQ\
U[^^^^]cwA\x00\x8c\x00\x87\x03y\
z\x00w\x81?\x02\x02\xfe\xfe\xfe\x0c!9C%\x0e\
\x01\x04\x04\x04\x07\x14!C;$\x0c\xfd\xfd\xfd\x03\x0a\
\x10\x0f\xf6\xfb\x01\x04\x04\xe2\xe2\xe4\xe9\xed\x18%+(\
((##.@%\x09\xea\xde\xde\xde\xe3\x00&A\
<3-))\x02)'$\x83\x00\x80\x02\x00\x0c\x00\
^\x00\x01\x00^\x00\x00\x00-\xf5\xfb\x05\x0a\x0a\x0a\x0a\
\x07\xfe\xf5\xf0\xe7\xe2\xe2\xe2\x19\x19\x19\x0c\xfa\xf4\xea\xd8\
\xcf\xcf\xcf\xcf\xd3\xe3\xf4\xfc\x0e\x19\x19\x19\xe2\xe2\xe2\xe6\
\xee\x0f\x11\xe4\xe7\x00\xe6\x81+\xfe\xfe\xf8\xed\xe5\x1f\x13\
\x06\x02\x02\x02\x02\x03\x07\x1e\x1e\x0e\x1b'---&\
\x1b\x14\xef\xf0\xe2\xd2\xd2\xd2\xd7\xe2\xe9\xde\xde\xf2\xf7\xfc\
\xfe\x0c\xe0\xe0\x0c\x83-\x1a\x14\x08\x01\x01\x01\x01\x08\x14\
\x1a(4777\xf3\xf3\xf3\xf7\x07\x19->DD\
DD9&\x19\x07\xf7\xf3\xf3\xf37772%\x0c\
\x0c*)\x000\x81+\xfd\xfd\xf8\xf7\xfe\x04\x06\x05\x04\
\x04\x04\x01\xff\x03\xfd\xfd\x15\x00\xe7\xde\xde\xde\xe9\x07 \
\xe4\x06 ###\x17\xfd\xe5\xfe\xfe\xf4\xf9\xfd\xfd\xf3\
\x22\x22\xf3\x83\x00\x80\x02\x00\x0c\x00\x15\x00\x01\x00\x15\x00\
\x00\x0a\x09\x01\x02\x02\x02\x01\x01\x02\x02\x02\x02\x09\x1e\x05\
\xfc\xe3\xfc\x00\xd0\xff\xe8\x01\x07(\x00(\x00\x0d\xd9\x0d\
\xd9\x81\x09\xed\xfc$0\x1c\x115J\xf3 \x07\xcf\x00\
\xcf\x00\xf3(\xf3(\x81\x80\x02\x00\x0c\x00\x05\x00\x01\x00\
\x05\x00\x00\x00\x81\x00\xed\x81\x84\x81\x00\x0c\x81\x84\x00\x80\
\x02\x00\x0c\x00\x1f\x00\x01\x00 \x00\x00\x00\x0e\xff\xff\xf3\
\xf3\x14\x14\x08\xd7\xfa\x17\xe5\xde\xde\x00\xf1\x81\x05\xeb\xca\
\xca\xeb\x00\xe5\x81\x00\xa1\x81\x00\xe5\x84\x0e\xed\xed//\
\xee\xee\x03C\x14\xdf\x17..\x00\x19\x81\x05\x1233\
\x12\x00-\x81@\x00\x87\x81\x00-\x84\x80\x02\x00\x0c\x00\
,\x00\x01\x00,\x00\x00\x00\x15\x02\x0b\x00\xc9\xed\x18\xe5\
\xd6\xe1\x15\xf2\xcf $\xf4\xf4\x13\x15\x15\x13\x00\xed\x81\
\x80\x00\xfc\x81\x00\xc4\x81\x00\xfd\x81\x07;\x00\x0d\xd9\xd9\
\x0d\xd9\xd9\x85\x15\xfa\xee\xfe>\x1c\xf4 <(\xe9\x0a\
%\x0c\x02&&\xeaAA\xea\x00+\x81\x80\x00\x0c\x81\
\x00C\x81\x00\xe6\x81\x07\xc1\x00\xf3((\xf3((\x85\
\x00\x80\x02\x00\x0c\x00\x15\x00\x01\x00\x15\x00\x00\x0a\x09\x00\
\x02\x01\x01\x02\x02\x02\x02\x02\x03\x09\xe4\xcf\xfa\xfd\x1e\x05\
\xfc\xe4\x1e\xd0\x07\xd9\x0d\x0d\x00(\x00(\xd9\x81\x09$\
(\x0e\x06\xed\xfc\x0c0\xe23\x07(\xf3\xf3\x00\xcf\x00\
\xcf(\x81\x80\x02\x00\x0c\x00=\x00\x01\x00=\x00\x00\x00\
\x1e\x02\x02\x05\x02\x08\x08\x03\x03\x03\xc8\xc8\xc8\xdc\xf1\xf4\
\xff\x07\x02\x02\xc7\xc7\xdf\xe3\xb3\xb3\xc1\xd8\xd8\xc1\x00\xbb\
\x81\x80\x06\x02\xff\xff\xff\xf9\xf2\xf2\x81\x07\xf2\xe1\xda\xdd\
\xdd\xdd\xe2\xe4\x82\x05\x0d\xd9\xd9\x0d\xd9\xd9\x85\x1e\xfa\xfa\
\x0a\x0f\x1a\x0e\xfb\xfb\xfb<<<1(+!\x08\xfa\
\xfa;;'\x1c@@\xe5<<\xe5\x00A\x81\x80\x06\
\xd7\xdf\xdf\xdf\xe3\xe6\xe6\x81\x07\xe7\xf4\x00\x03\x03\x03\xff\
\xfb\x82\x05\xf3((\xf3((\x85\x00\x80\x02\x00\x0c\x00\
7\x00\x01\x006\x00\x00\x00\x1b\xd5\xf2\xf2\xd5\x01\x01\x03\
\x02\x01\x07\x07\x02\x02\x02\xc7\xc7\xc7\xdb\xf0\xf3\xfe\x06\x01\
\x01\xc6\xc6\x00\xd2\x81\x0c\xf9\xf9\xf4\xf4\x00\x02\x00\xff\xff\
\xff\xf9\xf2\xf2\x81\x07\xf2\xe1\xda\xdd\xdd\xdd\xe2\xe4\x86\x1b\
\x22\x1a\x1a\x22\x0f\x0f\x14\x19\x1a\x1a\x06\xf0\xf0\xf0//\
/',>4\x1d\x0f\x0fNN\x00N\x81\x01\xdd\xdd\
\x82\x07\xd7\xda\xdf\xdf\xdf\xdd\xdf\xe6\x81\x07\xfa\xfe\x02\x03\
\x03\x03\xff\xfb\x86\x80\x02\x00\x0c\x00-\x00\x01\x00-\x00\
\x00\x00\x16\xd1\xd1\xd0\xd0\xd1\xc4\xcf\xcf\xcf\x0a\x0a\x0a\xf6\
\xe1\xdf\xd5\xcc\xd1\xd1\x0c\x0c\x00\xd3\x81\x80\x06\xfe\xff\x01\
\x01\x01\x0e\x0e\x81\x07\x0e\x1e&###\x1e\x1c\x86\x16\
>>7%!#===\xfc\xfc\xfc\x02\x0c\x13\x1d\
0>>\xfd\xfd\x008\x81\x80\x06'$!!!\x17\
\x0d\x81\x07\xe6\xf2\xfc\xfd\xfd\xfd\xff\x02\x86\x00\x80\x02\x00\
\x0c\x00=\x00\x01\x00=\x00\x00\x00\x1e\xd1\xd1\xd0\xd0\xd1\
\xc4\xcf\xcf\xcf\x0a\x0a\x0a\xf6\xe1\xdf\xd5\xcc\xd1\xd1\x0c\x0c\
\xe7\xeb\xbb\xbb\xd7\xee\xee\xd7\x00\xc4\x81\x80\x06\xfe\xff\x01\
\x01\x01\x0e\x0e\x81\x07\x0e\x1e&###\x1e\x1c\x82\x05\
\x0d\xd9\xd9\x0d\xd9\xd9\x85\x1e??9&\x22$>>\
>\xfd\xfd\xfd\x08\x10\x0e\x181??\xfe\xfe+\x1fD\
D\xe6==\xe6\x00C\x81\x80\x06)%!!!\x1a\
\x1a\x81\x07\x19\x0b\x00\xfd\xfd\xfd\x01\x05\x82\x05\xf3((\
\xf3((\x85\x00\x80\x02\x00\x0c\x00t\x00\x01\x00\x82\x00\
\x00\x008\xbf\xc4\xcd\xd4\xd4\xd4\xd4\xcb\xc1\xbf\xbb\xb1\xa9\
\xa9\xa9\x99\x99\x99\xa1\xb2\xbf\xcc\xdc\xe4\xe4\xe4\xa9\xa9\xa9\
\xaf\xb9\xda\xd7\xe0\xec\xf7\xf7\xb9\xb9\xb9\xc2\xd2\xd5\xd5\x99\
\xe4\xe4\xe4\xdc\xcc\xbf\xb2\xa1\x99\x99\x00\xb7\x81\x0d\xfe\xfe\
\xfc\xf4\xe9\x18\x0d\x05\x02\x02\x02\x03\x0c\x18\x81\x08\xf8\xee\
\xdd\xd3\xd3\xd3\xdd\xee\xf8\x81\x03\xe9\xf4\xfd\xfe\x81\x15\x0a\
\x10\x08\xf7\xf7\xf5\xe4\xd4\xd4\xd4\x00\xd4\xd4\x0b\x15%.\
..%\x15\x0b\x83\x0eX_SCCCCS_\
XT`pppC\x00\x88\x00\x88\x00\x88\x00\x85\x18\
sZ@-+++ppp`SG)\x0e\x05\
\x08\x08:97:CRR@\x00\x88\x06+++\
.@YrB\x00\x85\x00\x88\x00\x88\x80\x00p\x816\
\xfd\xfd\xfc\xfc\xfe\x0a\x0b\x08\x04\x04\x04\x0b\x13\x13\x01\x01\
\xea\xf7\x11###\x11\xf7\xea\x18\x18\xf4\xf3\xf8\xfd\x01\
\x01\x08\x12 ((\x22\x19\x13\x13\x13\x01\x13\x13\x1c\x0e\
\xf2\xdf\xdf\xdf\xf2\x0e\x1c\x83\x00\x80\x02\x00\x0c\x00\x8d\x00\
\x01\x00\x9e\x00\x00\x00?\xe0\xe2\xb5\xb8\xbf\xc4\xcd\xd4\xd4\
\xd4\xd4\xcb\xc1\xbf\xbb\xb1\xa9\xa9\xa9\x99\x99\x99\xa1\xb2\xbf\
\xcc\xdc\xe4\xe4\xe4\xa9\xa9\xa9\xaf\xb9\xda\xd7\xe0\xec\xf7\xf7\
\xb9\xb9\xb9\xc2\xd2\xd5\xd5\x99\xe4\xe4\xe4\xdc\xcc\xbf\xb2\xa1\
\x99\x99\xcb\xcb\x97\x97\xd7\x04\xd7\xa2\xa2\x00\xad\x81\x11\x0d\
\xe1\xe1\x0d\xfe\xfe\xfc\xf4\xe9\x18\x0d\x05\x02\x02\x02\x03\x0c\
\x18\x81\x08\xf8\xee\xdd\xd3\xd3\xd3\xdd\xee\xf8\x81\x03\xe9\xf4\
\xfd\xfe\x81\x16\x0a\x10\x08\xf7\xf7\xf5\xe4\xd4\xd4\xd4\x00\xd4\
\xd4\x0b\x15%...%\x15\x0b#\x81\x01##\x81\
\x00#\x83\x12TTrqX_SCCCCS\
_XT`pppC\x00\x88\x00\x88\x00\x88\x00\x85\
\x18sZ@-+++ppp`SG)\x0e\
\x05\x08\x08:97:CRR@\x00\x88\x06++\
+.@YrB\x00\x85\x00\x88\x00\x88\x01ooA\
\x00\x85\x00\x85\x05AAWW\x00x\x81;\xf3\x22\x22\
\xf3\xfd\xfd\xfc\xfc\xfe\x0a\x0b\x08\x04\x04\x04\x0b\x13\x13\x01\
\x01\xea\xf7\x11###\x11\xf7\xea\x18\x18\xf4\xf3\xf8\xfd\
\x01\x01\x08\x12 ((\x22\x19\x13\x13\x13\x01\x13\x13\x1c\
\x0e\xf2\xdf\xdf\xdf\xf2\x0e\x1c\xdb\x81\x01\xdb\xdb\x81\x00\xdb\
\x83\x80\x02\x00\x0c\x00\x05\x00\x01\x00\x05\x00\x00\x00\x81\x00\
\xd6\x81\x84\x81\x005\x81\x84\x00\x80\x02\x00\x0c\x00\x07\x00\
\x01\x00\x07\x00\x00\x00\x80\x02\xde\x00\xc2\x81\x85\x80\x02E\
\x00w\x81\x85\x00\x80\x02\x00\x0c\x00J\x00\x01\x00J\x00\
\x00\x00$\xa6\xac\xbb\xbe\xbe\xbc\xbd\xbd\xdc\xfb\x04\x04\x04\
\x04\xf5\xe2\xda\xd1\xd1\x0b\x0b\xd1\xd1\xea\x0b\xd2\xbb\xc2\xc9\
\xcb\xcb\xcb\xcb\xc6\xb6\x00\xd3\x81\x11\x0d\x0d\x0c\x09\xea\xea\
\xe9\xe8\xe7\xfa\x17$\xc6\xec\x02\xfe\xfe\xfe\x83\x01\xec\xec\
\x81\x08\x01\x02\xf4\xd9\xc61#\x13\x0d\x83\x12\x1e\x0d\x18\
\x1a\x1a\x1a\x1b\x1b\x15\x0c\x07\x07\x07\x07\x11&5BB\
\x81\x0fBB*\x10Q]QHGGGGC2\
\x00K\x81\x11\xed\xed\xec\xea\x05\x06\x08\x09\x0c\x0c\x03\xf5\
\x07\x05\xee\xd9\xd9\xd9\x83\x01''\x81\x08\x05\x03\x04\xfb\
\xea\xf6\xfe\xf9\xed\x83\x00\x80\x02\x00\x0c\x009\x00\x01\x00\
4\x00\x00\x00\x19\x17\x17!&#\x1f % \xde\xde\
\x18\x18\xf2\xf1\xeb\xe9\xf1\xff\x0f\xf7\xf0\xc2\xcc\x00\xd0\x81\
\x06\xfe\xd5\xd8\xdc\xea\x0cL@\x00\x81\x83\x01**@\
\x00\x81\x08F\x0c\xf9\xfd\x03\x0d\xd9\xd9\x0d\x83\x19\x05\x05\
\x11\x16\x11\x09\x02\x03\x02KK\x0a\x0aCFDFF\
<  $P?\x00O\x81\x80\x06*+,06\
>E\x83\x0b\xcb\xcb#\x0d\xf9\xf4\xfa\x00\xf3((\xf3\
\x83\x80\x02\x00\x0c\x008\x00\x01\x008\x00\x00\x00\x1b\xfb\
\x04\x0c\x14\x14\x11\x1d\x1b&%\x1d\x1d\x1d\xd1\xd1\x0b\x0b\
\xd1\xd1\x1d\x1d\xe3\xe3\xe3\xe9\xf4\x00\xed\x81\x0d\x0c\x0c\x0a\
\x07\xe9\xe8\xe9\xe9\xe9\xf5\xf7\xec\x18\x18\x83\x01\xf1\xf1\x81\
\x03\xf0\xf7\x04\x0c\x83\x0e\x09\xf7\x02\x04\x04\x04\x08\x08\x01\
\xf5\xef\xef\xefBB\x81\x0aBB\xef\xef222-\
\x1c\x001\x81\x0d\xed\xed\xec\xea\x05\x05\x08\x09\x0c\x0e\x04\
\xf5\xe7\xe7\x83\x01\x16\x16\x81\x03\xf6\xfe\xf9\xed\x83\x00\x80\
\x02\x00\x0c\x00\x22\x00\x01\x00!\x00\x00\x00\x11\x0b\x0b\xd1\
\xd1\x1d\x1d\xe2\xe2\x1d\x1d\xd1\xd1\xfb\xf4\xc6\xd0\x00\xd5\x81\
\x82\x01\xf1\xf1\x83\x06\x18\x18\x00\x0d\xd9\xd9\x0d\x83\x81\x0f\
BB\xef\xef22\xef\xefBB\x07\x0b7&\x006\
\x81\x82\x01\x16\x16\x83\x06\xe7\xe7\x00\xf3((\xf3\x83\x80\
\x02\x00\x0c\x00>\x00\x01\x00>\x00\x00\x00\x1e\x02\x02\x05\
\x02\x08\x08\x03\x03\x03\xc8\xc8\xc8\xdc\xf1\xf4\xff\x07\x02\x02\
\xc7\xc7\x15\x15\xe5\xe9\xec\xec\xcc\xcc\x00\xd3\x81\x80\x06\x02\
\xff\xff\xff\xf9\xf2\xf2\x81\x07\xf2\xe1\xda\xdd\xdd\xdd\xe2\xe4\
\x82\x06\x0d\xd9\xd9\x0d\x00\xd9\xd9\x84\x1e\xfa\xfa\x0a\x0f\x1a\
\x0e\xfb\xfb\xfb<<<1(+!\x08\xfa\xfa;;\
\xf4\xf4\x19\x0e\x03\x03//\x00;\x81\x80\x06\xd7\xdf\xdf\
\xdf\xe3\xe6\xe6\x81\x07\xe7\xf4\x00\x03\x03\x03\xff\xfb\x82\x06\
\xf3((\xf3\x00((\x84\x00\x80\x02\x00\x0c\x00$\x00\
\x01\x00%\x00\x00\x00\x12\x04\x0d\xd4\xf0\x0e\xd8\xe0\x0c\x01\
\xe5\xfd\xe2\xd7\xf8\xf1\xc3\xcd\x00\xca\x81\x82\x00\xb6\x83\x00\
[\x81\x05Z\x00\x0d\xd9\xd9\x0d\x83\x12\xfc\xfbL\x16\xe6\
10\x0c\x061\x00$!\x01\x051 \x002\x81\x82\
@\x00\xba\x83\x00\xcf\x81\x05\xd3\x00\xf3((\xf3\x83\x80\
\x02\x00\x0c\x00\x07\x00\x01\x00\x07\x00\x00\x00\x80\x02\xf1\x00\
\xe8\x81\x85\x80\x02'\x00;\x81\x85\x00\x80\x02\x00\x0c\x00\
\x07\x00\x01\x00\x07\x00\x00\x00\x80\x02\xf5\x00\xe8\x81\x85\x80\
\x02\x1e\x00;\x81\x85\x00\x80\x02\x00\x0c\x00\x05\x00\x01\x00\
\x05\x00\x00\x00\x81\x00\xfa\x81\x84\x81\x00I\x81\x84\x00\x80\
\x02\x00\x0c\x00\x07\x00\x01\x00\x07\x00\x00\x00\x80\x02\xf6\x00\
\xf2\x81\x85\x80\x02\x1d\x00(\x81\x85\x00\x80\x02\x00\x0c\x00\
\x05\x00\x01\x00\x05\x00\x00\x00\x81\x00\xe9\x81\x84\x81\x00/\
\x81\x84\x00\x80\x02\x00\x0c\x00\x07\x00\x01\x00\x07\x00\x00\x00\
\x80\x02\xf5\x00\xe9\x81\x85\x80\x02\x17\x00/\x81\x85\x00\x80\
\x02\x00\x0c\x00\x07\x00\x01\x00\x07\x00\x00\x00\x80\x02\xe2\x00\
\xc2\x81\x85\x80\x02<\x00w\x81\x85\x00\x80\x02\x00\x0c\x00\
\x07\x00\x01\x00\x07\x00\x00\x00\x80\x02\xf0\x00\xd6\x81\x85\x80\
\x02\x17\x00.\x81\x85\x00\x80\x02\x00\x0c\x00\x05\x00\x01\x00\
\x05\x00\x00\x00\x81\x00\x15\x81\x84\x81\x00/\x81\x84\x00\x80\
\x02\x00\x0c\x00\x07\x00\x01\x00\x07\x00\x00\x00\x80\x02\xec\x00\
\xe7\x81\x85\x80\x02\x1a\x00-\x81\x85\x00\x80\x02\x00\x0c\x00\
\x07\x00\x01\x00\x07\x00\x00\x00\x80\x02\xed\x00\xe7\x81\x85\x80\
\x02\x1a\x00-\x81\x85\x00\x80\x02\x00\x0c\x00\x07\x00\x01\x00\
\x07\x00\x00\x00\x80\x02\xf5\x00\xe9\x81\x85\x80\x02\x17\x00/\
\x81\x85\x00\x80\x02\x00\x0c\x00V\x00\x01\x00V\x00\x00\x00\
)\xec\xec\xfd\xfd\xf4\xf7\x02\x0a\x0a\x0a\x0a\x03\xf9\xf4\xef\
\xe6\xdf\xdf\xdf\xdf\xe8\xf1\xf4\x01\x12\x1a\x1a\x1a\x1a\x12\x02\
\xf4\xe7\xd7\xcf\xcf\xcf\xcf\xd7\xe7\x00\xef\x81'\x16\xf1\xf1\
\x16\xfe\xfe\xfd\xf3\xe8\x17\x0c\x03\x02\x02\x02\x04\x0c\x17\xe8\
\xf2\xfc\xfe\xd2\xd2\xdb\xeb\xf5\x08\x12#---#\x12\
\x08\xf5\xeb\xdb\xd2\x83)##\x01\x01\x16\x0d\x05\x01\x01\
\x01\x01\x04\x0d\x16 +....+ \x16\x05\xf1\
\xe9\xe9\xe9\xe9\xf1\x05\x16)>FFFF='\x00\
.\x81'\xfb\x1c\x1c\xfb\xfd\xfd\xfd\xfe\x01\xfb\xff\x02\x04\
\x04\x04\x03\xff\xfb\x02\xfe\xfc\xfd##\x1a\x03\xed\x10\xfb\
\xe5\xde\xde\xde\xe5\xfb\x10\xed\x03\x1a#\x83\x00\x80\x02\x00\
\x0c\x00\x07\x00\x01\x00\x07\x00\x00\x00\x80\x02\xf5\x00\xef\x81\
\x85\x80\x02\x17\x00.\x81\x85\x00\x80\x02\x00\x0c\x00\x07\x00\
\x01\x00\x07\x00\x00\x00\x80\x02\xf6\x00\xeb\x81\x85\x80\x02\x1c\
\x008\x81\x85\x00\x80\x02\x00\x0c\x00\x02\x00\x01\x00\x07\x00\
\x00\x00\x85\x85\x80\x023\x00f\x81\x85\x80\x02\x00\x0c\x00\
\x05\x00\x01\x00\x07\x00\x00\x00\x80\x00\x01\x83\x85\x80\x023\
\x00f\x81\x85\x00\x80\x02\x00\x0c\x00\x02\x00\x01\x00\x07\x00\
\x00\x00\x85\x85\x80\x023\x00f\x81\x85\x80\x02\x00\x0c\x00\
\x07\x00\x01\x00\x07\x00\x00\x00\x80\x02\xea\x00\xd2\x81\x85\x80\
\x02\x1d\x00:\x81\x85\x00\x80\x02\x00\x0c\x00\x07\x00\x01\x00\
\x07\x00\x00\x00\x80\x02\xe4\x00\xc5\x81\x85\x80\x024\x00g\
\x81\x85\x00\x80\x02\x00\x0c\x002\x00\x01\x002\x00\x00\x00\
\x18\x18\x18\xf2\xf2\xdc\xdc\xdc\xe4\xf0\xf3\xf3\x00\xf8\xf8\xf8\
\xbd\xbd\xbd\xd7\x1c\x1c\xe4\xe4\x00\xf6\x81\x82\x13&&\x00\
\x0c\x0c\x0a\x07\xe8\xea\xf6\xf9\xdc\xdc\xf8\xfb\x0c&\xfa\xfa\
&\x83\x18\x14\x14TTUUG;;<<?6\
66pppa\x0c\x0cVV\x00^\x81\x82\x13\xd8\
\xd8\x00\xed\xed\xed\xea\x06\x08\x0c\x00\x1b\x1b\x00\xfa\xed\xed\
\x08\x08\xed\x83\x00\x80\x02\x00\x0c\x00L\x00\x01\x00L\x00\
\x00\x00$\xcd\xd6\xd8\xda\xda\xdf\xe7\xeb\xf9\x04\x04\x04\x04\
\x00\xfa\xf2\xef\xcf\x02\x0b\x00\xc9\xed\x18\xe5\xd6\xd5\xd3\xd3\
\xd2\xd2\xd2\xd2\xdf\xdf\x00\xd8\x81\x10\x0b\x0b\x0a\x07\xe9\xe9\
\xe9\xe9\xe9\xf1\xf8\xf8\xff\x0f\x1e-4\x81\x00\xfc\x81\x00\
\xc4\x81\x09\xfd\xfe\xfd\xfc\xfd\x00\x05\x05\x08\x0b\x83$\xf7\
\xed\xe3\xe3\xe3\xe4\xe6\xe6\xeb\xe9\xe3\xe3\xe3\xeb\xf8\x04\x09\
%\xfa\xee\xfe>\x1c\xf4 <93.)&&&\
\x22\x0f\x00\x1f\x81\x10\xed\xed\xed\xea\x05\x05\x05\x05\x05\x0f\
\x16\x13\x0e\xf7\xdc\xc3\xbd\x81\x00\x0c\x81\x00C\x81\x09\xe6\
\xe7\xf2\x01\x0f\x17\x16\x0e\xfa\xed\x83\x00\x80\x02\x00\x0c\x00\
%\x00\x01\x00%\x00\x00\x00\x11\x0b\x0b\xd6\xd6\x02\x0b\x00\
\xc9\xed\x18\xe5\xd6\xe1\x15\xf2\xcf\x00\xe2\x81\x05\x09\xdf\xdf\
\x09\x00\xfc\x81\x00\xc4\x81\x00\xfd\x81\x00;\x84\x11\xed\xed\
==\xfa\xee\xfe>\x1c\xf4 <(\xe9\x0a%\x00!\
\x81\x05\xef\x09\x09\xef\x00\x0c\x81\x00C\x81\x00\xe6\x81\x00\
\xc1\x84\x00\x80\x02\x00\x0c\x00~\x00\x01\x00\x80\x00\x00\x00\
\x14\xee\xf3\xf8\xfb\xfb\xfb\x04\x07\xfc\xff\xfb\xfb\xfb\xf1\xe3\
\xdf\xe1\xd4\xc7\xc7\xc7\x83%\x03\xed\xe1\xd4\xc6\xc6\xc6\xcb\
\xcc\xc9\xd6\xe4\xe1\xe1\xe4\xd7\xca\xcd\xce\xc6\xc6\xc6\xdb\xef\
\xee\xf8\x0b\x0b\x0a\x0a\x0a\xd2\xd2\xd2\xdc\xea\x00\xd6\x81<\
\xfe\xfe\xfe\xfa\xf4\x03\x08\xff\xf9\xf4\xf9\x0b\x03\x00\x02\x02\
\x02\x05\x0c\x14\x22\x22\x1d\x1b\x171...\x19\x0c\xf2\
\xe2\xe5\xe5\xe6\xe6\xe6\x14\x14\x14\x14\x15\x18\x04\xf3\xd7\xca\
\xd0\xd0\xd0\xd8\xea\xe6\xe6\xe1\xe1\xed\xf3\xfc\xfe\x83>\x14\
\x0b\x02\xfe\xfe\xfe\xfc\xf5\xed\xf8\xfe\xfe\xfe\x03\x0b\x0f\x12\
\x1d%%%\xe8\xe8\xe8\xe8\xeb\x00\x14)777#\
\x10\x13\x17\x1a\x1c\x1c\x17\x0f\x0c\x0e#7772!\
\x11\xfe\xf1\xf0\xef\xef\xef---0'\x00.\x81 \
\xfa\xfa\x00\x08\x0a\x0d\x06\xfd\xfc\xf8\xfd\xfb\x02\x06\x05\x05\
\x05\x03\xfa\xf2\xdc\xdc\xe3\xf3\xef\xe5\xd7\xd7\xd7\xe8\xf0\xf3\
\xfc\x81\x19\x01\x01\x01\xea\xea\xea\xea\xea\xee\x03\x05\x0d!\
...\x1f'*/**(\x1d\x08\xfa\x83\x00\x80\
\x02\x00\x0c\x00U\x00\x01\x00P\x00\x00\x00&\xf5\xfe\x06\
\x0e\x0e\x0b\x17\x15  \x18\x18\x18\xf2\xf1\xea\xe8\xed\xf7\
\x04\x0a\x0e\x14\x17\x17\x1d \x1f\x1d % \xde\xde\xde\
\xe3\xee\x00\xe8\x81\x0d\x0c\x0c\x0a\x07\xe9\xe8\xe9\xe9\xe9\xf5\
\xf7\xec**@\x00\x81\x0eF\x0a\xf5\xf6\xff\xff\xff\xff\
\xfe\xd5\xd7\xdb\xea\x0cL@\x00\x81\x81\x03\xf0\xf7\x04\x0c\
\x83&!\x1b\x1b\x1d\x1d &(\x1e\x11\x0a\x0a\x0aC\
FDDD@4)\x22\x0f\x05\x05\x0d\x10\x0d\x07\x02\
\x03\x02KKKF5\x00K\x81\x15\xed\xed\xec\xea\x05\
\x05\x09\x0b\x0f\x11\x05\xf5\xcb\xcb#\x12\x00\xfb\xfb\xfe\xfe\
\xfe\x81\x06*+,06>E\x81\x03\xf6\xfe\xf9\xed\
\x83\x80\x02\x00\x0c\x00\x05\x00\x01\x00\x05\x00\x00\x00\x81\x00\
\xe9\x81\x84\x81\x00\xe0\x81\x84\x00\x80\x02\x00\x0c\x00<\x00\
\x01\x00<\x00\x00\x00\x1d\x05\x05\xca\xca\x05\xf8\xe6\xdb\xdb\
\xdb\xe2\xee\xfb\x02\xca\x04\x0c\x10\x0e\x0e\x0e\x08\x05\xca\x02\
\x02\xcd\xcd\x00\xd8\x81\x82\x08\xfb\xfb\xfb\xef\xeb\xf8\x05\x0a\
\x07\x81\x0d\xdb\xdb\xdb\xef\xfe\xf8\x00!!!\x13\xf0\xf0\
\x13\x83\x1d\x19\x19[[bWONNNE>@\
M[N=#\x14\x13\x12.N[\x10\x10<<\x00\
W\x81\x82\x08\xfb\xfb\xfb\xf2\xf1\xfd\xf2\xef\xf7\x81\x0d$\
$$'\x19\x00\xda\xd1\xd1\xd1\xee\x0e\x0e\xee\x83\x00\x80\
\x02\x00\x0c\x00=\x00\x01\x00=\x00\x00\x00\x1e\x0c\x0c\x01\
\x01\xfc\xf5\xf5\xf5\xfc\x03\x05\x01\xd1\xd1\x0c\x0f\xfa\xf7\xd1\
\x1a\x1a!(((\x1d\x15\x1a\xd1\x00\x05\x81\x83\x18\xfe\
\x04\x0f\x17\x18\x11\x0a\x0a\x0a\x00\x0a\x04\xef\xf5\xe3\xe3\xe3\
\xef\x03\x10\x17\x22'''\x83\x1e\xfd\xfdDDKQ\
QQE7,.??M+,N?G7!\
\x14\x14\x14\x1c1E?\x00[\x81\x83\x18\xff\xf9\xf1\xd9\
\xcb\xce\xd7\xd7\xd7\x00\xe0\xfa\xfa\xe0\x03\x03\x03\x05\x00\xf4\
\xdb\xcf\xd3\xd3\xd3\x83\x00\x80\x02\x00\x0c\x006\x00\x01\x00\
6\x00\x00\x00\x1a\xd0\xd5\xe4\xe7\xe7\xe7\xe8\xe8\xf2\xeb\xeb\
\xeb\xb0\xb0\xfc\xfc\xc1\xc1\xfc\xfc\xb0\xb0\xb0\xba\xc8\x00\xcc\
\x81\x0a\x09\x0a\x07\x04\xe5\xe4\xe5\xe5\xe5\xf3\xf9\x81\x01\xf1\
\xf1\x83\x05\x18\x18\x01\x02\x06\x09\x83\x1a\x10\xff\x0a\x0c\x0c\
\x0c\x10\x10\x05\xf4\xf4\xf466\xe3\xe3&&\xe3\xe36\
663#\x00%\x81\x0a\xed\xed\xec\xea\x05\x05\x08\x09\
\x0b\x0e\x01\x81\x01\x16\x16\x83\x05\xe7\xe7\x02\x04\xf9\xed\x83\
\x00\x80\x02\x00\x0c\x00?\x00\x01\x00:\x00\x00\x00\x1d\x17\
\x17!&#\x1f % \xde\xde\x18\x18\xf2\xf1\xeb\xe9\
\xf1\xff\x0f\xf6\xfa\xca\xca\xef\x06\x06\xef\x00\xde\x81\x06\xfe\
\xd5\xd8\xdc\xea\x0cL@\x00\x81\x83\x01**@\x00\x81\
\x0aF\x0c\xf9\xfd\x03\x0d\xd9\xd9\x0d\xd9\xd9\x85\x1d\x05\x05\
\x11\x16\x11\x09\x02\x03\x02KK\x0a\x0aCFDFF\
< 3(MM\x0ddd\x0d\x00T\x81\x80\x06*\
+,06>E\x83\x0d\xcb\xcb#\x0d\xf9\xf4\xfa\x00\
\xf3((\xf3((\x85\x80\x02\x00\x0c\x00\x05\x00\x01\x00\
\x05\x00\x00\x00\x81\x00\xda\x81\x84\x81\x003\x81\x84\x00\x80\
\x02\x00\x0c\x00p\x00\x01\x00p\x00\x00\x006\x0a\x14\x12\
\x09\x09\x09\x09\x05\xf9\xeb\xdb\xdc\xf0\xfd\xef\xe0\xd5\xd9\xdf\
\xe2\xe9\xe9\xe9\xe8\xec\xf2\xf5\xff\x01\xfc\xfc\xfc\xfc\x02\x09\
\x03\x11'3333+\x18\x08\xfd\xe3\xd0\xd3\xd3\xd3\
\xe6\xfd\x00\x01\x814\xff\xfe\xf7\xf0\xf1\x0b\x0a\x04\xfe\xfa\
\xf6\xf3\xf2\xf1\x1e\x1e!##!\x12\xf9\x0b\x0b\x0c\x0c\
\x0c\x0c\x07\xfe\xf7\x05\x07\x04\x00\xd8\xd9\xe2\xfd\x1b\xe1\x01\
#///%\x19\x17\xf3\xe8\xdc\xd7\x836\x19\xfb\xf0\
\xf9\xf9\xf9\xf9\x03\x0c\x0b\x08\x15##\x13\x0e\x08\x05\x05\
\x08\x12\x12\x12\x12\x0f\x13\x1d.4////* \
\x16\x13\x09\x02\x02\x02\x02\x06\x0a\x0c\x0b\x11 +++\
$\x1b\x00-\x814\xfe\x00\x09\x17\x1d\x0c\x10\x10\x0c\x0a\
\x07\x09\x0d\x0f\xe5\xe6\xe8\xea\xec\xf0\xf2\xf4%'$\x1e\
\x1e\x1e\x1c\x1b\x1a\xfb\xfd\xfd\xfe\x18\x18\x17\x1e,\x17\x13\
\x0e\x09\x09\x09\x03\xf3\xe3$\x19\x15\x18\x83\x00\x80\x02\x00\
\x0c\x00M\x00\x01\x00O\x00\x00\x00'\x03\x03\xe0\xdc\xd7\
\xd4\xd3\xd2\xd1\xd7\xd3\xd0\xd1\xd1\xd1\xd7\xdf\xe4\xce\xf7\x08\
\x0c\x06\x06\x06\x03\xfc\xf7\xce\xce\xf0\xf5\xff\xff\xff\xfa\xed\
\xce\x00\xd8\x81\x83\x09\xff\xfe\xfe\x05\x00\xfe\xfb\xfb\xff\xff\
\x83\x13\xd8\xd8\xd8\xec\xfe\xfd\xfe\x08\x14\x14\x14\xef\xef\xef\
\x04\x08\x0e###\x83'\xfd\xfd(DYZYX\
ELRWYYYL/\x1a6+*&$$\
$&''66+)\x1b\x1b\x1b.*6\x00Z\
\x81\x83\x0b\x02\x01\xfa\xec\xfb\xfe\xfb\x00\x04\xff\xf9\xfa\x81\
\x13\x09\x09\x09\x04\xff\x00\xff\xfc\xfa\xfa\xfa\x05\x05\x05\x06\
\xf9\xf0\xfa\xfa\xfa\x83\x00\x80\x02\x00\x0c\x00\x09\x00\x01\x00\
\x09\x00\x00\x04\x03\x01\x02\x02\x02\x03\x03\xe2\xcd\xf5\x80\x00\
\x22\x81\x03\xfd45>\x80\x00\xdf\x81\x80\x02\x00\x0c\x00\
\x07\x00\x01\x00\x07\x00\x00\x00\x80\x02\xfb\x00\xf5\x81\x85\x80\
\x02\x1f\x00>\x81\x85\x00\x80\x02\x00\x0c\x00\x0b\x00\x01\x00\
\x0b\x00\x00\x05\x04\x01\x02\x02\x02\x02\x04\x08\x02\xe9\xd2\xf9\
\x80\x01\xeb#\x81\x04\xfc 849\x80\x01\x1c\xdf\x81\
\x00\x80\x02\x00\x0c\x00\x18\x00\x01\x00\x18\x00\x00\x00\x0b\x03\
\x03\xe3\xe3\xcd\xcd\xd9\xdd\xb3\xb3\x00\xf5\x81\x82\x06##\
\x00\x0d\xd9\xd9\x0d\x83\x0b\xfd\xfd4455\x1d\x19=\
=\x00>\x81\x82\x06\xdf\xdf\x00\xf3\x18\x18\xf3\x83\x00\x80\
\x02\x00\x0c\x00\x0e\x00\x01\x00\x0e\x00\x00\x06\x05\x01\x02\x02\
\x02\x02\x02\x05\xc0\xf6\xf0\xcf\xbb\xdd\x01\xeb\x10\x81\x01$\
\x00\x05*\xf4\xf7//9\x01\xf8\xdf\x81\x01\xd6\x00\x80\
\x02\x00\x0c\x00N\x00\x01\x00N\x00\x00\x00&\xcf\xda\xe5\
\xe2\xe2\xda\xee\xf9\xf7\xf7\xf7\xf7\xe2\xe3\xdf\xdb\xd1\xc5\xc5\
\xfa\xfa\xd8\xd8\xc4\xc4\xcf\xd2\xcb\xc5\xb8\xb7\xc1\xc1\xc1\xc1\
\xca\xd2\x00\xc3\x81\x11\x03\x03\x01\x01\xe3\xe3\xe3\xf2\x09\x15\
\xdf\xeb\xeb\xeb\xeb\xec\xe5\xda\x83\x0e$$\xc6\xcf\xce\xc8\
\xc8\xc8\xd2\xd5\xcb\xf7\x04\x07\x03\x83&\x17\x1b\x13\x0a\x0a\
\x05\x08\x09\x09\x09\x09\x09\x0b\x11\x1a,611\xf9\xf9\
??00<:* .<AAAA:'\
\x005\x81\x11\xea\xea\xea\xea\x04\x04\x04\x08\x06\xfb\xc0\xbf\
\xc1\xc1\xc1\xc9\xce\xcd\x83\x0e\xd6\xd6\xf4\xf8\xf2\xe9\xe9\xe9\
\xdd\xc6\xb6\xed\xf0\xee\xea\x83\x00\x80\x02\x00\x0c\x008\x00\
\x01\x00;\x00\x00\x00\x1a\xf4\xf4\xee\xdf\xd2\xcf\xd5\xe0\xc0\
\xc0\xad\xad\xd1\xd6\xcc\xd0\xc8\xf3\xf3\xb9\xae\xa7\xab\xba\xc7\
\x00\xbf\x81\x06\x0d\xde\xd4\xc3\xb3\xa6\xa1\x81\x03\xdb\xdb\x0d\
\x0d\x81\x09\x0d\xdb\xdb%%\xad\xbe\xd0\xd8\xda\x83\x1a\x07\
\x07\x0a\x08\x04\x02\x05\x13MMSS20((O\
\x1f\x1f9/-1;H\x00X\x81\x06\xf3\x1c\x14\x05\
\xea\xb9\x90\x81\x03\x18\x18\xf3\xf3\x81\x04\xf3\x18\x18\xec\xec\
@\xff\x7f\x03\xb2\xee\x0c\x17\x83\x80\x02\x00\x0c\x00\x05\x00\
\x01\x00\x05\x00\x00\x00\x81\x00\xd6\x81\x84\x81\x001\x81\x84\
\x00\x80\x02\x00\x0c\x00\x07\x00\x01\x00\x07\x00\x00\x00\x80\x02\
\xeb\x00\xd6\x81\x85\x80\x02\x1b\x001\x81\x85\x00\x80\x02\x00\
\x0c\x00\x07\x00\x01\x00\x07\x00\x00\x00\x80\x02\xec\x00\xd6\x81\
\x85\x80\x02\x1b\x001\x81\x85\x00\x80\x02\x00\x0c\x001\x00\
\x01\x001\x00\x00\x00\x80\x16\x1d\xff\xcc\xf0\xf1\xf1\xc6\xc6\
\xc8\xeb\xb8\x9b\xb7\xe8\xc8\xc6\xc6\xf1\xf1\xf0\xd0\x00\xb7\x81\
\x80\x00\x01\x81\x01\x01\x01\x81\x01\x01\x01\x81\x00\x01\x81\x01\
\x04\x04\x81\x01\x04\x04\x84\x17\x03\xe5\x01(\x09\x0d\x0d=\
=@(QfN*@==\x0d\x0d\x0a'\x00Q\
\x81\x80\x00\xfc\x81\x01\x04\x04\x81\x01\x04\x04\x81\x00\xfc\x81\
\x01\xfb\xfb\x81\x01\xfb\xfb\x84\x00\x80\x02\x00\x0c\x00b\x00\
\x01\x00d\x00\x00\x000\xf5\xfb\x02\x05\x05\x05\xdb\xdb\xe3\
\xf4\xf8\x08\x17\x17\x17\x14\x10\x10\x10\x11\x16\x16\x16\x10\xfc\
\xef\xdf\xdf\x0a\x0a\x05\xfd\xf9\xf4\xed\xea\xea\xea\xee\xef\xe9\
\xee\xef\xeb\xeb\xeb\xed\x00\xef\x81\x81\x11\xff\xfa\xf1\xe8\xe8\
\xe9\xdb\xdb\xdb\xdd\xe7\xf2\xf1\x02\x14\x14\xf1\xf1\x81\x17\x06\
(((\x17\x18\x18\x0a\x01\x01\x01\x01\x01\x00\xfd\x09\x0b\
\x05\x02\xfe\xf1\xf0\xfd\x02\x840!\x0d\xfe\xfd\x02\x02(\
(##\x1f\x1f\x22\x22\x22\x22&++!\x17\x17\x17\
$\x22!,,\x07\x07\x00\x0a&4FNNNU\
\x5cZ]WPPP>\x00K\x81.\xff\xff\x0a\x14\
\x17\x0f\x0f\x1c###\x1b\x0e\x06\xfd\xfa\xfd\xfd\x05\x05\
\xfb\xf3\xe5\xe1\xe1\xe1\xe4\xf1\xf1\xe4\xef\x02\x02\x02\x03\x01\
\xfa\x06\x0a\x05\x00\xfb\xf2\xf4\x01\x0a\xff\x83\x00\x80\x02\x00\
\x0c\x00\x15\x00\x01\x00\x15\x00\x00\x00\x0b\x03\x03\xd7\xd7\xf5\
\xcd\xcd\xf7\xf7\xd9\x00\xce\x81\x82\x00\xa6\x83\x00S\x84\x0b\
\xfd\xfd$$\x0d88\x0c\x0c&\x003\x81\x82\x00P\
\x83\x00\xaa\x84\x00\x80\x02\x00\x0c\x00\x07\x00\x01\x00\x07\x00\
\x00\x00\x80\x02\xe5\x00\xce\x81\x85\x80\x02\x18\x003\x81\x85\
\x00\x80\x02\x00\x0c\x00\x07\x00\x01\x00\x07\x00\x00\x00\x80\x02\
\xe6\x00\xce\x81\x85\x80\x02\x19\x003\x81\x85\x00\x80\x02\x00\
\x0c\x00;\x00\x01\x00;\x00\x00\x00\x1d\xe3\xdd\xb3\xbd\x03\
\x03\xd7\xd7\xf5\xcd\xcd\xf7\xf7\xd9\xe6\xfc\xfa\xf8\xdf\xdf\xec\
\xe6\xdf\xec\xef\xd5\xd3\xcf\x00\xb3\x81\x03\x0e\xda\xda\x0e\x82\
\x00\xa6\x83\x0fS\x00\xfe\xfe\xe6\xe5\xe5\xde\xe3\xe3\xe3\xdd\
\xe5\xe5\xe6\xfe\x83\x1d\x14\x1d@3\xfd\xfd$$\x0d8\
8\x0c\x0c&\x18\x19\xfe\xfe\x1c\x1b\x19\x18\x16\x14\x141\
1\x16\x00@\x81\x03\xf4\x19\x19\xf4\x82\x00P\x83\x0f\xaa\
\x00\x02\x02\x04\x16\x16\x15\x18\x18\x18\x15\x16\x16\x04\x02\x83\
\x00\x80\x02\x00\x0c\x00\x1d\x00\x01\x00\x1d\x00\x00\x00\x0e\x03\
\x03\xcd\xcd\xdf\x03\xcc\xad\xd0\x09\xdf\xcd\xcd\x00\xd5\x81\x82\
\x01\xef\xef\x81\x00\x01\x81\x01\x0c\x0c\x84\x0e\xfd\xfd55\
/\x1a[b\x5c /55\x00b\x81\x82\x01\x10\x10\
\x81\x00\x07\x81\x01\xf2\xf2\x84\x00\x80\x02\x00\x0c\x00\x07\x00\
\x01\x00\x07\x00\x00\x00\x80\x02\xd6\x00\xd5\x81\x85\x80\x021\
\x00b\x81\x85\x00\x80\x02\x00\x0c\x00(\x00\x01\x00*\x00\
\x00\x00\x14\xf6\xf6\xf4\xf8\xff\x07\x0a\x12\xd3\xd3\x09\x09\xe2\
\xd9\xd6\xd4\xda\xe7\xf4\x00\xd5\x81\x80\x05\xd8\xd9\xd6\xd7\xe4\
\xf4\x83\x05((\xf4\xf7\xfd\xff\x85\x14\xfc\xfc\xfe\x04\x0a\
\x0e\x0f\x15UU\x1d\x1dA<:3)\x18\x0c\x00R\
\x81\x06\xff!!\x1d\x15\x09\x02\x83\x07\xe3\xe3\xe2\xeb\xf7\
\xfd\xff\xff\x83\x00\x80\x02\x00\x0c\x00\x1b\x00\x01\x00\x1b\x00\
\x00\x00\x0e\x01\x00\xda\xe5\xef\xcb\xc9\xf5\xf3\xdd\xed\xd8\xd6\
\x00\xca\x81\x82\x00\xbc\x83\x03b\x04\x04b\x84\x0e\x01\xfb\
$\x1a\x1093\x10\x10\x22\x13$$\x005\x81\x82\x00\
N\x83\x03\xd7!!\xda\x84\x00\x80\x02\x00\x0c\x00\x0f\x00\
\x01\x00\x0f\x00\x00\x07\x06\x01\x02\x02\x02\x02\x02\x02\x06\x03\
\xcd\x12\xdc\x12\xcd\xdf\x80\x00\xf2\x81\x00\x17\x81\x06\xfd5\
\x0dE\x0d5B\x80\x00\x13\x81\x00\xf1\x81\x00\x80\x02\x00\
\x0c\x00\x05\x00\x01\x00\x05\x00\x00\x00\x81\x00\xd6\x81\x84\x81\
\x00:\x81\x84\x00\x80\x02\x00\x0c\x00\x0a\x00\x01\x00\x0a\x00\
\x00\x05\x04\x01\x02\x02\x02\x02\x04\x03\xd8\x0e\xcd\xda\x81\x00\
'\x81\x04\xfdG\x0f5C\x81\x00\xe2\x81\x00\x80\x02\x00\
\x0c\x00\x05\x00\x01\x00\x05\x00\x00\x00\x81\x00\xd2\x81\x84\x81\
\x00;\x81\x84\x00\x80\x02\x00\x0c\x00\x05\x00\x01\x00\x05\x00\
\x00\x00\x81\x00\xdc\x81\x84\x81\x009\x81\x84\x00\x80\x02\x00\
\x0c\x00\x0b\x00\x01\x00\x0b\x00\x00\x05\x04\x01\x02\x02\x02\x02\
\x04\x14\xf9\xf5\xde\xee\x02'\x00'\x81\x04\x02\x0559\
;\x02\xe2\x00\xe2\x81\x00\x80\x02\x00\x0c\x00\x05\x00\x01\x00\
\x05\x00\x00\x00\x81\x00\xef\x81\x84\x81\x008\x81\x84\x00\x80\
\x02\x00\x0c\x00\x07\x00\x01\x00\x07\x00\x00\x00\x80\x02\xf4\x00\
\xef\x81\x85\x80\x02$\x008\x81\x85\x00\x80\x02\x00\x0c\x00\
t\x00\x01\x00t\x00\x00\x008\xf5\xf5\xe2\xe2\xec\xf9\x03\
\x03\x03\x03\xfb\xee\xe1\xdc\xf5\xf5\xc3\xc3\xd9\xd3\xc2\xb4\xb4\
\xb4\xb4\xbd\xc9\xd2\xd2\xc3\xc3\xe0\xf5\xf5\xda\xd7\xd2\xd1\xd1\
\xd1\xd1\xd9\xe0\xc3\xd8\xd8\xdf\xe6\xe6\xe6\xe6\xe5\xe2\xdf\xc3\
\x00\xb7\x81\x80\x0d\x0c\x0c\x0c\x09\x04\xfe\xfb\xfb\x02\x03\xfc\
\xf6\xf6\xf6\x81%\xf6\xf6\xf6\x00\x04\xfb\xfb\xfe\x04\x09\x0c\
\x0c\x0c\x00\xe6\xe6\x17\x17\x17\x16\x06\xf0\xf9\xe8\xe1\xe6\xe6\
\xe6\xe6\xe1\xe8\xf9\xf0\x06\x16\x17\x17\x17\x838\x18\x18\x11\
\x12\x0d\x05\xfe\xfe\xfe\xfe\x06\x0f\x16\x14\x18\x18BBE\
DP\x5c\x5c\x5c\x5cTKFHBB\x12\x18\x18\x14\
 .5555/\x1fBG8)%%%%\
+9EB\x00[\x816\x12\xe8\xe8\xe8\xea\xeb\xe2\xd8\
\x13\x10\x0c\x09\x08\x08\x08\xff\xff\x08\x08\x08\x0a\x0f\x13\xd8\
\xe2\xeb\xea\xe8\xe8\xe8\x12\xfd\xfd\xf3\xf3\xf3\xf2\xfe\x11\xcc\
\xe7\xfa\xfd\xfd\xfd\xfd\xfa\xe7\xcc\x11\xfe\xf2\xf3\xf3\xf3\x83\
\x00\x80\x02\x00\x0c\x00\x05\x00\x01\x00\x05\x00\x00\x00\x81\x00\
\xf2\x81\x84\x81\x005\x81\x84\x00\x80\x02\x00\x0c\x00-\x00\
\x01\x00-\x00\x00\x00\x16\xfa\xfa\xf9\xf5\xee\xf2\xfd\x04\x04\
\x04\xce\xce\xce\xe1\xdf\xed\xf5\xfa\xfa\xc4\xc4\x00\xc7\x81\x80\
\x07\x13\x11\x0d\x0d\x0d\x0e\x07\xfb\x81\x06\xfa\xee\xe8\xe8\xe8\
\xec\xef\x86\x16\x0b\x0b\x11\x1c#\x04\xf9\x02\x02\x0299\
94+$\x13\x0b\x0bCC\x00?\x81\x80\x07\x04\x05\
\x07\x07\x07\x12\x14\x08\x81\x06\x13\x13\x19\x17\x17\x15\x13\x86\
\x00\x80\x02\x00\x0c\x00\x0f\x00\x01\x00\x1c \x00\x07\x06\x01\
\x02\x02\x02\x02\x02\x02\x06\xd9\x03\xcd\xf8\xc3\xaf\xb9\x81\x04\
\xd9\x00\xd9\x0d\x00\x08\x07\x00\x01\x02\x02\x02\x02\x02\x02\x07\
&$\xfc5\x019G>\x00\xf3\x81\x04\x18\x00\x18\xf3\
\x00\x80\x02\x00\x0c\x00\x0e\x00\x01\x00\x0e\x00\x00\x07\x06\x01\
\x02\x02\x02\x02\x02\x02\x06\x03\xd0\xf8\xc5\xed\xba\xb6\x80\x02\
\xd9\x00\xd9\x82\x06\xfc-\x14E,]W\x80\x02\x22\x00\
\x22\x82\x00\x80\x02\x00\x0c\x00\x16\x00\x01\x00\x1f \x00\x0a\
\x09\x00\x01\x02\x02\x02\x02\x02\x02\x02\x02\x09\xcb\xce\x02\xcf\
\xf7\xc3\xeb\xb8\xa5\xaf\x00\x0d\x81\x06\xd9\x00\xd9\x00\xd9\x0d\
\x00\x09\x08\x00\x02\x02\x02\x02\x02\x02\x02\x03\x08G\xfa+\
\x12C*[h`\x00\xf3\x81\x05\x18\x00\x18\x00\x18\x00\
\x00\x80\x02\x00\x0c\x00\x1a\x00\x01\x00\x17 \x00\x00\x0d\xfc\
\xff\x03\x03\xcd\xcd\x08\x08\xd3\xd3\xd7\xd8\x00\xd5\x81\x00\x0d\
\x83\x01\xdc\xdc\x83\x00\x0d\x83\x07\x06\x00\x02\x02\x02\x02\x02\
\x03\x06\x13\xfd5\x13J<H\x00\xf3\x81\x00\x17\x82\x80\
\x02\x00\x0c\x00B\x00\x01\x00B\x00\x00\x00 \x03\x03\xcd\
\xcd\xcc\xdb\xec\xea\xea\xdf\xd2\xc8\xc8\xc8\xd1\xe0\xee\xf2\xcd\
\xf2\xfa\xfa\xf6\xf6\xf6\xf8\xf6\xef\xef\xd9\xcd\x00\xd6\x81\x82\
\x0c\x07\x07\x07\x07\x07\x08\xf8\xeb\xee\x01\x11\x15\x0c\x81\x0c\
\xe5\xe5\xe5\xf9\x07\x00\xfc\x0e\x22\x22\x22\x22\x22\x83 \xfd\
\xfd554.*)*3<DDDA<7\
552$\x15\x10\x10\x10\x12\x1e//45\x00M\
\x81\x82\x0c\x07\x07\x07\x07\x07\x08\x07\x05\x05\x06\x06\x04\x02\
\x81\x0c\x1e\x1e\x1e\x1b\x0f\x01\xf9\xed\xe6\xe6\xe6\xe6\xe6\x83\
\x00\x80\x02\x00\x0c\x00F\x00\x01\x00F\x00\x00\x00$\x03\
\x03\xcd\xcd\xcc\xdb\xec\xea\xea\xdf\xd2\xc8\xc8\xc8\xd1\xe0\xee\
\xf2\xcd\xf2\xfa\xfa\xf6\xf6\xf6\xf8\xf6\xef\xef\xd9\xcd\xd3\xd3\
\x9d\x9d\x00\xa0\x81\x82\x0c\x07\x07\x07\x07\x07\x08\xf8\xea\xec\
\xff\x0f\x14\x0b\x81\x0c\xe5\xe5\xe5\xf8\x07\xff\xfb\x0d\x22\x22\
\x22\x22\x22\x87$\xfd\xfd554.*)*3<\
DDDA<7552$\x15\x10\x10\x10\x12\x1e\
//45@@xx\x00u\x81\x82\x0c\x07\x07\x07\
\x07\x07\x08\x06\x04\x03\x04\x04\x03\x01\x81\x0c\x1e\x1e\x1e\x1b\
\x0f\x01\xf9\xed\xe6\xe6\xe6\xe6\xe6\x87\x00\x80\x02\x00\x0c\x00\
>\x00\x01\x00=\x00\x00\x00\x1d\x08\x08\x03\x03\xd2\xd2\xf0\
\xef\xe4\xd7\xcd\xcd\xcd\xd7\xe5\xf4\xf8\xd2\xf8\xff\x00\xfc\xfc\
\xfc\xfe\xfc\xf5\xd2\x00\xd9\x81\x80\x01''\x81\x09\x07\x07\
\x07\xf8\xea\xec\xff\x0f\x14\x0b\x81\x0a\xe5\xe5\xe5\xf8\x07\xff\
\xfc\x0d\x22\x22\x22\x83\x81\x1b\x0a\x0a77,-6?\
GGGD?:875'\x19\x14\x14\x14\x15\x22\
37\x00N\x81\x80\x01\xe1\xe1\x81\x09\x07\x07\x07\x06\x03\
\x00\xff\x01\x01\x01\x81\x0a\x1e\x1e\x1f\x1b\x0c\xfd\xf7\xec\xe6\
\xe6\xe6\x83\x80\x02\x00\x0c\x00V\x00\x01\x00`\x00\x00\x00\
)\xff\xff\xfc\x01\x0b\x0e\x19\xdb\xdb\xee\xf1\xe8\xda\xd0\xd0\
\xd0\xdb\xea\xf5\xf7\x11\x11\xeb\xdf\xdc\xdb\xdf\xed\xfa\xdb\xf5\
\x02\x04\xfe\xfe\xfe\x03\x00\xf5\xdb\x00\xcb\x81\x80\x04\xd9\xd9\
\xd3\xd0\xd6\x81\x0a\xed\xed\xed\xe3\xdb\xe3\xf3\x03\x0a\x07\xff\
\x81\x05((\xdf\xe7\xf4\xfd\x81\x0a\xe5\xe5\xe5\xf1\xf8\xf2\
\xf1\xfc\x08\x08\x08\x83\x0b\x1d\x1d!'./5ww\
mr\x7fE\x00\x8d\x00\x97\x00\x97\x00\x97\x00\x91\x00\x88\
\x16}z>>b_]ZR@/wume\
cccahtw\x00@\x00\x97\x81\x05\xff\x22\x22\
\x19\x0c\x05\x81\x0a\x0b\x0b\x0b\x0a\x09\x09\x08\x07\x03\x01\xff\
\x81\x12\xe3\xe3\xf1\xfe\x06\x04\xff\xff\x1e\x1e\x1e\x1a\x0e\x02\
\xfc\xf1\xea\xea\xea\x83\x00\x80\x02\x00\x0c\x00Z\x00\x01\x00\
X \x00\x00,\x03\x03\xcd\xcd\x06\x06\xd0\xd0\xcf\xdf\xef\
\xee\xef\xe4\xd6\xcb\xcb\xcb\xd6\xe5\xf2\xf3\x06\x06\xcd\xcd\xd0\
\xd0\xe1\xf1\xf1\xfe\x00\xf9\xf9\xf9\xfe\xfb\xf0\xf1\xe0\xd0\xd0\
\x00\xcd\x81\x82\x01\xe9\xe9\x81\x0d\xed\xed\xed\xed\xed\xee\xe3\
\xdb\xe2\xf3\x03\x0b\x06\xff\x81\x13\x0a\x0a\x00\xe5\xe5\xe5\xe5\
\xe5\xe5\xf0\xf8\xf2\xf1\xfc\x09\x08\x08\x08\x08\x08\x83\x1c\x1b\
\x01\x02\x02\x02\x01\x03\x01\x01\x01\x01\x03\x01\x01\x01\x02\x02\
\x02\x03\x01\x01\x01\x01\x01\x01\x01\x02\x01\x04\x1b\xfd5\x0f\
GGCCJT[VOGB\x0f5GB7\
,((((2AC_\x80\x1a\x08\x01\x0c\x0c\x0c\
\x0c\x08\x05\x02\x03\x01\x00\x01\xcb\x00\x1f\x1f\x1f\x1b\x0d\xff\
\xfa\xf0\xea\xea\xea\x00\x00\x80\x02\x00\x0c\x00\x05\x00\x01\x00\
\x05\x00\x00\x00\x81\x00\xee\x81\x84\x81\x002\x81\x84\x00\x80\
\x02\x00\x0c\x00\x5c\x00\x01\x00\x5c\x00\x00\x00,\xeb\xf2\xfc\
\x02\x02\x02\x02\x02\xf9\xec\xe9\xe1\xda\xda\xda\x09\x09\x09\x00\
\xf2\xea\xdd\xd1\xcc\xcc\xcc\xd6\xd6\xcc\xcc\xcc\xd6\xea\xf6\x04\
\x09\x09\x09\xda\xda\xda\xe4\xed\x00\xeb\x81*\xff\xff\x03\x01\
\xfb\xfe\x0a\x0a\x01\x01\x01\xfb\xf9\x00\x01\x01\xff\x14%(\
((\x1b\x02\xee\xf0\xf0\x0f\x0f\x0e\xfa\xd8\xd8\xd8\xdf\xf7\
\x13\x06\x06\x0d\x0f\x07\xff\x83,\x1a\x22\x12\xfb\xfb\xfb\xfb\
\x11!\x1b\x19,@@@\x03\x03\x03\x04\x0e\x1a(3\
444++444,\x1a\x0b\x02\x03\x03\x03@\
@@-\x1a\x00@\x81*\xfe\xfe\xf3\xe1\xd9(\x1d\x0c\
\x02\x02\x02\x05\x08\x09\xf1\xf1\x0a\xfc\xe9\xde\xde\xde\xea\x05\
\x1c\x01\x01\xff\xff\xea\x0c###\x15\x00\xf8\x11\x11\xf4\
\xf5\xf9\xfe\x83\x00\x80\x02\x00\x0c\x00Z\x00\x01\x00X\x00\
\x00\x00+\xfb\xfe\x05\x0b\x0b\x0b\xdd\xdd\xdd\xf1\xff\x0b\x17\
\x1a\x1a\x1a\x02\x02\x1a\x1a\x1a\x17\x0c\xfe\xec\xdd\xdd\xdd\x0b\
\x0b\x0b\x03\xfc\xfd\xf7\xeb\xe3\xe3\xe3\xe3\xe4\xee\x00\xe6\x81\
)\xff\xff\x04\x02\xf8\xf2\xf2\xf9\xe2\xd9\xd9\xd9\xe5\xff\x13\
\x0f\x0f\xf7\xf7\xeb\xfc\x15\x22\x22\x22\x12\xf7\x05\x05\xfc\xf3\
\xf4\xfb\xfb\xfb\xfa\xfb\xff\x03\xf6\xf6\xff\x83\x02%'\x14\
\x82\x15<<<6&\x18\x0d\x0c\x0c\x0c\x11\x11\x0c\x0c\
\x0c\x0e\x1a&;<<<\x82\x0c\x13&$\x1d.D\
DDD/\x1e\x00@\x81)\xfe\xfe\xfc\xf9\xf8\x05\x05\
\xf7\x0c###\x16\xfb\xe5\xf8\xf8\x01\x01\x18\x00\xe8\xde\
\xde\xde\xfc\x07\xfa\xfa\x0c\x0c\x08\x03\x03\x03\x0e\x1f(\xd8\
\xe3\xf4\xfe\x83\x00\x80\x02\x00\x0c\x00\x05\x00\x01\x00\x05\x00\
\x00\x00\x81\x00\xd8\x81\x84\x81\x00$\x81\x84\x00\x80\x02\x00\
\x0c\x00\x07\x00\x01\x00\x07\x00\x00\x00\x80\x02\xea\x00\xd6\x81\
\x85\x80\x02\x1a\x008\x81\x85\x00\x80\x02\x00\x0c\x00\x05\x00\
\x01\x00\x05\x00\x00\x00\x81\x00\xe4\x81\x84\x81\x00'\x81\x84\
\x00\x80\x02\x00\x0c\x00:\x00\x01\x009\x00\x00\x00\x1c\x04\
\x04\xce\xce\xd9\xdc\xd4\xcf\xc2\xc1\xcb\xcb\xcb\x01\x01\x01\xec\
\xed\xe6\xe2\xda\xce\xce\x0b\x0b\xbd\xbd\x00\xcd\x81\x82\x08\xf5\
\xfe\xfe\xf8\xf8\xf8\x01\x00\xf1\x81\x0c\x06\x18\x1b\x1b\x1b\x1c\
\x15\x09\x00\x0c\xeb\xeb\x0c\x83\x1c\xf9\xf911AH9\
,8@AAA\x09\x09\x09\x0b\x11\x17*611\
\xfe\xfe!!\x00=\x81\x83\x07\x06\xff\xf5\xf5\xf5\xdf\xbb\
\xa5\x81\x0c\xc6\xc9\xce\xce\xce\xd5\xda\xd9\x00\xd9\xf8\xf8\xd9\
\x83\x80\x02\x00\x0c\x00\x5c\x00\x01\x00d\x00\x00\x00-\xcd\
\xcf\xd4\xd7\xd7\xd7\xd6\xd6\x03\x03\xd6\xd6\xd7\xd7\xd7\xd4\xcf\
\xcd\xcb\xc6\xc3\xc3\xc3\xc3\xc6\xcb\xcd\xda\xea\xf0\xf0\xf0\xf0\
\xea\xda\xcd\xc0\xb0\xaa\xaa\xaa\xaa\xb0\xc0\x00\xc4\x81\x06\xff\
\xff\xfd\xff\x06\x0d\x0d\x83 \xea\xea\xfa\x01\x03\x01\x01\x01\
\x03\x02\xfa\x06\xff\xfd\xff\xd8\xd8\xdf\xf4\x0b\xf6\x0d\x22(\
((\x22\x0d\xf6\x0b\xf4\xdf\xd8\x83\x13\x5c\x5cH44\
4??\xfd\xfd??444H\x5c\x5c\x5cqC\
\x00\x85\x00\x85\x00\x85\x00\x85\x14q\x5c\x5cPIKK\
KKIP\x5cjpnnnnpj\x00@\x00\
\x80\x81\x06\xfe\xfe\xf4\xe8\xe6\xeb\xeb\x83 \x16\x16\x1a\x18\
\x0c\x02\x02\x02\x0c\x18\x1a\xe6\xe8\xf4\xfe##\x0f\xf3\xe9\
\x18\x0d\xf2\xdd\xdd\xdd\xf1\x0d\x18\xe9\xf4\x10#\x83\x00\x80\
\x02\x00\x0c\x00E\x00\x01\x00E\x00\x00\x00\x22\x09\x11\x0c\
\x0b\x0c\x0c\x0c\x01\xf2\xe3\xdf\xd0\xd0\x04\x04\xf9\xe1\xdd\xd0\
\xee\xed\xfb\x04\x04\xf7\xe2\xe2\xd8\xd9\xde\xde\xde\xeb\x00\xd1\
\x81\x80\x07\x08\x0b\x13\x12\x07\xf7\xf1\xf7\x84\x12\x09\x09\x09\
\x0b\x00\xef\xef\xef\xef\x19\x19\x19\x19\x19\x0b\x01\x07\xfa\xee\
\x83\x22\x07\xf4\xf9\xfc\xfc\xfc\xfc\xfb\xfa\xf6\xf1XX \
 ,\x1e\x22@%%    %$.30\
008\x00T\x81\x80\x07\xfb\xfd\xff\xfd\xf9\xf3\xf3\xf9\
\x84\x12\xea\xea\xea\xea\x00\x0c\x0c\x0c\x0c\xe1\xe1\xe1\xe1\xe1\
\xe4\xee\xfa\x02\x0c\x83\x00\x80\x02\x00\x0c\x00R\x00\x01\x00\
Q\x00\x00\x00(\xd9\xe4\xef\xec\xec\xe4\xf8\x03\x01\x01\x01\
\x01\xec\xed\xe9\xe4\xda\xce\xce\x04\x04\xce\xce\xd9\xdc\xd4\xcf\
\xc2\xc1\xcb\xcb\xcb\xcb\xd4\xdc\x0b\x0b\xbd\xbd\x00\xcd\x81\x11\
\x03\x03\x01\x01\xe3\xe3\xe3\xf2\x09\x15\x0f\x1b\x1b\x1b\x1b\x1c\
\x15\x09\x83\x10\xf5\xfe\xfe\xf8\xf8\xf8\x02\x05\xfb\xf7\x04\x07\
\x03\x0c\xeb\xeb\x0c\x83(\x17\x1b\x13\x0a\x0a\x05\x08\x09\x09\
\x09\x09\x09\x0b\x11\x1a,611\xf9\xf911AH\
9,8@AAAA:'\xfe\xfe!!\x005\
\x81\x11\xea\xea\xea\xea\x04\x04\x04\x08\x05\xfb\xcd\xcc\xce\xce\
\xce\xd5\xda\xd9\x84\x0f\x06\xff\xf5\xf5\xf5\xe0\xbf\xad\xed\xf0\
\xee\xea\xea\x07\x07\xea\x83\x80\x02\x00\x0c\x00J\x00\x01\x00\
J\x00\x00\x00$\x15\x15\xdd\xdd\xdc\xeb\xfc\xfa\xfa\xef\xe2\
\xd8\xd8\xd8\xe1\xef\xfd\x02\xdd\x02\x0a\x0a\x06\x06\x06\x08\x07\
\xff\xff\xe9\xdd\x03\x03\xec\xec\x00\xe6\x81\x82\x0c\x07\x07\x07\
\x07\x07\x07\xf8\xec\xef\xff\x10\x15\x0c\x81\x0d\xe5\xe5\xe5\xf9\
\x08\x01\xfd\x0e\x22\x22\x22\x22\x22!\x81\x00!\x83$\x16\
\x16NNMHDCDLV^^^ZUP\
NNL=.***+9IINN\x10\x10\
LL\x00f\x81\x82\x0c\x07\x07\x07\x07\x07\x07\x06\x04\x01\
\xfe\x00\x02\x01\x81\x0d\x1e\x1e\x1f\x1b\x0d\xfe\xf7\xec\xe6\xe6\
\xe6\xe6\xe6\xe3\x81\x00\xe3\x83\x00\x80\x02\x00\x0c\x004\x00\
\x01\x004\x00\x00\x00\x18\x01\xfa\xdf\xbf\xba\xe8\xcb\xc9\xc9\
\xf1\xf1\xef\xd3\xd3\xe4\x04\x03\xca\xb8\xfa\xf7\xc1\xbf\x00\xb9\
\x81\x80\x02\xf1\x17\xf1\x81\x01**\x81\x09**\x00\x0d\
\x0a\x22\x22\x22\x22\x11\x81\x00\x11\x83\x18\x04\xfa*[O\
,?==\x16\x16\x15(%-)\x17;+\x14\x01\
Q?\x00Q\x81\x80\x02\x03\xe0\x03\x81\x01\xeb\xeb\x81\x09\
\xeb\xeb\x00\xe6\xe3\xe0\xed\xed\xdf\xd6\x81\x00\xd6\x83\x00\x80\
\x02\x00\x0c\x00\x05\x00\x01\x00\x05\x00\x00\x00\x81\x00\xd7\x81\
\x84\x81\x00;\x81\x84\x00\x80\x02\x00\x0c\x00'\x00\x01\x00\
'\x00\x00\x00\x13\x17\x04\xce\xf3\x05\x0c\x0f\x02\xf4\xef\xe9\
\xe2\xe6\xe5\xe2\xdd\xd6\xcf\x00\xe5\x81\x82\x0d\xd2\xe2\xf2\xfe\
\xff\xff\xff\x00\x01\x22\x22\x11\xf3\xe0\x84\x13\xfd\xfb+\x14\
\x01\xff\x0d\x1f&'221-$\x1e\x1a#\x002\
\x81\x82\x0d`\xfb\x01\x08\x0c\x0c\x0c\x0c\x0c\xf2\xf2\xdf\xc4\
\xb9\x84\x00\x80\x02\x00\x0c\x009\x00\x01\x009\x00\x00\x00\
\x1b\xd9\xdd\xb3\xb3\x00\x1d\xff\xcc\xf0\xf1\xf1\xc6\xc6\xc8\xeb\
\xb8\x9b\xb7\xe8\xc8\xc6\xc6\xf1\xf1\xf0\xd0\x00\xaf\x81\x05\x0d\
\xd9\xd9\x0d\x00\x01\x81\x01\x01\x01\x81\x01\x01\x01\x81\x00\x01\
\x81\x01\x04\x04\x81\x01\x04\x04\x84\x1b<8\x5c\x5c\x03\xe5\
\x01(\x09\x0d\x0d==@(QfN*@==\
\x0d\x0d\x0a'\x00c\x81\x05\xf3\x18\x18\xf3\x00\xfc\x81\x01\
\x04\x04\x81\x01\x04\x04\x81\x00\xfc\x81\x01\xfb\xfb\x81\x01\xfb\
\xfb\x84\x00\x80\x02\x00\x0c\x00k\x00\x01\x00l\x00\x00\x00\
4\xf5\xfb\x02\x05\x05\x05\xdb\xdb\xe3\xf4\xf8\x08\x17\x17\x17\
\x14\x10\x10\x10\x11\x16\x16\x16\x10\xfc\xef\xdf\xdf\x0a\x0a\x05\
\xfd\xf9\xf4\xed\xea\xea\xea\xee\xef\xe9\xee\xef\xeb\xeb\xeb\xed\
\x03\x05\xdc\xdd\x00\xef\x81\x81\x11\xff\xfa\xf1\xe8\xe8\xe9\xdb\
\xdb\xdb\xdd\xe7\xf2\xf1\x02\x14\x14\xf1\xf1\x81\x1c\x06((\
(\x17\x18\x18\x0a\x01\x01\x01\x01\x01\x00\xfd\x09\x0b\x05\x02\
\xfe\xf1\xf0\xfd\x02\x00\x0d\xfc\xfc\x0d\x834!\x0d\xfe\xfd\
\x02\x02((##\x1f\x1f\x22\x22\x22\x22&++!\
\x17\x17\x17$\x22!,,\x07\x07\x00\x0a&4FN\
NNU\x5cZ]WPPP>\x13\x1041\x00\
K\x812\xff\xff\x0a\x14\x17\x0f\x0f\x1c###\x1b\x0e\
\x06\xfd\xfa\xfd\xfd\x05\x05\xfb\xf3\xe5\xe1\xe1\xe1\xe4\xf1\xf1\
\xe4\xef\x02\x02\x02\x03\x01\xfa\x06\x0a\x05\x00\xfb\xf2\xf4\x01\
\x0a\xff\xf3\x0e\x0e\xf3\x83\x80\x02\x00\x0c\x00&\x00\x01\x00\
&\x00\x00\x00\x12\xef\xf3\xc9\xc9\x03\x03\xcd\xcd\xdf\x03\xcc\
\xad\xd0\x09\xdf\xcd\xcd\x00\xc5\x81\x03\x0d\xd9\xd9\x0d\x82\x01\
\xef\xef\x81\x00\x01\x81\x01\x0c\x0c\x84\x12JGkk\xfd\
\xfd55/\x1a[b\x5c /55\x00p\x81\x03\
\xf3\x18\x18\xf3\x82\x01\x10\x10\x81\x00\x07\x81\x01\xf2\xf2\x84\
\x00\x80\x02\x00\x0c\x00%\x00\x01\x00!\x00\x00\x00\x12\x03\
\x03\xcd\xcd\xba\xde\xa7\x88\xab\xe4\xba\xcd\xcd\xcf\xcf\xb7\xb7\
\x00\x9b\x81\x82\x01\xef\xef\x81\x00\x01\x81\x01\x0c\x0c\x81\x01\
\xe2\xe2\x84\x12\xfd\xfd555!bic'55\
57777\x00Z\x81\x82\x01\x10\x10\x81\x00\x07\x81\
\x01\xf2\xf2\x88\x00\x80\x02\x00\x0c\x00&\x00\x01\x00&\x00\
\x00\x00\x12\xf5\xf5\x9b\x9b\xf2\xf2\xbc\xbc\xce\xf2\xbb\x9c\xbf\
\xf8\xce\xbc\xbc\x00\xc3\x81\x03\xf2\xd1\xd1\xf2\x82\x01\xef\xef\
\x81\x00\x01\x81\x01\x0c\x0c\x84\x12\xed\xed//\x02\x02:\
:4\x1fagb%4::\x00z\x81\x03\xf1\x0e\
\x0e\xf1\x82\x01\x10\x10\x81\x00\x07\x81\x01\xf2\xf2\x84\x00\x80\
\x02\x00\x0c\x00&\x00\x01\x00&\x00\x00\x00\x12\x14\x14\xde\
\xde\xf0\x14\xdd\xbe\xe1\x1a\xf0\xde\xde\xf9\xf9\xde\xde\x00\xe6\
\x81\x82\x01\xef\xef\x81\x00\x01\x81\x03\x0c\x0c\x00'\x81\x00\
'\x83\x12\x02\x02993\x1e`fa$399\
\x05\x0599\x00g\x81\x82\x01\x10\x10\x81\x00\x07\x81\x03\
\xf2\xf2\x00\xe2\x81\x00\xe2\x83\x00\x80\x02\x00\x0c\x00\x15\x00\
\x01\x00\x15\x00\x00\x0a\x09\x00\x01\x02\x02\x02\x02\x02\x02\x02\
\x02\x09\xe8\xec\xc2\x03\xcd\x12\xdc\x12\xcd\xcc\x04\x0d\xd9\x0d\
\x00\xf2\x81\x00\x17\x81\x09,(M\xfd5\x0dE\x0d5\
E\x04\xf3\x18\xf3\x00\x13\x81\x00\xf1\x81\x80\x02\x00\x0c\x00\
\x11\x00\x01\x00\x1c \x00\x08\x07\x01\x02\x02\x02\x02\x02\x02\
\x02\x07\xf2\xdc\x12\xcd\x03\xcd\x12\xee\x02#\x00\x17\x81\x00\
\xf2\x81\x08\x07\x00\x02\x02\x02\x02\x02\x02\x03\x07EE\x0d\
5\xfd5\x0dN\x80\x02\xdf\x00\xf1\x81\x01\x13\x00\x00\x80\
\x02\x00\x0c\x00\x1a\x00\x01\x00\x1a\x00\x00\x00\x0d\x03\x03\xd8\
\xd8\x0e\x0e\xcd\xcd\xe5\xe9\xbf\xbf\x00\xc9\x81\x84\x06''\
\x00\x0d\xd9\xd9\x0d\x83\x0d\xfd\xfdGG\x0f\x0f55/\
+OO\x00G\x81\x84\x06\xe2\xe2\x00\xf3\x18\x18\xf3\x83\
\x00\x80\x02\x00\x0c\x00P\x00\x01\x00P\x00\x00\x00'\x04\
\x04\x05\x0c\x0d\x0a\x0a\x0a\x0a\xf5\xf6\xf2\xee\xe4\xd8\xd8\x0e\
\x0e\xcd\xcd\x03\x03\xd8\xd8\xe3\xe6\xde\xd8\xcb\xca\xd4\xd4\xd4\
\xd4\xd8\xe3\xfa\x0d\x00\xd6\x81\x0e\x04\xe4\xe4\xe4\xed\xff\x0e\
\xdf\xeb\xeb\xeb\xeb\xec\xe5\xda\x81\x01''\x83\x0e\xc6\xcf\
\xce\xc8\xc8\xc8\xd2\xd5\xcb\xf5\x00\x09\x08\x04\x04\x83'*\
*$%\x22\x1f\x1f\x1f\x1f '.ALGG\x0f\
\x0f55\xfd\xfdGGSQ?5CQWWW\
WUM=/\x00K\x81\x0e\xed\xf7\xf7\xf7\xf5\xde\xbd\
\xc0\xbf\xc1\xc1\xc1\xc9\xce\xcd\x81\x01\xe2\xe2\x83\x0e\xf4\xf8\
\xf2\xe9\xe9\xe9\xdd\xc6\xb6\xb8\xcf\xe7\xee\xed\xed\x83\x00\x80\
\x02\x00\x0c\x00\x87\x00\x01\x00\x8f\x00\x00\x00?\xa6\xa4\x9c\
\x98\xa2\xb5\xc5\xcf\xcf\xcf\xcf\xcb\xbb\xa8\x91\x85\x86\x86\x86\
\x86\x8b\x9a\xb5\xcc\xdc\xf3\x00\x07\x07\x07\x07\xf5\xdc\xc6\xc1\
\xc1\xc1\xc9\xd2\xd2\xd2\xd2\xcf\xcb\xcb\xbb\xb6\xbb\xbb\xbb\xbb\
\xa8\xa7\xa5\x9a\x9a\x9a\x9a\x92\x95\xa8\xa7\xa7\xa6\x01\x00\x91\
\x81?\x05\x02\xfe\xfe\xfe\xff\x01\x06\x0a\x0f\x17\x0f\x02\x02\
\x02\x14\x1c\x0f\x0a\x03\xfd\xfc\xfe\xfe\xfe\x01\x02\xfd\xf4\xdf\
\xe1\xec\xf9\x01\x01**\x1f\x03\xe7\xf4\xff\xef\xd7\xd7\xd7\
\xe7\xfe\x0a\x0f$***\x1e\x0f\x0a\xfa\xe3\xd6\xd7\xd7\
\xdd\xe1\x83A\x00\x8f\x00\x8a9yfV<+\x22\x22\
\x22\x22)9EEZnnnnj_G4+\
\x19\x0a\x01\x01\x01\x01\x01\x05\x0f\x19\x19 ,555\
5=@9-1<<<<<EOTTT\
TTiC\x00\x87\x00\x8b\x00\x8f\x00\x8f\x80\x00{\x81\
?\x09\x05\xfe\xfe\xfe\x02\x07\x09\x06\x06\x04\x02\x02\x02\x02\
\x07\x0a\x09\x06\x0c\x0b\x04\xfd\xfd\xfd\xfc\xfa\xfb\xfd\xed\xed\
\xf4\xfd\x03\x03\xf0\xf0\xf6\xf9\xf3\xfe\x0d\x19\x1b\x1b\x1b\x16\
\x0c\x06\x0e\xf9\xe5\xe5\xe5\xf9\x0e\x06\x10\x18\x1a\x1a\x1a\x1d\
\x1f\x83\x00\x80\x02\x00\x0c\x00\x5c\x00\x01\x00\x5c\x00\x00\x00\
,\xec\xf2\xfd\x03\x03\x03\x03\x03\xfa\xec\xe9\xe1\xdb\xdb\xdb\
\x0a\x0a\x0a\x01\xf3\xeb\xde\xd2\xcd\xcd\xcd\xcd\xd6\xeb\xf7\x05\
\x0a\x0a\x0a\xdb\xdb\xdb\xe4\xed\x01\x02\xd9\xdb\x00\xdc\x81*\
\xff\xff\x03\x01\xfb\xfe\x0a\x0a\x01\x01\x01\xf9\xf5\xfc\x07\x07\
\xfb\x10#(((\x1b\x02\xee\x0e\xfa\xd8\xd8\xd8\xe1\xfb\
\x17\xfe\xfe\x11\x11\x09\xff\x0d\xfc\xfc\x0d\x83,\x1b#\x13\
\xfc\xfc\xfc\xfc\x12\x22\x1b\x1a,@@@\x04\x04\x04\x05\
\x0e\x1a(45555,\x1a\x0c\x03\x04\x04\x04@\
@@,\x1a\x07\x04(%\x009\x81*\xfe\xfe\xf3\xe1\
\xd9(\x1d\x0c\x02\x02\x02\x05\x09\x0a\xef\xef\x0e\xff\xec\xe2\
\xe2\xe2\xed\x09 \xe6\x09\x1f\x1f\x1f\x11\xfc\xf4\x12\x12\xf4\
\xf4\xf9\xfe\xf3\x0e\x0e\xf3\x83\x00\x80\x02\x00\x0c\x00\x12\x00\
\x01\x00\x12\x00\x00\x08\x07\x01\x02\x02\x02\x01\x01\x02\x02\x07\
\x14\xf9\xf5\xde\xeb\xef\xc5\xee\x07'\x00'\x00\x0d\xd9\x0d\
\x00\x07\x02\x0559!\x1dB;\x07\xe2\x00\xe2\x00\xf3\
\x18\xf3\x00\x80\x02\x00\x0c\x00\x18\x00\x01\x00\x18\x00\x00\x00\
\x0a\x10\x10\x0c\xd4\xf6\x1b\xe4\xe1\xe1\x00\xf2\x81\x01\x14\xed\
\x81\x00\xa5\x81\x01\xe9\x14\x83\x0a\x0b\x0b\xf7\x1d\x1d\x139\
88\x00;\x81\x01\xfc-\x81\x00T\x81\x01+\xfc\x83\
\x00\x80\x02\x00\x0c\x00 \x00\x01\x00 \x00\x00\x00\x0e\x0c\
\x0c\xe6\xe6\x10\x10\x0c\xd4\xf6\x1b\xe4\xe1\xe1\x00\xee\x81\x05\
\x09\xe8\xe8\x09\x14\xed\x81\x00\xa5\x81\x01\xe9\x14\x83\x0e\x01\
\x01@@\x0b\x0b\xf7\x1d\x1d\x13988\x007\x81\x05\
\x04!!\x04\xfc-\x81\x00T\x81\x01+\xfc\x83\x00\x80\
\x02\x00\x0c\x00&\x00\x01\x00&\x00\x00\x00\x11\x0b\x16\x11\
\xe1\xf8\x18\xe6\xe1\xe6\x1a\xff\xda\x04\x08\xde\xde\x00\xe8\x81\
\x80\x00\xfd\x81\x00\xd2\x81\x00\x05\x81\x052\x00\x0d\xd9\xd9\
\x0d\x83\x11\x02\xfb\x05C,\x18,>;\xfb\x10$4\
0TT\x00O\x81\x80\x00\x0d\x81\x00,\x81\x00\x02\x81\
\x05\xdb\x00\xf3\x18\x18\xf3\x83\x00\x80\x02\x00\x0c\x00\x13\x00\
\x01\x00\x1e \x00\x09\x08\x00\x02\x02\x02\x02\x02\x02\x02\x03\
\x08\xd0\xbc\xe6\x14\xf9\x17\xde\x05\xc6\x06\xd9\x0d\x00'\x00\
'\xd9\x81\x09\x08\x01\x02\x02\x02\x02\x02\x02\x02\x02\x08S\
2\x01\x05*9\x0eF[\x06\x18\xf3\x00\xe2\x00\xe2\x18\
\x81\x80\x02\x00\x0c\x007\x00\x01\x007\x00\x00\x00\x1a\xfa\
\xfa\xf9\xf5\xee\xf2\xfd\x04\x04\x04\xce\xce\xce\xe1\xdf\xed\xf5\
\xfa\xfa\xc4\xc4\xd0\xd4\xaa\xaa\x00\xb4\x81\x80\x07\x13\x11\x0d\
\x0d\x0d\x0e\x07\xfb\x81\x06\xfa\xee\xe8\xe8\xe8\xec\xef\x82\x03\
\x0d\xd9\xd9\x0d\x83\x1a\x0b\x0b\x11\x1c#\x04\xf9\x02\x02\x02\
9994+$\x13\x0b\x0bCC+'KK\x00\
C\x81\x80\x07\x04\x05\x07\x07\x07\x12\x14\x08\x81\x06\x13\x13\
\x19\x17\x17\x15\x13\x82\x03\xf3\x18\x18\xf3\x83\x00\x80\x02\x00\
\x0c\x009\x00\x01\x009\x00\x00\x00\x1b\xfa\xfa\xf9\xf5\xee\
\xfc\x0e\x17\x17\x17\xe1\xe1\xe1\xe8\xea\xdf\xed\xf5\xfa\xfa\xc4\
\xc4\xfa\xfa\xe3\xe3\x00\xc7\x81\x80\x07\x13\x11\x0d\x0d\x0d\x0e\
\x07\xfb\x81\x07\xfa\xf1\xea\xe8\xe8\xe8\xec\xef\x82\x03\x1c\x11\
\x11\x1c\x83\x1b\x22\x22\x1c\x0e\x15\xfe\xf8\x03\x03\x03::\
:6*\x1c\x1d(\x22\x22ZZ,,33\x00V\
\x81\x80\x07\x05\x06\x07\x07\x07\x12\x14\x08\x81\x07\x13\x12\x16\
\x18\x18\x18\x17\x16\x82\x03\x15\x1d\x1d\x15\x83\x00\x80\x02\x00\
\x0c\x00\x05\x00\x01\x00\x05\x00\x00\x00\x81\x00\xcb\x81\x84\x81\
\x00@\x81\x84\x00\x80\x02\x00\x0c\x005\x00\x01\x006\x00\
\x00\x00\x81\x18\xca\xca\xc9\xc7\xc3\xbb\xbf\xc8\xc8\xc8\xfd\xfd\
\xfd\xef\xef\xe5\xd2\xca\xca\xd4\xd8\xae\xae\x00\xb8\x81\x82\x07\
\xff\x03\x01\x01\x01\x0c\x0b\xf9\x81\x0b\x12(,,,\x1f\
\x12\x00\x0d\xd9\xd9\x0d\x83\x1a\xfb\xfb2253/0\
:CCC\x0c\x0c\x0c\x10\x19\x22/22+(L\
L\x00D\x81\x82\x07\x09\x0d\x02\x02\x02\x03\xfc\xf1\x81\x0b\
\xf9\xef\xe3\xe3\xe3\xee\xf4\x00\xf3\x18\x18\xf3\x83\x80\x02\x00\
\x0c\x00r\x00\x01\x00r\x00\x00\x007\xba\xd0\xd8\xd2\xd2\
\xd2\xd2\xd8\xd0\xbb\xa8\xa1\xa5\xa5\xa5\x9c\x9c\x9c\xa2\xaf\xb9\
\xb6\xc7\xda\xda\xda\xa6\xa6\xa6\xb3\xcc\xdd\xf4\x02\x06\x04\xcf\
\xcf\xd2\xd1\xc8\xc6\xc6\x9c\xda\xda\xda\xd7\xca\xbc\xb5\xa6\x9c\
\x9c\x00\xa5\x815\xff\xff\xef\xe9\xf7\x0d\x1b\x13\x01\x01\x01\
\x0f\x1b\x17\x0f\x0f'\x05\xe3\xd8\xd8\xd8\xcf\xd8\xf2\xfa\xfa\
\xea\xf7\xff\x0f\x0f\x0c\x03\xf1\xe3\xe3\xe4\xed\xf5\xf5\xf5\x0f\
\xf5\xf5\xee\xfe\x18(((%\x15\x02\x837GL<\
))));KG>Nccc___\x5c\
QF:4555dddH0\x1d\x0a\x02\x01\
\x00#\x22)1/))_55529GU\
___\x00^\x815\xfe\xfe\xf6\xe6\xd8(\x19\x09\x02\
\x02\x02\x12-=\xf8\xf8\xfd\x0a\x1a###\x17\x04\xfc\
\x16\x16\xf4\xf3\xfe\xf9\xf9\xfb\x00\x08\x0e\x0e\xff\x00\x0a\x0a\
\x0a\xf9\x0a\x0a\x10\x03\xec\xdd\xdd\xdd\xe9\x05\x1c\x83\x00\x80\
\x02\x00\x0c\x00\x8b\x00\x01\x00\x8e\x00\x00\x00?\xf0\xf1\xc7\
\xca\xba\xd0\xd8\xd2\xd2\xd2\xd2\xd8\xd0\xbb\xa8\xa1\xa5\xa5\xa5\
\x9c\x9c\x9c\xa2\xaf\xb9\xb6\xc7\xda\xda\xda\xa6\xa6\xa6\xb3\xcc\
\xdd\xf4\x02\x06\x04\xcf\xcf\xd2\xd1\xc8\xc6\xc6\x9c\xda\xda\xda\
\xd7\xca\xbc\xb5\xa6\x9c\x9c\xed\xed\xb9\xb9\xf9\xf9\x03\xc4\xc4\
\x00\xc3\x81:\x0d\xf2\xf2\x0d\xff\xff\xef\xe9\xf7\x0d\x1b\x13\
\x01\x01\x01\x0f\x1b\x17\x0f\x0f'\x05\xe3\xd8\xd8\xd8\xcf\xd8\
\xf2\xfa\xfa\xea\xf7\xff\x0f\x0f\x0c\x03\xf1\xe3\xe3\xe4\xed\xf5\
\xf5\xf5\x0f\xf5\xf5\xee\xfe\x18(((%\x15\x02#\x81\
\x01##\x81\x00#\x83;VSwtGL<)\
)));KG>Nccc___\x5cQ\
F:4555dddH0\x1d\x0a\x02\x01\x00\
#\x22)1/))_55529GU_\
__mmA\x00\x83\x00\x83\x05??UU\x00u\
\x81:\xf3\x06\x06\xf3\xfe\xfe\xf6\xe6\xd8(\x19\x09\x02\x02\
\x02\x12-=\xf8\xf8\xfd\x0a\x1a###\x17\x04\xfc\x16\
\x16\xf4\xf3\xfe\xf9\xf9\xfb\x00\x08\x0e\x0e\xff\x00\x0a\x0a\x0a\
\xf9\x0a\x0a\x10\x03\xec\xdd\xdd\xdd\xe9\x05\x1c\xdb\x81\x01\xdb\
\xdb\x81\x00\xdb\x83\x80\x02\x00\x0c\x00\x09\x00\x01\x00\x09\x00\
\x00\x00\x05\x03\x03\xcd\xcd\x00\xd0\x81\x87\x05\xfa\xfa11\
\x00&\x81\x87\x00\x80\x02\x00\x0c\x00\x07\x00\x01\x00\x07\x00\
\x00\x00\x80\x02\xd8\x00\xb7\x81\x85\x80\x021\x00Q\x81\x85\
\x00\x80\x02\x00\x0c\x00B\x00\x01\x00B\x00\x00\x00 \xd9\
\xe4\xef\xec\xec\xe4\xf8\x03\x01\x01\x01\x01\xe1\xd8\xcd\xcd\x03\
\x03\xcd\xcd\xdf\x03\xcc\xad\xb7\xcb\xcb\xcb\xcb\xd4\xdc\x00\xb9\
\x81\x0e\x04\x04\x02\x02\xe4\xe4\xe4\xf3\x0a\x16\xfc\x0e\x0c\x0c\
\x0c\x83\x01\xef\xef\x81\x07\x01\x0a\x10\x0c\xf8\x05\x08\x04\x83\
 480''!$&&&&&)75\
5\xfd\xfd55/\x1a[b\x5c^^^^WD\
\x00P\x81\x0e\xea\xea\xea\xea\x04\x04\x04\x08\x06\xfb\x0e\x00\
\xf2\xf2\xf2\x83\x01\x10\x10\x81\x07\x07\x06\x17\x1d\xed\xf0\xee\
\xea\x83\x00\x80\x02\x00\x0c\x002\x00\x01\x002\x00\x00\x00\
\x18\xf6\xf6\xf4\xf8\xff\x07\x0a\x12\xd3\xd3\x09\x09\xe2\xd9\xd6\
\xd4\xda\xe7\xf4\xe9\xe3\xb9\xc3\x00\xc3\x81\x80\x05\xd8\xd9\xd6\
\xd7\xe4\xf4\x83\x05((\xf4\xf7\xfd\xff\x81\x03\x0d\xd9\xd9\
\x0d\x83\x18\xfc\xfc\xfe\x04\x0a\x0e\x0f\x15UU\x1d\x1dA\
<:3)\x18\x0c09]Q\x00U\x81\x06\xff!\
!\x1d\x15\x09\x02\x83\x0b\xe3\xe3\xe2\xeb\xf7\xfd\xff\xff\xf3\
\x18\x18\xf3\x83\x00\x80\x02\x00\x0c\x004\x00\x01\x004\x00\
\x00\x00\x19\xea\xf5\x00\xfd\xfd\xf5\x09\x14\x12\x12\x12\xcd\xcd\
\x03\x03\xcd\xcd\x12\x12\xdc\xdc\xdc\xe5\xed\x00\xdf\x81\x0b\x03\
\x03\x01\x01\xe3\xe3\xe3\xf2\x09\x15\x17\x17\x83\x01\xf2\xf2\x81\
\x03\xf7\x04\x08\x04\x83\x19\x1b\x1f\x17\x0e\x0e\x09\x0c\x0d\x0d\
\x0d\x0d55\xfd\xfd55\x0d\x0dEEE>+\x00\
B\x81\x0b\xea\xea\xea\xea\x04\x04\x04\x08\x06\xfb\xf1\xf1\x83\
\x01\x13\x13\x81\x03\xed\xf0\xee\xea\x83\x00\x80\x02\x00\x0c\x00\
\x22\x00\x01\x00\x22\x00\x00\x00\x11\xf3\xed\xc3\xcd\x03\x03\xcd\
\xcd\x12\x12\xdd\xdd\x12\x12\xcd\xcd\x00\xcd\x81\x03\x0d\xd9\xd9\
\x0d\x82\x01\xf2\xf2\x83\x01\x17\x17\x84\x11!)NA\xfd\
\xfd55\x0d\x0dFF\x0d\x0d55\x00F\x81\x03\xf3\
\x18\x18\xf3\x82\x01\x13\x13\x83\x01\xf1\xf1\x84\x00\x80\x02\x00\
\x0c\x007\x00\x01\x007\x00\x00\x00\x1a\xfa\xfa\xf9\xf5\xee\
\xf2\xfd\x04\x04\x04\xce\xce\xce\xe1\xdf\xed\xf5\xfa\xfa\xc4\xc4\
\xee\x14\x14\xea\x00\xc7\x81\x80\x07\x13\x11\x0d\x0d\x0d\x0e\x07\
\xfb\x81\x06\xfa\xee\xe8\xe8\xe8\xec\xef\x82\x03\x0d\x0d\xd9\xd9\
\x83\x1a\x0b\x0b\x11\x1c#\x04\xf9\x02\x02\x029994\
+$\x13\x0b\x0bCC!\x01\x01%\x00?\x81\x80\x07\
\x04\x05\x07\x07\x07\x12\x14\x08\x81\x06\x13\x13\x19\x17\x17\x15\
\x13\x82\x03\xf3\xf3\x18\x18\x83\x00\x80\x02\x00\x0c\x00$\x00\
\x01\x00$\x00\x00\x00\x12\x01\x00\xda\xe5\xef\xcb\xc9\xf5\xf3\
\xdd\xed\xd8\xd6\xde\xd8\xae\xb8\x00\xb8\x81\x82\x00\xbc\x83\x08\
b\x04\x04b\x00\x0d\xd9\xd9\x0d\x83\x12\xff\xfb$\x1a\x10\
95\x10\x10\x22\x13$$\x10\x18<0\x005\x81\x82\
\x00N\x83\x08\xd7!!\xda\x00\xf3\x18\x18\xf3\x83\x00\x80\
\x02\x00\x0c\x00\x07\x00\x01\x00\x07\x00\x00\x00\x80\x02\xee\x00\
\xda\x81\x85\x80\x02-\x003\x81\x85\x00\x80\x02\x00\x0c\x00\
\x07\x00\x01\x00\x07\x00\x00\x00\x80\x02\xf2\x00\xda\x81\x85\x80\
\x02$\x003\x81\x85\x00\x80\x02\x00\x0c\x00\x05\x00\x01\x00\
\x05\x00\x00\x00\x81\x00\xd1\x81\x84\x81\x00\x1b\x81\x84\x00\x80\
\x02\x00\x0c\x00\x07\x00\x01\x00\x07\x00\x00\x00\x80\x02\xe8\x00\
\xd6\x81\x85\x80\x02$\x001\x81\x85\x00\x80\x02\x00\x0c\x00\
\x05\x00\x01\x00\x05\x00\x00\x00\x81\x00\xd6\x81\x84\x81\x001\
\x81\x84\x00\x80\x02\x00\x0c\x00\x07\x00\x01\x00\x07\x00\x00\x00\
\x80\x02\xec\x00\xd6\x81\x85\x80\x02\x18\x001\x81\x85\x00\x80\
\x02\x00\x0c\x00\x07\x00\x01\x00\x07\x00\x00\x00\x80\x02\xdc\x00\
\xb7\x81\x85\x80\x02(\x00Q\x81\x85\x00\x80\x02\x00\x0c\x00\
\x07\x00\x01\x00\x07\x00\x00\x00\x80\x02\xf8\x00\xef\x81\x85\x80\
\x02%\x00K\x81\x85\x00\x80\x02\x00\x0c\x00\x05\x00\x01\x00\
\x05\x00\x00\x00\x81\x00\xc6\x81\x84\x81\x00\x1b\x81\x84\x00\x80\
\x02\x00\x0c\x00\x07\x00\x01\x00\x07\x00\x00\x00\x80\x02\xe6\x00\
\xce\x81\x85\x80\x02\x19\x003\x81\x85\x00\x80\x02\x00\x0c\x00\
\x07\x00\x01\x00\x07\x00\x00\x00\x80\x02\xe7\x00\xce\x81\x85\x80\
\x02\x19\x003\x81\x85\x00\x80\x02\x00\x0c\x00\x07\x00\x01\x00\
\x07\x00\x00\x00\x80\x02\xec\x00\xd6\x81\x85\x80\x02\x1c\x00:\
\x81\x85\x00\x80\x02\x00\x0c\x00V\x00\x01\x00V\x00\x00\x00\
)\xe9\xe9\xec\xec\xea\xf1\xfc\x02\x02\x02\x02\xfc\xf1\xea\xe4\
\xda\xd4\xd4\xd4\xd4\xda\xe4\xea\xf5\x04\x0a\x0a\x0a\x0a\x04\xf5\
\xea\xdf\xd2\xcc\xcc\xcc\xcc\xd2\xdf\x00\xd7\x81'\x10\xf2\xf2\
\x10\xff\xff\xfd\xff\x06\xfa\x01\x03\x01\x01\x01\x03\x02\xfa\x06\
\xff\xfd\xff\xd8\xd8\xdf\xf4\x0b\xf6\x0d\x22(((\x22\x0d\
\xf6\x0b\xf4\xdf\xd8\x83)\x1c\x1c$$\x1c\x1e\x0d\xfb\xfb\
\xfb\xfb\x0d\x1e\x1c\x1a,????,\x1a\x1d\x0e\x07\
\x09\x09\x09\x09\x07\x0e\x1d,411114,\x00\
;\x81'\xf3\xfe\xfe\xf3\xfe\xfe\xf4\xe8\xe6\x1a\x18\x0c\x02\
\x02\x02\x0c\x18\x1a\xe6\xe8\xf4\xfe\x1b\x1b\x08\xec\xe2\x1f\x14\
\xf9\xe5\xe5\xe5\xf9\x14\x1f\xe2\xec\x08\x1b\x83\x00\x80\x02\x00\
\x0c\x00\x07\x00\x01\x00\x07\x00\x00\x00\x80\x02\xec\x00\xd7\x81\
\x85\x80\x02\x1c\x00;\x81\x85\x00\x80\x02\x00\x0c\x00\x07\x00\
\x01\x00\x07\x00\x00\x00\x80\x02\xf4\x00\xe6\x81\x85\x80\x02!\
\x00@\x81\x85\x00\x80\x02\x00\x0c\x00\x07\x00\x01\x00\x07\x00\
\x00\x00\x80\x02\xf5\x00\xef\x81\x85\x80\x02%\x008\x81\x85\
\x00\x80\x02\x00\x0c\x00\x07\x00\x01\x00\x07\x00\x00\x00\x80\x02\
\xf6\x00\xef\x81\x85\x80\x02%\x008\x81\x85\x00\x80\x02\x00\
\x0c\x00\x07\x00\x01\x00\x07\x00\x00\x00\x80\x02\xf5\x00\xef\x81\
\x85\x80\x02%\x008\x81\x85\x00\x80\x02\x00\x0c\x00\x07\x00\
\x01\x00\x07\x00\x00\x00\x80\x02\xe4\x00\xc7\x81\x85\x80\x02\x1f\
\x00?\x81\x85\x00\x80\x02\x00\x0c\x00\x07\x00\x01\x00\x07\x00\
\x00\x00\x80\x02\xd1\x00\xa0\x81\x85\x80\x02:\x00u\x81\x85\
\x00\x80\x02\x00\x0c\x008\x00\x01\x008\x00\x00\x00\x1b\x18\
\x18\xf7\xf7\xe3\xe3\xda\xe5\xf0\xed\xed\xe5\xf5\x01\x02\x02\x02\
\xcd\xcd\xcd\xd6\xdd\x14\x14\xe4\xe4\x00\xe7\x81\x82\x16%%\
\x00\x03\x03\x01\x01\xe3\xe3\xe3\xeb\xf7\xfb\xe9\xe9\xf7\x04\x07\
\x03\x0c\xeb\xeb\x0c\x83\x1b\xf7\xf7////\x1d!\x19\
\x10\x10\x0b\x0e\x10\x10\x10\x10GGG?,\xf4\xf4'\
'\x00\x22\x81\x82\x16\xd6\xd6\x00\xea\xea\xea\xea\x04\x04\x04\
\x08\x06\xfb\xfe\xfe\xed\xf0\xee\xea\xdc\xf8\xf8\xdc\x83\x00\x80\
\x02\x00\x0c\x00F\x00\x01\x00F\x00\x00\x00!\xd7\xd7\xe3\
\xf3\xfe\xfd\xff\x05\x0b\x0b\x08\x0a\x0e\x11\x11\x11\x15\x10\x02\
\xda\x0b\x16\x11\xe1\xf8\x18\xe6\xe1\xe4\xe2\xdc\xd7\x00\xe2\x81\
\x12\xcd\xe0\xf6\x01\x03\x03\x03\x02\x02\xe4\xe4\xe4\xdc\xd0\xca\
\xd6\xf1\x198\x81\x00\xfd\x81\x00\xd2\x81\x04\x05\xfb\xeb\xdc\
\xd1\x83!''!\x19\x0e\x0a\x09\xff\xfa\xfa\xf4\xf3\xf1\
\xf1\xf1\xf1\xff\x0f\x12$\x02\xfb\x05C,\x18,>7\
/)'\x00'\x81\x12\xf8\xf2\xed\xeb\xea\xea\xea\xea\xea\
\x05\x05\x05\x09\x03\xf7\xee\xe2\xdd\xde\x81\x00\x0d\x81\x00,\
\x81\x04\x02\x08\x07\xfe\xf7\x83\x00\x80\x02\x00\x0c\x00%\x00\
\x01\x00%\x00\x00\x00\x11\x1c\x1c\xe5\xe5\x0b\x16\x11\xe1\xf8\
\x18\xe6\xe1\xe6\x1a\xff\xda\x00\xf2\x81\x05\x16\xf5\xf5\x16\x00\
\xfd\x81\x00\xd2\x81\x00\x05\x81\x002\x84\x11\xff\xff<<\
\x02\xfb\x05C,\x18,>;\xfb\x10$\x00=\x81\x05\
\xfb\x18\x18\xfb\x00\x0d\x81\x00,\x81\x00\x02\x81\x00\xdb\x84\
\x00\x80\x02\x00\x0c\x00b\x00\x01\x00d\x00\x00\x000\xfa\
\x02\x04\x04\x04\x01\x00\x06\x01\x01\x05\x05\x05\x02\xfb\xf6\xf1\
\xea\xe5\xe5\x10\x10\x01\xf3\xdf\xd9\xd9\xd9\xdf\xdf\xdf\xdf\xdc\
\xd8\xd8\xd8\xe7\xf7\xfb\x0b\x14\x14\xea\xea\xea\xed\xf4\x00\xef\
\x81\x81\x17\x02\xfd\xf0\xf1\xfe\x02\x05\x0b\x09\xfd\x00\x01\x01\
\x01\x01\x01\x0a\x18\x18\x17(((\x06\x81\x11\xf1\xf1\x14\
\x14\x02\xf1\xf2\xe7\xdd\xdb\xdb\xdb\xe9\xe8\xe8\xf1\xfa\xff\x84\
0*\x0d\xfb\xfb\xfb\xf4\xee\xf1\xf0\xf6\xfd\xfd\xfd\x05\x16\
%@KDD\x1f\x1f*)(444*  \
%)))),,('##IINM>\
\x00K\x81.\xff\xff\x0a\x01\xf4\xf2\xfb\x00\x05\x0a\x06\xfa\
\x01\x03\x02\x02\x02\xef\xe4\xf1\xf1\xe4\xe1\xe1\xe1\xe5\xf3\xfb\
\x05\x05\xfd\xfd\xfa\xfd\x06\x0e\x1b###\x1c\x0f\x0f\x17\
\x14\x0a\xff\x83\x00\x80\x02\x00\x0c\x00C\x00\x01\x00D\x00\
\x00\x00 \xe1\xec\xf7\xf4\xf4\xec\x00\x0b\x09\x09\x09\xe2\xd9\
\xd6\xd4\xda\xe7\xf4\xf6\xf6\xf4\xf8\xff\x07\x0a\x12\xd3\xd3\xd3\
\xdc\xe4\x00\xd5\x81\x01\x02\x02\x81\x0b\xe2\xe2\xe2\xf1\x08\x14\
((\xf4\xf7\xfd\xff\x82\x05\xd8\xd9\xd6\xd7\xe4\xf4\x81\x03\
\xf4\x01\x05\x02\x83 +/'\x1e\x1e\x19\x1c\x1d\x1d\x1d\
\x1dA<:3)\x18\x0c\xfc\xfc\xfe\x04\x0a\x0e\x0f\x15\
UUUN;\x00R\x81\x18\xea\xea\xe9\xe9\x03\x03\x03\
\x08\x05\xfb\xe3\xe3\xe2\xeb\xf7\xfd\xff\xff\xff!!\x1d\x15\
\x09\x02\x81\x03\xec\xef\xed\xea\x83\x80\x02\x00\x0c\x00\x05\x00\
\x01\x00\x05\x00\x00\x00\x81\x00\xea\x81\x84\x81\x00\x09\x81\x84\
\x00\x80\x02\x00\x0c\x00J\x00\x01\x00J\x00\x00\x00$\x01\
\x01\xc9\xc9\xc8\xd7\xe8\xe6\xe6\xdb\xce\xc4\xc4\xc4\xcd\xdb\xe9\
\xee\xc9\xee\xf6\xf6\xf2\xf2\xf2\xf4\xf3\xeb\xeb\xd5\xc9\xfd\xfd\
\xd2\xd2\x00\xd2\x81\x82\x0c\x07\x07\x07\x07\x07\x07\xf8\xec\xef\
\xff\x10\x15\x0c\x81\x10\xe5\xe5\xe5\xf9\x08\x01\xfd\x0e\x22\x22\
\x22\x22\x22\x22\x01\x01\x22\x83\x1e\x07\x07>>=84\
34=FNNNKE@?><.\x1f\x1a\
\x1a\x1a\x1b)99>>\x81\x03<<\x00W\x81\x82\
\x0c\x07\x07\x07\x07\x07\x07\x06\x04\x01\xfe\x00\x02\x01\x81\x0d\
\x1e\x1e\x1f\x1b\x0d\xfe\xf7\xec\xe6\xe6\xe6\xe6\xe6\xe3\x81\x00\
\xe3\x83\x00\x80\x02\x00\x0c\x00X\x00\x01\x00X\x00\x00\x00\
+\x03\x03\xcd\xcd\xcb\xcb\xce\xc9\xc7\xca\xcd\xcd\xcd\xcd\xc7\
\xc0\xc4\xce\xcd\xca\xcd\xcd\xe1\xf0\xe0\xd1\xe4\xea\xf6\xfe\xfe\
\xfe\xfe\xf9\xf0\xe8\xdd\xcf\xcd\xcd\xcf\xdd\x00\xd2\x81\x82&\
\xfd\xfc\x01\x01\x01\x0f\x17\x08\xec\x09\xfa\xf3\xf8\xff\xff\xff\
\x06\x05\x00\xfa\xf1\xe2\xeb\xd9\xd9\xd8\xeb\x07\xec\x0d',\
,,\x19\x14\xee\xe5\xd9\x83+\xfd\xfd55?ZT\
HAEKKKKC<CRT?55C\
,,C*\x1b\x15\x1a\x1a\x1a\x1a\x13\x13\x1d\x2235\
51.\x00;\x81\x82&\x04\x08\x02\x02\x02\x16.:\
1\xc4\xca\xdd\xf0\xfe\xfe\xfe\xfc\x01\x00\xee\x08\x08\xee\x12\
\x12\xf8\xd0\xbb/$\x07\xf4\xf4\xf4\xfc\xfe\x08\x0c\x12\x83\
\x00\x80\x02\x00\x0c\x002\x00\x01\x002\x00\x00\x00\x18\xf6\
\xf6\xf4\xf8\xff\x07\x0a\x12\xd3\xd3\x09\x09\xe2\xd9\xd6\xd4\xda\
\xe7\xf4\xdf\xe3\xb9\xb9\x00\xc3\x81\x80\x05\xd8\xd9\xd6\xd7\xe4\
\xf4\x83\x05((\xf4\xf7\xfd\xff\x81\x03\x0d\xd9\xd9\x0d\x83\
\x18\xfc\xfc\xfe\x04\x0a\x0e\x0f\x15UU\x1d\x1dA<:\
3)\x18\x0c<8\x5c\x5c\x00T\x81\x06\xff!!\x1d\
\x15\x09\x02\x83\x0b\xe3\xe3\xe2\xeb\xf7\xfd\xff\xff\xf3\x18\x18\
\xf3\x83\x00\x80\x02\x00\x0c\x00\x0a\x00\x01\x00\x0a\x00\x00\x05\
\x04\x01\x02\x02\x02\x02\x04\x0b\xf8.\xd5\x03\x81\x00'\x81\
\x04\xf4@\x0e(5\x81\x00\xd0\x81\x00\x80\x02\x00\x0c\x00\
.\x00\x01\x00( \x00\x00\x15\xaa\xc0\xdc\xea\xea\xea\xc2\
\xc2\xf7\xf7\xfd\xfd\xaa\xaa\xb4\xb4\xb4\xaf\xa9\xa9\x00\xa0\x81\
\x02\x07\x07\x03\x81\x01''\x81\x01''\x81\x06''\
\xe5\xe5\xe3\xe0\xe0\x83\x0c\x0b\x01\x01\x02\x02\x02\x02\x02\x02\
\x01\x02\x01\x03\x0b0\x1e\x1a7\xfe\x02GQQLF\
>\x0b\xff\xff\x00\xe6\x00\xe6\x00\xe6\x1e\x1e\x1e\x00\x00\x80\
\x02\x00\x0c\x00L\x00\x01\x00N\x00\x00\x00#\xff\xfa\x01\
\x0c\x0c\x0c\x0c\x04\xfe\xff\x01\xfc\xf4\xf4\xf4\xf4\xff\x05\xff\
\x0d ))))\x1f\x0c\xff\xf3\xe1\xd6\xd6\xd6\xd6\xe0\
\xf1\x83#\xfe\xfe\xfe\xfe\xfe\x03\x02\x01\x02\x02\x02\x01\x02\
\x03\xfe\xff\xff\xfe\xcf\xcf\xd4\xe4\xf6\x0a\x1a*000\
*\x1a\x0a\xf6\xe4\xd4\xcf\x83%\x10\x0c\x03\xfc\xfc\xfc\xfc\
\x01\x0a\x10\x16\x1f$$$$\x1d\x13\x10\x02\xf0\xe6\xe6\
\xe6\xe6\xf0\x02\x10\x1e1;;;;2\x1e\x00!\x81\
#\xfa\xfa\xf7\xf3\xf3\x05\x05\x05\x05\x05\x05\x05\x05\x05\xf3\
\xf5\xf8\xfa77*\x0e\xf8\x00\xea\xd0\xc7\xc7\xc7\xd0\xea\
\x00\xf8\x0e*7\x83\x00\x80\x02\x00\x0c\x00!\x00\x01\x00\
!\x00\x00\x00\x10\xfb\xfb\xf3\xfe\x10\x1b\x14\x14\x10\x04\xf7\
\xec\xe9\xc6\xc6\x00\xd0\x81\x80\x0aC7*#\x1f\x1d\xfa\
\xfa\xfc\x01\x02\x86\x10\xda\xda\xd0\xdf\xf6\x03\xf8\xf8\xf2\xed\
\xec\xe9\xe4\x16\x16\x00\x07\x81\x80\x0a\xe7\xe2\xe0\xdd\xd9\xd3\
\xfe\x00\x07\x0d\x0a\x86\x00\x80\x02\x00\x0c\x00C\x00\x01\x00\
B\x00\x00\x00 \x0d\x0d \x22')))\x0e\xff\xec\
\xd9\xd2\xd1\xd1\x08\x08\x08\x09\x07\x02\xf8\xf2\xf2\xf2\xed\xe7\
\xe6\xcc\xf5\xf5\x00\x0b\x81\x80\x1c\xdc\xf1\xf3\xfe\x09\x0e\x1d\
---)\x1b\x0d\x1b\x1b\x0f\x11\x0b\x02\x02\x02\x05\x07\
\x0b\x04\xf9\xf7\xd3\xd3\x84\x81\x1e\xf4\xf3\xf3\xf3\xf3\xf3\xfb\
\x10\x1b',,,\xf5\xf5\xf5\xfc\x09\x12\x1d,,,\
&\x1b\x16<))\x00$\x81\x80\x1c*\x13\x10\x10\x0b\
\x01\xec\xce\xce\xce\xda\xec\xf4\xe7\xe7\xf6\xf5\xfd\x04\x04\x04\
\x02\xff\x02\xfc\xf1\xea))\x84\x80\x02\x00\x0c\x00~\x00\
\x01\x00~\x00\x00\x00\x80<\x05\x12\x1c\x1c\x1c\xe4\xe4\xe4\
\xe4\xe4\xed\xfb\x00\xff\x13(((\x1d\x10\x12\x06\x08\x08\
\x06\x13\x11\x1f(((\x18\x0b\x01\xe3\xe4\xe4\xe4\xe4\x1c\
\x1c\x1c\x12\x09\x0a\x05\xfb\xf4\xf4\xf4\xf1\xf5\xea\xec\xf4\xf4\
\xf4\xf6\xfc\x00\x08\x81;\xfe\xfe\xfc\xf3\xed\xe1\xe1\xe4\xe0\
\xe3\xd8\xd0\xd0\xd0\xd0\xca\xd6\xf2\x03\x19\x16\x15\x15\x15\xd9\
\xd9\xd9\xd9\xd7\xf2\x0b\x18...4\x1d  \x22\x22\
\x14\x0c\x05\x02\x02\x02\xff\x02\x0b\xf8\xf0\xf6\xfb\x05\x02\xf3\
\xf9\xfd\xfe\x83=\x17\x04\xfb\xfe\xfe\xfe;;;;:\
5(\x1a\x0a\xf9\xf3\xf3\xf3\x01\x08\x0a\xff\xf8\xf8\xfc\x02\
\x05\x01\xf3\xf3\xf3\xff\x14*9;;;;\xfe\xfe\xfe\
\x07\x11\x14\x17#---2>5/---*\
 \x00%\x81;\xfa\xfa\x08\x1d(**-\x22\x1f\x1b\
#...!\x0d\x05\x01\xef\xec\xeb\xeb\xeb\xf3\xf3\xf3\
\xf3\xf1\xf3\xef\xe7\xd7\xd7\xd7\xe8\xf5\xef\xe3\xdc\xdc\xf2\xfa\
\x03\x05\x05\x05\x05\x01\xfa\xfc\xf4\xf9\xfa\x04\x0c\x09\x07\x00\
\xfa\x83\x00\x80\x02\x00\x0c\x00\x14\x00\x01\x00\x14\x00\x00\x09\
\x08\x01\x02\x01\x02\x02\x02\x01\x02\x02\x08\x1f\x10.\xee\xf1\
\xee\xe1\x1f\x0a\x08 \xe3\x00\xf2 \x00\xf24\x00\x08\xff\
\xf1\xf15%5\x09\xff)\x08\xdd\xe8\x00\xfa\xdd\x00\xfa\
\xdb\x00\x00\x80\x02\x00\x0c\x00R\x00\x01\x00R\x00\x00\x00\
'\xfd\x0a\x15\x17\x17\xe0\xe0\xec\xfb\xfe\x02\x12\x1f\x1f\x1f\
\x10\xff\xff\x01\xf5\xe7\x17\x17\xe0\xe0\xe1\xe8\xe5\xe8\xf3\xea\
\xe6\xe8\xe8\xe8\xe5\xe5\xf0\x00\x01\x81\x15\xff\xff\xf5\xe8\xe3\
\xe3\xce\xca\xd4\xd4\xd4\xce\xd6\xea\x08\x1a\x17\x17\x17\x22\x16\
\x16\x81\x0d==\xe2\xe4\xf0\xf0\xf0\xf4\xef\xe1\xdc\xe4\xf2\
\xff\x83'\x0c\xfc\xf7\xfc\xfc220$\x15\x03\xf3\xee\
\xee\xee\xf1\xfc\x0a\x12 $\xef\xfe\x1b\x1b#!\x17\x14\
\x0e\x0a\x14   \x22!\x17\x00!\x81\x15\xf9\xf9\x00\
\x08\x0a\x0a\x00\x0b\x1f !\x16\x0a\x08\xf9\xea\xe6\xe6\xe6\
\xeb\xdf\xdf\x81\x0d\xdf\xdf\x18\x11\x0e\x11\x18\x1b\x0f\xfe\xfb\
\xf9\xf9\xf9\x83\x00\x80\x02\x00\x0c\x00p\x00\x01\x00p\x00\
\x00\x006\xf9\xff\x08\x0c\x0c\x0c\x0c\x0d\x05\xf8\xf5\xea\xe0\
\xdf\xdf\xde\xde\x17\x17\x05\xfc\xf5\xe4\xd6\xd6\xd6\xda\xea\xea\
\xe9\xea\xea\xea\xea\xed\xf4\xf9\x00\x12   \x16\x04\xf9\
\xf7\xe9\xd9\xd6\xd6\xd6\xe2\xf3\x00\xf9\x814\xfe\xfe\xef\xe4\
\xeb;4\x19\x02\x02\x02\x08\x10\x11\x12\x08\x0a\x0a(.\
..55,\xfc\xf0\xef\xef\xef\xfb\xf9\xe3\xe1\xef\xfe\
\xd2\xd2\xc8\xd5\xf6\x13\x1d\x15\x15\x15\x17\x1d#\x05\xdf\xcc\
\xd2\x836\x13\x0a\xff\xfa\xfa\xfa\xfa\xfb\x04\x12!$\x1b\
\x1a\x1a\x1a\x1a\xe9\xe9\x00\x13\x19,99950'\
$%''''\x1f\x15\x08\xf5\xeb\xeb\xeb\xef\xff\x13\
\x1d+59991\x22\x00#\x814\xfd\xfd\xfb\xfa\
\xfd\x11\x11\x0b\x04\x04\x04\x02\xfe\xf9\xf7\xf7\xf7\xf7\xed\xde\
\xde\xde\xe7\xed\xea\x1d\x19\x11\x12\x14\x10\x0e\x13\x07\xfe\xfd\
\x1f\x1f\x15\x0e\x13\x0b\xf3\xe3\xe3\xe3\xe9\xf3\xfa\xef\xfd\x13\
\x1f\x83\x00\x80\x02\x00\x0c\x00\x11\x00\x01\x00\x13\x00\x00\x00\
\x06\x18+\xfe\xfe\xf7\xf7\xe5\x83\x80\x01((\x81\x00\x19\
\x84\x08\xe4\x02\xfe\xfe:: \x005\x81\x80\x01\xd5\xd5\
\x81\x00\xc1\x84\x00\x80\x02\x00\x0c\x00\x80\x00\x01\x00\x82\x00\
\x00\x00\x80<\x05\x0c\x0f\x0f\x0f\x19%,)\x1b\x0b\x0b\
\x0b\x04\xfe\x00\x02\xfc\xf5\xf5\xf5\xe5\xd8\xd5\xdc\xe7\xf1\xf1\
\xf1\xf4\xfa\x00\x01\x12###\x1a\x0b\x00\xf5\xe5\xdd\xdd\
\xdd\xee\xff\x00\x0d ***\x10\x00\xef\xd7\xd7\xd7\xe0\
\xf3\x83=\xfe\xfe\xfc\xf5\xef\x02\x10\x0e\x03\xfd\xf2\xfb\x0b\
\x03\x00\x02\x02\x02\xff\x01\x08\xfa\xf3\xfd\x03\x0e\x10\x02\xef\
\xf5\xfc\xfe\xd4\xd4\xce\xd9\xf2\x04\x11\x16\x1b\x16\x10\x03\xf2\
\xd9\xce\xd4\xe3\xe5\xe8\xf4\x03#(((#\x03\xf4\xe8\
\xe5\x83?\x0a\x01\xf7\xf4\xf4\xf5\xf2\xee\xec\xee\xf7\xf9\xf7\
\xf6\xfd\x06\x0a\x0f\x19\x1f\x1d\x1c\x1f(*($!!\
#\x1f\x14\x0a\xfe\xec\xe3\xe3\xe4\xee\x00\x0a\x15(33\
3)\x17\x0a\xf9\xec\xe9\xe9\xe9\xf4\x0a +++(\
\x1b\x00\x16\x81=\xfc\xfc\x03\x0b\x0d\x02\xfd\xff\x01\xff\xfb\
\xfb\xfb\xff\x03\x04\x04\x04\x02\xff\xfb\xfb\xfa\xff\x01\xff\xfd\
\x02\x0d\x0b\x03\xfc\x22\x22\x22\x15\x02\xfb\xf2\xec\xec\xec\xf1\
\xfb\x02\x15!\x22\x0a\x09\xfc\xf3\xf9\xf0\xda\xda\xda\xf0\xfa\
\xf4\xfc\x09\x83\x00\x80\x02\x00\x0c\x00n\x00\x01\x00n\x00\
\x00\x005\x0b\x0e\x19!\x22\x22\x22\x22\xea\xea\xfc\x0b\x12\
 **** \x16\x17\x17\x15\x15\x15\x13\x0d\x08\x02\
\xf8\xf3\xf3\xf3\xf3\xf4\xfe\x07\x13&***\x1e\x0f\x08\
\x01\xee\xe0\xe0\xe0\xe9\xfb\x00\xff\x813\xfe\xfe\xf7\xef\xec\
\xeb\xf6\xf5\xf5\xd6\xd1\xd1\xd1\xca\xc9\xd3\x03\x0f\x10\x10\x10\
\x03\x06\x1d\x1e\x10\x02\x02\x02\x11\x1c\x14\xc3\xca\xe6\xfe\xea\
\xea\xe3\xdb\xfa 3---5'\x09\xec\xe2\xea\x83\
5\x10\x01\x00\x08\x09\x09\x09\x09::%\x10\x09\xf7\xea\
\xea\xea\xec\xf2\xfd\x00\xfe\xfb\xfb\xfb\xfe\x07\x10\x1a$(\
((('\x1d\x12\x03\xef\xea\xea\xea\xf2\x04\x10\x1d0\
:::6%\x00$\x813\xfd\xfd\xfe\x01\x05\x06\x08\
\x09\x09\x12\x22\x22\x22\x19\x13\x16\xe3\xe7\xf0\xee\xed\xf4\xfb\
\xf7\x02\x06\x04\x04\x04\x0b\x10\x0c\xee\xed\xf5\xfd\x1d\x1d\x10\
\x05\x11\x03\xed\xe1\xe1\xe1\xec\xf2\xed\xf6\x0d\x1d\x83\x00\x80\
\x02\x00\x0c\x00\x09\x00\x01\x00\x09\x00\x00\x00\x80\x04\x09\xd9\
\xd2\x00\xcf\x81\x87\x05\xf8\x08\x0c\xfd\x00\xf5\x81\x87\x00\x80\
\x02\x00\x0c\x00\x0a\x00\x01\x00\x08\x00\x00\x00\x03\xe5\x8f\x8b\
\x00@\xff\x10\x81\x86\x04\xf0\xf7\xe0\x00\xce\x81\x86\x00\x80\
\x02\x00\x0c\x00\x0a\x00\x01\x00\x08\x00\x00\x00\x03\xf4\x9e\xbe\
\x00@\xff\x00\x81\x86\x04\xd5\xdc\xd8\x00\xa3\x81\x86\x00\x80\
\x02\x00\x0c\x00\x0a\x00\x01\x00\x0a\x00\x00\x00\x04\x1d\xc2\xe2\
\x00\xf9\x81\x00\x02\x85\x04\xff\x04\x01\x000\x81\x00\x04\x85\
\x00\x80\x02\x00\x0c\x00\x10\x00\x01\x00\x10 \x00\x00\x08\xc4\
\xc4\xc4\xc4\xaf\xa3\xa3\x00\x8f\x81\x80\x012\x1f\x87\x05\x04\
\x01\x02\x01\x02\x02\x04\xf1\xf1\xf1\x1d$\x00\xdc\x83\x00\x80\
\x02\x00\x0c\x00<\x00\x01\x00<\x00\x00\x00\x1d\xd1\xd1\xd1\
\xd6\xdc\xde\xde\xde\xd4\xc4\xb8\xaf\xaf\xd4\xd4\xd4\xd3\xcd\xc6\
\xbf\xb6\xb6\xb6\xb8\xb8\x9c\xc0\xc0\x00\xb2\x81\x80\x0f\xe9\xe7\
\xed\xf5\xff\x07\x11###\x16\x0b\x0b\x03\x02\x01\x82\x06\
\x02\x03\x05\x05\x03\xe2\xe2\x84\x1d\x04\x04\xfb\xfb\xfc\xfc\xfc\
\xfc\x05\x10\x1e**\x03\x03\x03\x06\x0e\x13\x19!!!\
!*C  \x004\x81\x80\x0f\x13\x00\xfe\xfc\xfb\xfb\
\xf4\xe9\xe9\xe9\xef\xf7\xf7\xf9\xfb\xfe\x82\x06\xfb\xf5\xf3\xf4\
\xfe\x1b\x1b\x84\x00\x80\x02\x00\x0c\x00]\x00\x01\x00N \
\x00\x00/\xc7\xd0\xd3\xd0\xd0\xd0\xab\xab\xab\xb8\xc6\xd2\xe2\
\xe2\xe2\xcd\xbb\xc7\xc7\xbb\xce\xe2\xe2\xe2\xd2\xc9\xb9\xac\xac\
\xac\xd1\xd1\xd1\xcb\xc7\xc3\xba\xba\xba\xb8\xb6\xb8\xba\xba\xba\
\xbf\x00\xa0\x81\x81\x1c\xfe\xfe\x00\xf6\xf6\xf6\xec\xdd\xdd\xdd\
\xec\xf3\xfe\x0e\x0e\x0e\xf4\xf4\xf4\x00\x0d\x17###\x15\
\x0a\x0a\x0a\x84\x02\xfa\xfe\xff\x81\x03\xff\xf7\xfd\x03\x84\x1b\
\x1a\x00\x01\x01\x02\x04\x01\x02\x02\x03\x04\x02\x01\x03\x02\x04\
\x01\x01\x01\x01\x01\x02\x01\x01\x02\x01\x01\x02\x1a\x12\x07\x01\
\x02(\x1c\x08\x01\xfe\x05\x02\x02\x1f(\x02\x07\x12\x1b'\
'&'(%%\x1d0\x83\x08\x0c\x17\x17\x05\xfd\x03\
\xf8\xf3\xe9\x84\x06\x01\xfe\x05\x05\x05\x05\x06\x81\x80\x02\x00\
\x0c\x00\x13\x00\x01\x00\x1f \x00\x09\x08\x00\x02\x01\x01\x02\
\x03\x02\x02\x02\x08\xd0\xd0\xd0\xd0\xac\xac\xaf\xd0\x96\x80\x00\
\x15\x82\x03\x15\x00-\x00\x09\x08\x00\x02\x01\x01\x02\x03\x03\
\x01\x02\x08\xf7\xf2\xf2\xf7##\xf7\xf71\x80\x07\xfa\x09\
\x00\x09\xfa\x09\xfc\x00\x00\x80\x02\x00\x0c\x00\x05\x00\x01\x00\
\x05\x00\x00\x00\x80\x00\xd8\x81\x83\x80\x00\x1b\x81\x83\x00\x80\
\x02\x00\x0c\x00\x05\x00\x01\x00\x05\x00\x00\x00\x80\x00\xd8\x81\
\x83\x80\x00\x1b\x81\x83\x00\x80\x02\x00\x0c\x00\x05\x00\x01\x00\
\x05\x00\x00\x00\x80\x00\xd8\x81\x83\x80\x00\x1b\x81\x83\x00\x80\
\x02\x00\x0c\x00\x14\x00\x01\x00\x14\x00\x00\x00\x08\xf2\x0f\x0f\
\xf2\xf2\xea\xf2\x00\xed\x81\x06F4\x15\x03G%\x02\x83\
\x08\xfc\xfa\xfa\xfc\xfc\xfb\xfc\x00\x07\x81\x06\x14\x06(\x1a\
\x05\x18)\x83\x00\x80\x02\x00\x0c\x00\x14\x00\x01\x00\x14\x00\
\x00\x00\x08\xfb\xfb\x03\xfb\xfb\xde\xde\x00\xed\x81\x06F\x02\
%G\x03\x154\x83\x08\x09\x09\x0a\x09\x09\x0c\x0c\x00\x07\
\x81\x06\x14)\x18\x05\x1a(\x06\x83\x00\x80\x02\x00\x0c\x00\
\x07\x00\x01\x00\x07\x00\x00\x03\x02\x01\x02\x02\x02\x11\xe1\xf5\
\x00\xf1\x81\x02\xfd,8\x00#\x81\x00\x80\x02\x00\x0c\x00\
\x1c\x00\x01\x00\x1c\x00\x00\x00\x0c\x0c\x0f\x0e\xff\xff\x14\x14\
\xe6\xe6\xe6\xfc\x00\xf6\x81\x03\x18\x01\x0b\x01\x81\x04\xf6\xf6\
\x09\x10\x1b\x83\x0c\x0b\x12\x11\x1f\x1f\x02\x02//.\x1c\
\x003\x81\x03\xf7\xfe\xfc\xf4\x81\x04''\x13\xfe\xeb\x83\
\x00\x80\x02\x00\x0c\x00\x0c\x00\x01\x00\x0c\x00\x00\x05\x04\x01\
\x02\x02\x02\x02\x04\x0f\xde\x0f\xde\xfa\x04\x02\x0d\xe0\xec\x00\
\x04\x073\x073Q\x04#\xfd\xfe\xd8\x00\x00\x80\x02\x00\
\x0c\x00$\x00\x01\x00$\x00\x00\x00\x10\x05\x09\x05\xf9\xf9\
\x10\x10\xe0\xe0\xe0\xf3\x10\x10\xdf\xdf\x00\xf5\x81\x05\x1d\x05\
\x14\x11\x11\x11\x81\x06\x1b\x22,\xf8\xe9\xe9\xf8\x83\x10\x10\
\x17\x14$$\x09\x09333\x1d\x08\x0855\x00F\
\x81\x0e\xb9\xbe\xc1\xc0\xcd\xcd\xf4\xf4\xdf\xcb\xb7\xe8\x0a\x0a\
\xe8\x83\x00\x80\x02\x00\x0c\x00\x0f\x00\x01\x00\x0f\x00\x00\x07\
\x06\x01\x02\x02\x02\x02\x02\x02\x80\x05\xd0\x19\xe9\x0c\xdc\xdd\
\x04\xf1\x00\xf1\x00\xf1\x81\x06Gv\xf8&\x1dLo\x04\
$\x00#\x00#\x81\x00\x80\x02\x00\x0c\x00\x15\x00\x01\x00\
\x15\x00\x00\x00\x09\x05\x13\xe3\xf2\x12\x12\xe2\xe2\x00\xf5\x81\
\x00\x01\x81\x03\x01\x00\xdc\xdc\x84\x09\x0c\xff5\x1e\xfc\xfc\
**\x001\x81\x06!\xfe\xfe!\x00**\x84\x00\x80\
\x02\x00\x0c\x00\x16\x00\x01\x00\x16\x00\x00\x00\x09\x12\x04\xf1\
\xe2\x13\x13\xe3\xe3\x00\xf5\x81\x07\xe7\xe7\xe7\xe7\x0b\xe7\xe7\
\x0b\x83\x09\xf3\x0b\x1d)\xfe\xfe,,\x00\x1d\x81\x07\x16\
\xf4\xf4\x16\xea\x14\x14\xea\x83\x00\x80\x02\x00\x0c\x00I\x00\
\x01\x00G\x00\x00\x00#\x17\x17)(\x1c\x1c\x1c\x04\xf5\
\xe9\xd4\xd4\xd4\xd5\xd9\x0d\x0a\x09\x09\x09\x07\xf6\xea\xe6\xe6\
\xe6\xed\xef\xe6\xe6\x1a\x1a\xe3\xe3\x00\xef\x81 \xfd\xfc\xfd\
\xff\xfd\xf9 000&\x16\x15\x11\x0e\x15\x1a\x1a\x1e\
\x16\x02\x02\x02\xfc\xfb\xfd\x01\x06\x08\xfd\x00\xdb\xdb\x84!\
\xe3\xe3\xde\xd4\xce\xce\xce\xe4\xf9\x0a\x1d\x1d\x1d \x22\xf3\
\xf0\xed\xed\xed\xf4\xfd\x03\x06\x06\x06\x10\x19\x17\x17\xe3\xe3\
\x16\x16\x83 \x0a\x0f\x06\x04\x03\xfd\xf3\xd6\xd6\xd6\xe8\xf3\
\xf0\xee\xee\xdf\xe8\xf4\xfe\x06\x04\x04\x04\x05\x05\x0c\x0c\x08\
\x0b\x0a\x00--\x84\x00\x80\x02\x00\x0c\x00J\x00\x01\x00\
J\x00\x00\x00#\xd0\xd0\xbf\xbf\xcb\xcb\xcb\xe4\xf2\xfd\x13\
\x13\x13\x12\x0e\xda\xdd\xde\xde\xde\xdf\xf1\xfc\x01\x01\x01\xfa\
\xf8\x01\x01\xcd\xcd\x04\x04\x00\xe9\x81!\xe9\xea\xe8\xe7\xea\
\xed\xc7\xb6\xb6\xb6\xc0\xd0\xd1\xd4\xd8\xd1\xcc\xcc\xc8\xcf\xe4\
\xe4\xe4\xe9\xeb\xe9\xe5\xe1\xde\xe9\xe6\x0b\x0b\xe6\x83#\x07\
\x07\x0d\x16\x1c\x1c\x1c\x07\xf1\xe0\xcd\xcd\xcd\xcb\xc8\xf7\xfb\
\xfd\xfd\xfd\xf5\xed\xe7\xe4\xe4\xe4\xda\xd1\xd3\xd3\x07\x07\xd4\
\xd4\x00\x02\x81!\x04\xff\x07\x0a\x0b\x11\x1b888&\
\x1b\x1e\x1f /&\x1a\x10\x07\x0a\x0a\x0a\x08\x09\x01\x02\
\x06\x03\x04\x0e\xe1\xe1\x0e\x83\x00\x80\x02\x00\x0c\x00\x08\x00\
\x01\x00\x08\x00\x00\x03\x02\x01\x02\x02\x02-\xf8\x13\x02\xef\
\x12\x00\x02\x01/2\x02\x14\xea\x00\x00\x80\x02\x00\x0c\x00\
\x18\x00\x01\x00' \x00\x0b\x0a\x01\x01\x01\x02\x01\x03\x01\
\x01\x02\x01\x03\x0a\xdb\xeb\xf5\xf5\xeb\xc3\xb3\xa9\xa9\xb3\x9e\
\x0a( \x0d\xf0\xdf\xd7\xdf\xf1\x0e \x00\x00\x1190\
\x10\xf7\xf7\xf7\x1009BazzzaA\x00s\
\x81\x0f\xac\xac\xb8\xd3\xed\x08'333&\x08\xed\xd5\
\xb8\xac\x83\x80\x02\x00\x0c\x00$\x00\x01\x00$\x00\x00\x00\
\x10\xd1\xee\xfb\xf0\xe4\xf0\xf6\xd0\xd5\xde\xd3\xc9\xd5\xf4\xe2\
\x00\xd6\x81\x05\x17\x07\x10\x17\xf6\xf6\x81\x06\xf6\xf6\x17\x11\
\x05\x17\x1a\x83\x10\x17\xf7\xf0\xfb\x05\xf5\xf4\x1d\x1d\x0d\x18\
\x22\x1b\xfb\x09\x00\x19\x81\x0e\xed\x00\xf7\xf3\x10\x16\x01\x01\
\x16\x10\xf2\xf7\x00\xed\xda\x83\x00\x80\x02\x00\x0c\x00F\x00\
\x01\x00E\x00\x00\x00!\x1e#\x0f\x0f\x1e+\x1f\x1f&\
,\xf3\xee\xfc\x02\xca\xc4\xd5\xd5\xca\xbd\xc5\xc5\xc2\xbd\xf6\
\xfb\xeb\xe5\xe6\xf4\x02\xf2\x00\xdf\x81\x80\x07\x02\x02\xd9\xd9\
  \xf6\xf6\x81\x01\xf6\xf6\x81\x07\xf6\xf6  \xd9\xd9\
\x02\x02\x81\x06\x02\x02\x00\xd9\xd9  \x83!%\x1b\x0f\
\x12\x1d\x1d\x11\x13$\x17\x16\x22\x16\x09\x08\x14 \x1d\x0d\
\x0f\x1e\x1b\x0c\x15\x18\x0e\x19\x22\x1b\x10\x10\x1b\x000\x81\
\x80\x01\xeb\xeb\x81\x03\x13\x13**\x81\x01**\x81\x03\
**\x13\x13\x81\x01\xeb\xeb\x81\x01\xeb\xeb\x82\x01\x13\x13\
\x83\x80\x02\x00\x0c\x00\x09\x00\x01\x00\x09\x00\x00\x00\x05\xf8\
\x0d\xdf\xcc\x00\xd8\x81\x87\x05\x0e,'\x09\x005\x81\x87\
\x00\x80\x02\x00\x0c\x00\x09\x00\x01\x00\x09\x00\x00\x00\x05\x0c\
\xf8\xcc\xdf\x00\xd8\x81\x87\x05-\x0e\x0a'\x005\x81\x87\
\x00\x80\x02\x00\x0c\x00\x08\x00\x01\x00\x08\x00\x00\x03\x02\x01\
\x02\x02\x02\xe4\xc7\xab\x02\xef\x12\x00\x02\x06'-\x02\x14\
\xea\x00\x00\x80\x02\x00\x0c\x00\x08\x00\x01\x00\x08\x00\x00\x03\
\x02\x01\x02\x02\x02\xff\xee\xec\x02\xd1\xf6\x00\x02\xf8\x1d\x15\
\x02\x10\xf8\x00\x00\x80\x02\x00\x0c\x00\x0b\x00\x01\x00\x08\x00\
\x00\x03\x02\x01\x02\x02\x00\xffA\xffy\xffw\x02\xd4\xf6\
\x00\x02\xf8\x07\xff\x02\x16\xf8\x00\x80\x02\x00\x0c\x00\x0b\x00\
\x01\x00\x08\x00\x00\x03\x02\x01\x02\x02\x00\xffA\xfe\xc4\xfe\
\xc2\x02\xd7\xf6\x00\x02\xf8\x1d\x15\x02\x19\xf8\x00\x80\x02\x00\
\x0c\x00\x05\x00\x01\x00\x05\x00\x00\x00\x81\x00\xec\x81\x84\x81\
\x00\x15\x81\x84\x00\x80\x02\x00\x0c\x00\x08\x00\x01\x00\x08\x00\
\x00\x03\x02\x01\x02\x02\x80\x01\xed\xed\x02\x07,\x00\x80\x01\
\x18\x18\x02\xfb\xdf\x00\x00\x80\x02\x00\x0c\x006\x00\x01\x00\
6\x00\x00\x00\x19\xdf\xeb\xfa\x04\x08\x09\x09\x09\x08\x04\xfa\
\xeb\xdf\xdf\xdc\xd8\xd6\xd6\xd6\xd6\xd6\xd8\xdb\xdf\x00\xe0\x81\
\x17/2,\x1e\x13\x0f\x16\x1d\x1c\x12\x05\xfc\xfe\x1f\x1b\
!($\x16\x09\x05\x0d\x12\x0e\x83\x19#\x1a\x0b\x00\xf9\
\xf5\xf5\xf5\xf9\x00\x0b\x1a##*,($$$)\
.+#\x00(\x81\x17\x10\x0e\x0a\x04\x01\x01\x05\x0e\x13\
\x11\x09\x02\x02\xd8\xd9\xf2\x0d\x16\x05\xf4\xff\x1e:;\x83\
\x00\x80\x02\x00\x0c\x006\x00\x01\x006\x00\x00\x00\x19\x02\
\x02\x04\x08\x0a\x0a\x0a\x0a\x0a\x08\x04\x02\x02\xf5\xe6\xdd\xd9\
\xd8\xd8\xd8\xd9\xdd\xe6\xf5\x00\xfb\x81\x17/\x0d\x11\x0b\x04\
\x07\x15\x22&\x1f\x1a\x1e\xfe\xfc\x04\x11\x1c\x1c\x15\x0f\x12\
\x1e,2\x83\x19\x06\x06\xfd\xfa\xfe\x03\x03\x03\xff\xfc\xff\
\x06\x06\x0e\x1d(/333/(\x1d\x0e\x00D\x81\
\x17\x10:9\x1c\xfe\xf2\x04\x14\x0b\xf1\xd8\xd7\x02\x02\x09\
\x10\x13\x0d\x04\x01\x00\x04\x0a\x0e\x83\x00\x80\x02\x00\x0c\x00\
T\x00\x01\x00X\x00\x00\x00*\xc1\xd5\xec\xf9\xfd\xfd\xfd\
\xfd\xfd\xfe\xfd\xfd\xfe\xfd\xfd\xfd\xfd\xfd\xf9\xec\xd5\xc1\xc1\
\xc1\xc1\xc1\xc1\xc1\xc1\xc1\xce\xcd\xce\xc1\xc1\xc1\xc1\xc1\xc1\
\xc1\xc1\x00\xbc\x81\x0f**++++\x18\x18\x1f&\
&\x0a\x0a\x11\x18\x18\x85\x12''' \x10\x00\x18\x18\
\x1a\x18\x16\x18\x17+\x1c\x0b\x05\x04\x04\x83*B2\x1d\
\x13\x0f\x0f\x0f\x0f\x11\x0f\x08\x08\x0f\x11\x0f\x0f\x0f\x0f\x13\
\x1d2BBA=955557!755\
559=AB\x00J\x81(\xfe\xfe\x08\x11\x13\x0b\
\xce\xdf\xec\xee\xee\x1a\x1a\x1b(9\xfd\xf6\xf8\x01\x0b\x0b\
\xed\xed\xed\xee\xf1\xf46,\x08\x04\xff\xdc\xd2\x14\x18\x1c\
\x1d\x1c\x1c\x83\x00\x80\x02\x00\x0c\x00T\x00\x01\x00X\x00\
\x00\x00*\xeb\xeb\xeb\xeb\xeb\xeb\xeb\xeb\xeb\xdf\xdf\xdf\xeb\
\xeb\xeb\xeb\xeb\xeb\xeb\xeb\xeb\xd8\xc0\xb4\xb0\xb0\xb0\xb0\xb0\
\xb0\xb0\xb0\xb0\xb0\xb0\xb0\xb0\xb0\xb4\xc0\xd8\x00\xad\x81\x13\
*\x04\x04\x05\x0b\x1c+\x17\x18\x16\x18\x1a\x18\x18\x00\x10\
 '''\x85\x0e\x18\x18\x11\x0a\x0a&&\x1f\x18\x18\
++++*\x83*\xf9\xf9\xfa\xfe\x02\x06\x06\x06\x06\
\x05\x1a\x05\x06\x06\x06\x06\x02\xfe\xfa\xf9\xf9\x09\x1e(,\
,,,*,33,*,,,,(\x1e\x09\
\x00:\x81(\xfe\x1c\x1c\x1d\x1c\x18\x14\xd2\xdc\xff\x04\x08\
,6\xf4\xf1\xee\xed\xed\xed\x0b\x0b\x01\xf8\xf6\xfd9(\
\x1b\x1a\x1a\xee\xee\xec\xdf\xce\x0b\x13\x11\x08\xfe\x83\x00\x80\
\x02\x00\x0c\x00\x0c\x00\x01\x00\x0c\x00\x00\x05\x04\x01\x02\x02\
\x02\x02\x04\x0b\xc2\xd6\xc2\xc3\x80\x03\x16\x11'\x00\x04\xf4\
\x14\x09\x13\xf8\x80\x03\xf8\x07\xff\x00\x00\x80\x02\x00\x0c\x00\
\x0c\x00\x01\x00\x0c\x00\x00\x05\x04\x01\x02\x02\x02\x02\x04\x17\
\x03\x17\xcd\xd8\x04\x11\x17\x00(\x00\x04\xfc\x06\xfb\x1a\x0e\
\x04\x07\xf9\x00\xff\x00\x00\x80\x02\x00\x0c\x00\x07\x00\x01\x00\
\x07\x00\x00\x00\x81\x00\xe7\x81\x00\xdc\x83\x81\x00\x1a\x81\x00\
+\x83\x00\x80\x02\x00\x0c\x00\x0a\x00\x01\x00\x0a\x00\x00\x00\
\x03\xaf\xf0\x00\x93\x81\x01\xdc\xdc\x83\x03\xf4\xe7\x00&\x81\
\x01++\x83\x00\x80\x02\x00\x0c\x00\x07\x00\x01\x00\x07\x00\
\x00\x00\x03\xfd\xbc\x00\x92\x81\x85\x03\xf7\x13\x006\x81\x85\
\x00\x80\x02\x00\x0c\x00\x07\x00\x01\x00\x07\x00\x00\x00\x80\x02\
\xd1\x00\xa5\x81\x85\x80\x02\x1a\x00M\x81\x85\x00\x80\x02\x00\
\x0c\x00\x1c\x00\x01\x00\x1f\x00\x00\x00\x84\x09\xeb\xd6\xd3\xd8\
\xe0\xe0\xcc\xcc\x00\xd3\x81\x0c2-!\x1c\x04\xea\xf8\x0e\
\x00\x0a\x1c\x1c2\x83\x81\x0c\x01\x02\x04\x0a\x18\x11\x09\x0a\
\x0a\x1a\x1a\x00\x1a\x81\x0c\xd3\xd9\xe1\xe1\xea\xe9\xe7\xdb\xdd\
\xe0\xf2\xf2\xd3\x83\x80\x02\x00\x0c\x00 \x00\x01\x00 \x00\
\x00\x00\x0e\xfe\x00\xfc\xf3\xf3\x08\x08\xd4\xd4\xd4\xd4\xd4\xea\
\x00\xd4\x81\x05:$3'\x17\x17\x81\x04\x05\x10\x15.\
H\x83\x0e\x02\x09\x10\x10\x10\xff\xff\x1a\x1a\x19\x18\x14\x10\
\x00\x1a\x81\x05\xed\xf8\xf7\xf3\xe2\xe2\x81\x04\xfa\xf3\xf2\xea\
\xeb\x83\x00\x80\x02\x00\x0c\x00\x22\x00\x01\x00\x22\x00\x00\x00\
\x0f\xdd\xd8\xd8\xdd\xdd\xb7\xdd\x0f\x0a\x0a\x0f\x0f\xe9\x0f\x00\
\xd2\x81\x0dH4\x15\x01B%\x08H4\x15\x01B&\
\x08\x83\x0f=\x1c\x1c==)=(\x06\x06((\x14\
(\x00!\x81\x0d\xfc\x02\x06\x0c\xf6\x04\x13\xfc\x02\x06\x0c\
\xf6\x04\x13\x83\x00\x80\x02\x00\x0c\x00\x22\x00\x01\x00\x22\x00\
\x00\x00\x0f\xfb\xfb\x1a\xfb\xfb\xfa\xfa\xc9\xc9\xe8\xc9\xc9\xc8\
\xc8\x00\xbe\x81\x0dH\x08$B\x01\x154H\x08#B\
\x01\x154\x83\x0f\xf4\xf4\x01\xf4\xf4\x0e\x0e\x09\x09\x16\x09\
\x09$$\x00\x0d\x81\x0d\xfc\x13\x05\xf6\x0c\x06\x02\xfc\x13\
\x05\xf6\x0c\x06\x02\x83\x00\x80\x02\x00\x0c\x00\x14\x00\x01\x00\
\x14\x00\x00\x00\x08EZZEE9E\x00Q\x81\x06\
H4\x15\x01B%\x08\x83\x08\x02\xfb\xfb\x02\x02\x0c\x02\
\x00\x0d\x81\x06\xed\xe5\x06\xfe\xe7\xf7\x05\x83\x00\x80\x02\x00\
\x0c\x00\x14\x00\x01\x00\x14\x00\x00\x00\x08\x17\x17#\x17\x17\
\x03\x03\x00'\x81\x06#\xe2\xfe\x1e\xdb\xef\x0f\x83\x08\xed\
\xed\xe7\xed\xed\xf5\xf5\x00\xf0\x81\x06\xc7\xdd\xce\xc1\xd6\xd0\
\xcd\x83\x00\x80\x02\x00\x0c\x00\x16\x00\x01\x00\x16\x00\x00\x00\
\x09\xfe\xfe\xd4\xe1\xe3\xe3\xb8\xc6\x00\xae\x81\x00\x12\x81\x01\
\x12\x12\x81\x00\x12\x83\x09\x05\x05/\x1522\x5cC\x00\
^\x81\x00\xcb\x81\x01\xcb\xcb\x81\x00\xcb\x83\x00\x80\x02\x00\
\x0c\x00\x0e\x00\x01\x00\x0e\x00\x00\x00\x05\xfe\xfe\xd4\xe1\x00\
\xca\x81\x00\x12\x81\x00\x12\x83\x05\x05\x05)\x1a\x00+\x81\
\x00\xcb\x81\x00\xcb\x83\x00\x80\x02\x00\x0c\x00R\x00\x01\x00\
R\x00\x00\x00'\xe7\xed\xee\xf7\xf4\xf6\xf5\xf7\xf9\xfc\xff\
 \x14\x14\x1c$$\x1d\x10\x05\xfe\xfe\xf5\xf8\xf7\xf6\xf4\
\xf1\xf1\xed\xe6\xf5\xf5\xea\xc8\xc8\xcf\xdd\x00\xf6\x81\x0c\xec\
\xec\xec\xed\xc6\xc5\xc5\xc5\xc5\xc5\xd3**\x81\x0e,\x1c\
\x0c\x06\x06\x06\x06\x04,----,\x1f\x81\x05*\
*\xc6\xd6\xe6\xec\x83'\x1f \x19\x16\x1b\x1a\x16\x16\x09\
\x0a\x09\x0b\x14\x14\x0e\x0f\x0f\x12 0.7946\
98EEGF99C@@>0\x00Q\x81\
\x0c\xc3\xc3\xc3\xc2\xec\xec\xed\xed\xed\xd7\xce\xdd\xdd\x81\x0e\
\x09\x07\x07\x09\x09\x09\x0a\x09\xe0\xe1\xe0\xe0\xe0\xf4\xfe\x81\
\x05\xdd\xdd\xc4\xc5\xc5\xc3\x83\x00\x80\x02\x00\x0c\x00\x06\x00\
\x01\x00\x06\x00\x00\x02\x01\x01\x02\x01\xf4\xe8\x01\xcf\x00\x01\
\x1e;\x01\xdd\x00\x80\x02\x00\x0c\x00\xbc\x00\x01\x00\xbc\x00\
\x00\x00\x02\xe5\xef\xfb\x83?\xf8\xe8\xcb\xb4\xb2\xad\xa9\xa4\
\xa0\x9c\x94\x98\xb3\xd2\xda\xde\xe1\xe5\xdc\xcc\xcc\xd7\xdd\xdc\
\xdc\xdc\xe1\xe2\xdd\xd3\xd6\xd7\xd9\xdb\xd9\xb3\xbe\xbd\xc0\xc8\
\xcf\xc0\xb5\xb7\xbf\xc2\xc6\xc1\xb8\xb4\xba\xc3\xcc\xd0\xd0\xd0\
\xd0\xdb\xe7\xef\xeb\xdf\xe7\xee\x15\xe9\xe2\xdd\xe0\xe0\xbd\xca\
\xda\xe3\xe5\xdf\xcf\xc6\xc3\xb7\xac\xac\xac\xb7\xc0\x00\x9d\x81\
?##\x19\x12\x1d2%\x11\x05\xfe\xff\x00\x0c\x13\x03\
\xe7\xd5\xe1\x03!!! \x1f\x22\x1a\x17\x19\x1c\x12\x0b\
\x13 \x1e\x0f\x01\x01\x01\x02\x03\x01\x04\x04$\x1b\x0f\x0a\
\x0a\x0a\xf5\xdf\xdc\xee\x1c<9*)(,13/\
\x0e\x1a\xf0\xe9\xf0\xf9\xf9\xf9\xfb\xfa\xf7\x1e##\xf0\xed\
\xf9\xfa\x19!&&&*#\x13\xfc\xf1\xf3\x83?\x02\
\xe8\xd7\xdd\xf2\xfe\x09\x10\x14\x19 .@FA95\
694+,\x22\x14\x0c\x07\x00\x0c\x06\xf9\xf3\xf5\xf7\
\xf0\xe6\xe4\xeb\xf9\xff\xf8\xf4\xf4(675/*\x1e\
\x13\x10\x13\x17\x1e'(#\x1b\x13\x14\x1a\x1b\x13\x0b\x1c\
\xf8\xea\xe7\xf6\x09\x05\x10\x1b\x19\x18\x17\x09\x19\x08\x04\x01\
\xfd\x03\xfb\xfb\xfb\x0d\x1e\x1d\x1d\x1b\x19\x00.\x81\x08\x08\
\x08\x17-@E%\x07\xfe\x83?\xfb\xeb\xda\xed\xff\x03\
\x02\x02\x02\xfb\xf2\xf0\xf5\x08\x08\x08\x0c\x18#\x17\x0b\x08\
\x09\x09\x09\xf5\xe0\xdc\x0b\x0b3;3%!\x1c\x0d\xfc\
\xea\xe3\xef\xf6\xf6\xf3\xf3\xf3\xf7\x07(CA7*\x1f\
\x17\x17\x17\x1a\x1d\x1d\x08\x0b\x08\x22\x0d\x1f\xf9\xd5\xd8\xde\
\xe1\xe1\xe1\xec\x09#&(%\x83\x00\x80\x02\x00\x0c\x00\
\x96\x00\x01\x00\x96\x00\x00\x00?\x11\x07\x00\xff\xff\xff\xf4\
\x11\x01\xfe\x06\x06\x06\x06\x05\x04\x06\x01\xfa\xfa\xfa\xff\xf5\
\xde\x14 3=:\x01\x01\x01\xfa\xee\xfd\x01\x03\x03\x01\
\xfd\xfb\x03\x0a\x0c\x0e\x0d\x0d\x11\x14$3\xfd\xd9\xc9\xc9\
\xc9\xd8\xf7\xf0\x02 111\x08\x18\x02\xea\xcf\xcf\xcf\
\xd8\x00\xfc\x81?\xfe\xfe\x03\x06\x02\xec\xed\x0d %\x17\
\x0f\x0f\x09\x02\x02\x02\x04\x08\x0b\x17$\x1d\x0c\xb6\xbd\xd7\
\xea\xeb\xeb\xf0\xec\xdf\xd7\xc3\xc5\xc5\x02\x02\x03\x04\x06\x00\
\xfb\xff\x02\xfe\xd2\xd2\xce\xdb3\x12\x05\x01\xf8\xe2\xd2\xf3\
\xff\x07\x0a\x0d\x1e\x06---\x1f\x10\x10\x10\x83?\xfe\
\xfd\xf5\xed\xed\xed\xe9\xea\xe8\xeb\xf1\xf1\xf1\xf0\xf1\xf5\xf8\
\xf9\xf8\xf8\xf8\xfc\x03\x07\xec\xea\xe8\xe4\xe2\xe6\xe6\xee\xf7\
\xf7\xf4\xef\xea\xea\xe7\xe0\xdc\xe0\xdf\xde\xe1\xe3\xf1\x04\xf4\
\xe5\xdf\xf8\xfa\x03\x03\x03\x07\x08\xfe\xf7\xec\xe5\xe5\xe5\x08\
\xed\xf7\x06\x0a\x0a\x0a\x03\x00\xdc\x81?\xfd\xfd\xfd\x02\x09\
\x09\x0c\x14\x14\x14\x0e\x06\x02\x02\x05\x05\x05\xfe\xf3\xef\xec\
\xf7\x05\x05\x13\x0e\x14\x1c\x1a\x1a\x06\x02\x05\xfd\x00\x07\x05\
\xfc\xfb\xf9\xf9\xf8\xf4\xf1\xf2\xf4\xfd\x11\x11\x03\xff\xf7\xf3\
\x05\x10\x0d\x0e\x11!\x1b\x0f\xff\xf2\xef\x06\xea\xea\xea\x00\
\x06\x0b\x17\x83\x00\x80\x02\x00\x0c\x00#\x00\x01\x00 \x00\
\x00\x00\x10\x02\x02\xfa\xfb\xfb\xfb\xf2\xec\xf1\xe8\xe8\x0d\x0d\
\xde\xde\x00\xf4\x81\x06\x02\x18\x17\x11\x0b\x00\xfd\x82\x04\x02\
\x02\x0f\x0f\x02\x83\x10\xf5\xf5\xfa\x03\x03\x03\x0d\x13\x0f\x18\
\x18\x0c\x0c\x08\x08\x00\x1d\x81\x80\x05\xe7\xe9\xf0\xf4\xfe\x03\
\x84\x01\xd6\xd6\x84\x80\x02\x00\x0c\x00\x9a\x00\x01\x00\x9a\x00\
\x00\x00\x02\xee\xf4\xfc\x81?\xd8\xd9\xe0\xea\xef\xfb\x08\x07\
\x06\x04\xf3\xda\xde\xe5\xfa\xfa\xfa\x03\x00\x04\x0e\x0e\x0e\x03\
\xf3\xeb\xe3\xd6\xce\xcf\xf6\xf6\xf3\xee\xea\xe4\xd6\xd6\xd6\xdf\
\xed\xf7\xdd\xe0\xe6\xe3\xe0\xd8\xdb\xd4\xd0\xd1\xd3\xe1\x05\x09\
\x14\x18\x1b\x0c\xfb\xd8\xca\xc1\x05\xc1\xc1\xc2\xc9\x00\xd5\x81\
?\xff\xff\x01\x02\x01\xf3\xe6\xd8\xd1\xd1\xd1\xe2\xeb\xeb\xf2\
\x0c*EHA*&\x1b\x17\x1c\x18\x0f\x07\x01\x01\x01\
\x01\xff\x02\x0a\x18\x1b&---%\x19\x14\x04\xf2\xe7\
\xe5\xdb\xda\xd5\xd7\xe6\xe8\xe7\xea\xef\xfb\xff\xca\xcc\xd1\xd5\
\xe6\x08\xf7\x09332,*%\x1a\x83?\x13\x10\x0b\
\x07\x05 \x1f\x1e\x1b\x16\x13\x0c\x0b\x0a\x02\xf2\xe6\x01\x01\
\x03\x06\x0a\x0d\x08\x07\x01\xfe\xfc\x04\x11\x14\x17 (*\
\x11\x12\x15\x18\x1a\x1f\x22\x22\x22/=@\x0a\x0f  \
 \x1c\x1a&'''\x22\x11\x0e\x07\x07\x06\x0a\x0a\x0c\
\x13\x11\x18\x18\x18\x10\x0f\x00.\x81?\x02\x02\x04\x08\x0d\
\x0e\x12\x18\x1b\x1b\x1b\x17\x10\x13\x16\x19\x1f\x0c\x0b\x0e\x09\
\x03\xfc\xf6\xf4\xfc\xfa\x03\x0f\x15\x15\x15\x13\x0c\x04\x05\x06\
\x03\xfd\xfc\xfb\x05\x0b\x03\xfc\xf9\xf7\x1d\x1b\x1c\x1a\x1f(\
\x22\x19\x12\x10\x12\x02$$\x18\x10\x07\x08\xfa\xf7\xee\xf2\
\x01\x0a\x10\x1b\x1d\x83\x00\x80\x02\x00\x0c\x00\x80\x00\x01\x00\
\xa6 \x00\x00\x93<\xf2\xf7\x00\x07\x0b\x0b\x0b\x0b\x0b\x01\
\xf2\xef\xe5\xdd\xdd\xdd\x13\x13\x13\x0a\xfa\xf0\xe3\xd6\xd1\xd1\
\xd1\xd1\xd4\xe2\xf1\xff\x0d\x13\x13\x13\xdd\xdd\xdd\xe9\xf4\xfe\
\x02\x07\x0a\x0b\x0b\x0b\x0a\x07\x02\xfe\xfa\xf6\xf2\xf0\xf0\xf0\
\xf2\xf6\xfa\x83\x93<\xfc\xfc\xfe\x00\xff\xfc\x07\x18\x19\x0f\
\x0f\x0f\x08\x06\x0b\x0b\x0b\x0b#4666*\x0f\xf6\
\x10\xff\xe4\xd4\xd4\xd4\xd8\xf0\x10\x0b\x0b\x0b\x09\x02\xfc\xf2\
\xf2\xf4\xf9\xfd\x01\x03\x08\x0b\x0e\x0e\x0e\x0b\x08\x03\x01\xfd\
\xf9\xf4\xf2\x8365\x02\x01\x01\x02\x02\x01\x04\x02\x01\x01\
\x01\x01\x01\x01\x01\x01\x01\x01\x01\x01\x01\x01\x01\x01\x01\x01\
\x01\x02\x01\x01\x01\x01\x02\x01\x02\x01\x02\x01\x02\x01\x01\x01\
\x02\x01\x01\x01\x01\x04\x01\x01\x07\x03\x01\x055\x0c\x0d\x0e\
\x0e\x0c\x0c\x08\x07\x07\x07\x09\x0b\x09\x11\x0a\xfa\xec\xec\xec\
\xec\x02\x12\x09\x06\x18..\xed\xed\xed\xf0\xfb\x18%(\
(#\x16\xf8\xed\xed\xed...\x19\x06\x09\x09\x09\x09\
\x09\x09\x165\xfd\xfd\xfb\xfa\xf8\xf7\xf9\xfb\xfb\xfd\xfd\xfe\
\xff\xff\xf7\xe9\xd6\xcc$\x14\xfb\xee\xee\xee\xf3\xfd\x03\xe5\
\x04\xf3\xdd\xd2\xd2\xdf\x16\xdd\x12\x1c\x1c\x0d\xf7\xed\x0e\xe8\
\xec\xf7\xff\xfa\xf9\xfa\xf8\xfa\xf9\x00\x00\x80\x02\x00\x0c\x00\
R\x00\x01\x00j \x00('\x01\x03\x04\x03\x01\x02\x02\
\x05\x01\x01\x01\x03\x01\x03\x01\x01\x03\x01\x01\x03\x01\x01\x01\
\x01\x01\x01\x01\x01\x01\x01\x01\x02\x01\x01\x01\x01\x01\x02\x01\
\x03'\xf6\xf4\xf5\xf8\xf8\xf9\xf9\xfd\x05\x0b\x0d\x0b\x05\xf1\
\xe9\xe3\xe1\xe3\xe9\x0b\x17\x13\x03\xf7\xf7\xf7\xfb\xea\xf1 \
\x13\xde\xde,,''$\x1a\xed'\x01\x04\x08\x08\x08\
\x05\x05\xf0\xf3\xf9\x01\x12\x17\x1b\x17\x12\x01\xf9\xf3,,\
,%#-+\x14\x1a\xde\xde&\xde\x14\x14\x14*+\
FF\x00\x22!\x02\x01\x02\x07\x03\x01\x09\x07\x01\x03\x01\
\x01\x03\x01\x01\x01\x01\x01\x01\x01\x01\x01\x01\x01\x02\x01\x01\
\x01\x01\x01\x01\x01\x01\x03!\x02\x02\x02\x02\x01\x01\xfe\x03\
\x03\x04\x03\x03\xf1\xfb\xfa\x00\x09\x09\x09\x19\x16\x0e\xe5\xf6\
\x17\x17\x0c\xf9\xee\xee\xee\xf5\x01\x02!\xff\x00\xff\xff\xff\
\x00\xff\xfd\xfe\x00\x01\x02\xf2\xf2\xf2\xfd\x05\x02\x05\x07\x04\
\x09\x09\xfe\x09\x0d\x0d\x0d\x0c\xf7\xec\xe3\xe3\x00\x80\x02\x00\
\x0c\x00\x1e\x00\x01\x00 \x00\x00\x0e\x0d\x00\x02\x01\x01\x02\
\x02\x01\x01\x01\x03\x02\x02\x02\x02\x0d\xd9\xc0\xd7\xe8\xd4\xeb\
\xce\xdb\xc2\xef\xe2\xd7\xcd\xd1\x0d\x04\x00\xcc\x00\x04R\x04\
\x04M\x1c\x00\x1c\x04\x00\x0c2_R?sTZI\
O\x11\x03=.@\x00\x86\x0d\xce\x00\x07\x00\xce\xd5\xce\
\xce\xd8\xe5\x00\xe5\xce\x00\x80\x02\x00\x0c\x00>\x00\x01\x00\
>\x00\x00\x00\x1d\xe1\xf3\x01\x03\x03\x03\x01\xf3\xe1\xce\xc1\
\xbe\xbe\xbe\xc1\xce\xe1\xdb\xe5\xe5\xe5\xda\xe0\xe7\xdd\xdd\xdd\
\xe7\x00\xc0\x81\x1bEE8(#\x1e\x0e\x01\x01\x01\x0e\
\x1e#(8E\x22\x22\x19\x22+$$$+\x22\x19\
\x22\x83\x1d+\x22\x14\x0b\x0b\x0b\x14\x22+4DMM\
MD4+27772+&   &\x00\
W\x81\x1b\xc7\xc7\xd1\xdf\xe5\xec\xfb\x04\x04\x04\xfb\xec\xe5\
\xde\xd1\xc7\xd8\xd8\xe0\xe5\xe9\xf1\xf1\xf1\xea\xe5\xe0\xd8\x83\
\x00\x80\x02\x00\x0c\x00\x0e\x00\x01\x00\x09\x00\x00\x00\x05\xec\
\xf1\xc7\xcf\x00\xb3\x81\x00\x02\x81\x00\x02\x83\x80\x04\x02&\
\x15\x00&\x81\x87\x80\x02\x00\x0c\x00\x16\x00\x01\x00\x16\x00\
\x00\x00\x09\xec\xf1\xc7\xcf\xbd\xc2\x98\xa0\x00\x84\x81\x00\x02\
\x81\x01\x02\x02\x81\x00\x02\x83\x80\x08\x02&\x15\x11\x137\
&\x007\x81\x00\xf1\x81\x01\xf1\xf1\x81\x00\xf1\x83\x00\x80\
\x02\x00\x0c\x00\x08\x00\x01\x00\x08\x00\x00\x03\x02\x01\x02\x02\
\x02\x08\xd6\xdd\x80\x01\x07\x00\x02\xfb\x1d\x17\x80\x01\xe0\x00\
\x00\x80\x02\x00\x0c\x00\x0c\x00\x01\x00\x0c\x00\x00\x05\x04\x01\
\x02\x02\x02\x02\x04\x0c\xe5\x0c\xe5\xf0\x80\x03\xf7\xef\xe5\x00\
\x04\xf4\x10\xf4\x10\x05\x80\x03\x02\xe3\xe4\x00\x00\x80\x02\x00\
\x0c\x00\x0f\x00\x01\x00\x0f\x00\x00\x07\x06\x01\x02\x02\x02\x02\
\x02\x02\x06\x05\xe7\x05\xd0\xec\xd0\xd5\x04\x11\xe8\xef\xe8\x11\
\x81\x06\x04\xf5\x04\x1e+\x1e!\x04\xd2\xe0\x05\xe0\xd2\x81\
\x00\x80\x02\x00\x0c\x00Z\x00\x01\x00\x5c\x00\x00\x00*\x08\
\x0a\x0d\x0d\x0d\x0d\x0d\x0d\x0c\x04\xfa\xf5\xf1\xe9\xe9\xe9\xef\
\xf5\xfe\x09\x07\x03\x01\x01\x01\xfc\xf8\xf6\xf1\xf1\xf6\xf6\xf6\
\xf6\xf6\xfd\x02\x05\x0b\x0a\x00\x02\x06\x83\x05\xfd\xfd\xfe\xfe\
\xff\xff\x81\x08\xfb\xf5\xf1\xf1\xf1\xf2\xf5\xf7\xfd\x81\x0a\xf3\
\xf7\xf4\xf6\xfb\x01\x07\x07\x07\x03\xff\x81\x0a\xff\xfe\xf4\xeb\
\xeb\xeb\xf0\xf3\x00\xfe\xfd\x83,J>***)(\
%'4GP\x5cmmme[ \x13?DG\
GGJKKKKOPPPPRTTW\
Xc^Q\x00s\x81*\xfd\xfd\x08\x10\x0f\x0a\x07\xea\
\xf6\x05\x0c\x0c\x0c\x04\xfe\xfd\x03\x0c\xfd\x14\x17\x0b\xfa\xf6\
\xef\xe8\xe8\xe8\xe9\xea\x0b\x0e\x15\x17\x1a\x1b\x1b\x1b\x18\x17\
\x00\xfd\xfd\x83\x00\x80\x02\x00\x0c\x00\x17\x00\x01\x00\x17\x00\
\x00\x0b\x0a\x01\x02\x02\x02\x02\x02\x02\x02\x02\x02\x02\x0a\x11\
\xfa\x11\xfa\x11\xde\xf3\xde\xf3\xde\xee\x08\x07\xe5!\x00\xee\
\x00!\xe5\x07\x81\x0a\x02\xfb\x02\xfb\x02\x1d#\x1d#\x1d\
\x1d\x08\xf2\x02\xea\x01\x05\x01\xea\x02\xf2\x81\x00\x80\x02\x00\
\x0c\x00W\x00\x01\x00W\x00\x00\x00+\x0a\x0a\xe6\x15\x15\
\xe9\xe9\x0c\xdc\xdc\xed\xee\x05\x05\x05\x05\xee\xed\xea\xd3\xd3\
\xd3\xd3\xea\xed\xf8\x00\x02\x02\x02\x02\x00\xf8\xed\xe1\xd7\xd5\
\xd5\xd5\xd5\xd7\xe1\x00\xe8\x81\x82@\xff\x7f\x83!t\x00\
\xec\xec\xf4\xfa\xfc\x02\x0a\x0a\x0a\x03\xfc\xfa\xf4\xec\xcb\xcb\
\xd6\xec\xfb\xfc\x0a +++\x1f\x0b\xfc\xfb\xec\xd7\xcb\
\x83\x0b\xf3\xf3!\xe5\xe5\x1d\x1d\xf1..\x1f\x1b\x83\x1b\
\x1b\x1f#>>>>#\x1f\x11\x04\x02\x02\x02\x02\x04\
\x11\x1f.:<<<<:.\x00:\x81\x82@\x00\
\xa6\x83@\xffj\x80\x1f\x0c\x0c\x03\xfb\x1e\x15\x0d\x0d\x0d\
\x16\x1e\xfb\x02\x0c77(\x0c\xf9 \x0c\xf1\xe2\xe2\xe2\
\xf0\x0d \xf9\x0d)7\x83\x00\x80\x02\x00\x0c\x00\x05\x00\
\x01\x00\x05\x00\x00\x00\x81\x00\xdd\x81\x84\x81\x00H\x81\x84\
\x00\x80\x02\x00\x0c\x00f\x00\x01\x00f\x00\x00\x001\xf3\
\xf3\xee\xee\xf3\xf3\xee\xee\xf5\xfb\x05\x0a\x0a\x0a\x0a\x07\xfe\
\xf5\xf0\xe7\xe2\xe2\xe2\x19\x19\x19\x0c\xfa\xf4\xea\xd8\xcf\xcf\
\xcf\xcf\xd3\xe3\xf4\xfc\x0e\x19\x19\x19\xe2\xe2\xe2\xe6\xee\x00\
\xe6\x81\x80\x03\x1d\x1d\x00\xef\x81(\xef\xfe\xfe\xf8\xed\xe5\
\x1f\x13\x06\x02\x02\x02\x02\x03\x07\x1e\x1e\x0e\x1b'--\
-&\x1b\x14\xef\xf0\xe2\xd2\xd2\xd2\xd7\xe2\xe9\xde\xde\xf2\
\xf7\xfc\xfe\x831\x0f\x0f\x1f\x1f\x0f\x0f\x1f\x1f\x1a\x14\x08\
\x01\x01\x01\x01\x08\x14\x1a(4777\xf3\xf3\xf3\xf7\
\x07\x19->DDDD9&\x19\x07\xf7\xf3\xf3\xf3\
7772%\x000\x81\x80\x03\x1e\x1e\x00\xdf\x81(\
\xdf\xfd\xfd\xf8\xf7\xfe\x04\x06\x05\x04\x04\x04\x01\xff\x03\xfd\
\xfd\x15\x00\xe7\xde\xde\xde\xe9\x07 \xe4\x06 ###\
\x17\xfd\xe5\xfe\xfe\xf4\xf9\xfd\xfd\x83\x00\x80\x02\x00\x0c\x00\
`\x00\x01\x00`\x00\x00\x00.\xf8\xf8\xf9\xff\x03\x03\x03\
\x03\x04\x02\xfd\xfd\xf7\xf7\xef\xe2\xdb\xdb\xdb\x0a\x0a\x0a\x01\
\xf3\xeb\xde\xd2\xcd\xcd\xcd\xcd\xd6\xeb\xf7\x05\x0a\x0a\x0a\xdb\
\xdb\xdb\xe5\xf1\xf2\xf2\x00\xf7\x81,\xdf\xfe\xfc\xff\xff\xfb\
\xfe\x0d\x0f\x06\x03  \x01\xfe\xf6\xf3\xfc\x07\x07\xfb\x10\
#(((\x1b\x02\xee\x0e\xfa\xd8\xd8\xd8\xe1\xfb\x17\xfe\
\xfe\x11\x12\x0b\x01\xff\xdf\x83.\x22\x22#\x10\xfb\xfb\xfb\
\xfb\x0e!!!))#/???\x02\x02\x02\x03\
\x0d\x19'22222+\x18\x09\x00\x02\x02\x02?\
??0%**\x00E\x81,\xcb\xfd\xfb\xef\xe0\xd9\
(\x1f\x0f\x05\x0355\x02\x00\x01\x06\x0a\xef\xef\x0a\xfc\
\xe9\xde\xde\xde\xea\x05\x1c\xea\x0c###\x15\x00\xf8\x12\
\x12\xf4\xf7\xfe\x01\xfe\xcb\x83\x00\x80\x02\x00\x0c\x00f\x00\
\x01\x00f\x00\x00\x001\xf5\xfb\x05\x0a\x0a\x0a\x0a\x07\xfe\
\xf5\xf0\xe7\xe2\xe2\xe2\x19\x19\x19\x0c\xfa\xf4\xea\xd8\xcf\xcf\
\xcf\xcf\xd3\xe3\xf4\xfc\x0e\x19\x19\x19\xe2\xe2\xe2\xe6\xee\x05\
\xf6\xf1\x00\x01\xf2\xed\xfc\x00\xe6\x81/\xfe\xfe\xf8\xed\xe5\
\x1f\x13\x06\x02\x02\x02\x02\x03\x07\x1e\x1e\x0e\x1b'--\
-&\x1b\x14\xef\xf0\xe2\xd2\xd2\xd2\xd7\xe2\xe9\xde\xde\xf2\
\xf7\xfc\xfe\xef\x1d\x1d\xef\xef\x1d\x1d\xef\x831\x1a\x14\x08\
\x01\x01\x01\x01\x08\x14\x1a(4777\x12\x12\x12\x0b\
\x0c\x19&)%%%%$\x1f\x19\x0d\x0c\x12\x12\x12\
7772%\x08\x1c,\x18\x11%5!\x000\x81\
/\xfc\xfc\xf7\xf7\xfe\x03\x05\x04\x03\x03\x03\x00\xfe\x02\xfc\
\xfc\x14\x08\xee\xdd\xdd\xdd\xf0\x0f\x1f\xe3\xfd\x18\x22\x22\x22\
\x0f\xf3\xe4\xfd\xfd\xf4\xf9\xfc\xfc\xdf\x1e\x1e\xdf\xdf\x1e\x1e\
\xdf\x83\x00\x80\x02\x00\x0c\x00%\x00\x01\x00\x1c \x00\x19\
\x18\x00\x01\x07\x01\x01\x02\x01\x02\x06\x03\x01\x01\x02\x04\x01\
\x02\x02\x01\x03\x01\x03\x01\x03\x01\x03\x18\xee\xef\xee\xef\xee\
\xee\xef\xee\xee\xef\xee\xef\xee\xee\xef\xee\xf2\xf9\xfc\xf9\xea\
\xe3\xe0\xe3\xda\x8f\x08\xf1\xf6\x04\x0a\x0e\x0a\xfc\xf6\x00\x08\
\x07\x00%\x04\x01\x04\x01\x04\x02\x07\x02\x02\x00\x01\x03\x04\
\x02\x05\x80\x06\x02\x00\xfe\xfe\x00\x02\x00\x80\x02\x00\x0c\x00\
p\x00\x01\x00p\x00\x00\x006\xf1\xf1\xfa\x06\x03\xce\xd2\
\xda\xe6\xf0\x00\x18\x18\x18\x13\x07\xfb\xfc\x00\x02\x02\x02\xfb\
\xf1\xf1\xec\xec\xe8\xe5\xe6\xe7\xe6\x18\x17\x0b\xfe\xf7\xea\xcf\
\xcf\xcf\xd0\xd5\xde\xe1\xe2\xe2\xe2\xe2\xe4\xe9\xec\xec\x00\xd8\
\x814\xef\xfe\xfe\xee\xe5\xd9\xcf\xcd\xd3\xd3\xd3\xde\xf6\xf4\
\x06\x15010%\x17\x0d\x01\x01\x1d\x1d\x01\x02\x08\x0d\
\x0c\x08\x17(/+-/\x22\x10\x16\x0b\x03\xeb\xe6\xe3\
\xe8\xf0\xef\xf6\xfd\xfe\xef\x83\x16\xf1\xf1\xf1\xee\xef$\x22\
\x1d\x0c\xf7\xe7\xcb\xcb\xcb\xce\xcb\x0c\x08\xfa\xed\xed\xed\xf8\
\x81\x1d\x10\x10 '\x1f\x13\x10\xd5\xd7\xe2\xfa\x0d\x1e5\
55MN\x09\x0d\x11\x12\x12\x12\x10\x09\x02\x02\x00\xfa\
\x814\xdf\xfd\x00\xf9\x12\x0e\x05\x15,,,!\x08\x03\
\x05\x06\xcb\xce\xd3\xdf\xeb\xf3\xfe\x02\x1e\x1e\x03\x03\xf1\xe0\
\xde\xef\xf6\xf2\xe3\xd6\xd8\xdb\xdb\xf2\xe7\xdb\xdb\x18\x14\x11\
\x0d\x08\x0a\x05\xfe\xfd\xdf\x83\x00\x80\x02\x00\x0c\x00v\x00\
\x01\x00v\x00\x00\x00\x05\xf5\xfb\x05\x0a\x0a\x0a\x81\x01\x0a\
\x0a\x81-\x0a\x0a\x0a\x07\xfe\xf5\xf0\xe7\xe2\xe2\xe2\x19\x19\
\x19\x0c\xfa\xf4\xea\xd8\xcf\xcf\xcf\xfa\xfa\xcf\xcf\xfa\xfa\xcf\
\xcf\xcf\xd3\xe3\xf4\xfc\x0e\x19\x19\x19\xe2\xe2\xe2\xe6\xee\x00\
\xf0\x817\xfe\xfe\xf8\xed\xe5\x09\x09\xee\xee\x1e\x1e\x02\x02\
\x1f\x13\x06\x02\x02\x02\x02\x03\x07\x0e\x0e\x0e\x1b'--\
-&\x1b\x14\x02\x02\x1e\x1e\xee\xee\x09\x09\xef\xf0\xe2\xd2\
\xd2\xd2\xd7\xe2\xe9\xed\xed\xf2\xf7\xfc\xfe\x839$\x1d\x12\
\x0a\x0a\x0a\x12\x12\x0a\x0a\x12\x12\x0a\x0a\x0a\x12\x1d$2\
>@@@\xfc\xfc\xfc\x00\x10#7HNNNR\
RNNRRNNNC0#\x11\x00\xfc\xfc\xfc\
@@@;/\x00?\x817\xfd\xfd\xf8\xf7\xfe\x0f\x0f\
\x0c\x0c\xe4\xe4\xe0\xe0\x04\x06\x05\x04\x04\x04\x01\xff\x03\xfc\
\xfc\x15\x00\xe7\xde\xde\xde\xe9\x07 \xe0\xe0\xe4\xe4\x0c\x0c\
\x0f\x0f\xe4\x06 ###\x17\xfd\xe5\xe9\xe9\xf4\xf9\xfd\
\xfd\x83\x00\x80\x02\x00\x0c\x00\x11\x00\x01\x00\x11\x00\x00\x08\
\x07\x01\x02\x02\x02\x02\x02\x02\x02\x07\x09\xeb\x0c\xea\xd1\xf8\
\xd1\xf8\x05\xfe'\x00&\xee\x14\x81\x07\xfc2\xfd\x22?\
9?+\x05\xfb\xec\x00\xd8\x1a\xed\x81\x80\x02\x00\x0c\x00\
l\x00\x01\x00l\x00\x00\x001\xf5\xf5\xf0\xf0\xf5\xf5\xf0\
\xf0\xfc\xfb\x02\x0a\x0a\x0a\x0a\x06\xfd\xf6\xf1\xe5\xde\xde\xde\
\x14\x14\x14\x0a\xfb\xf4\xeb\xda\xd0\xd0\xd0\xd0\xd7\xe5\xf2\xfc\
\x07\x0c\x0c\x0c\xf2\xf2\xd9\xd9\xfd\x00\x01\x81\x00\xe7\x81\x80\
\x03\x1d\x1d\x00\xef\x81&\xef\xff\xff\xfd\xf1\xe1*\x18\x07\
\x02\x02\x02\xfd\xfe\x07\x09\x09\x0f\x16$---*\x22\
\x1b\xe6\xe5\xdc\xd2\xd2\xd2\xd6\xda\xd8\x17\x17\xf1\xf1\x81\x02\
\xfe\xfc\xff\x834\x0f\x0f\x1f\x1f\x0f\x0f\x1f\x1f\x0f\x07\x01\
\x01\x01\x01\x01\x08\x14\x1b)3555\xf0\xf0\xf0\xf7\
\x09\x1b0CGGGGA.\x1d\x0d\xfb\xf5\xf5\xf5\
\x13\x1300\x01\x02\x02\x08\x00/\x81\x80\x03\x1e\x1e\x00\
\xdf\x81&\xdf\xfe\xfe\x03\x06\x02\x03\x00\x01\x04\x04\x04\xfb\
\xfa\x03\xed\xed\x16\xfb\xe4\xde\xde\xde\xed\x0e'\xdc\xfb\x1a\
###\x17\xf5\xd3\xfa\xfa\x13\x13\x81\x02\xe6\xf1\xfe\x83\
\x00\x80\x02\x00\x0c\x00q\x00\x01\x00r\x00\x00\x00\x81\x01\
\xe2\xe2\x811\xe2\xe2\xfc\xff\x05\x09\x09\x09\x0a\x0d\x16\x1b\
\x1c\x1c\x1c\x02\xf4\xee\xdf\xd5\xd3\x05\x04\x03\x03\xfc\xf5\xed\
\xe9\xe9\xe9\xed\xf0\xe4\xd9\xd3\xd3\xd3\xea\xfb\x04\x11\x19\x1d\
\xe8\xe7\xec\xf5\x00\xeb\x815\x05\xec\xec\x05\x0a\xf1\xf1\x0a\
\xff\xff\xf7\xef\xf0\xe5\xe3\xeb\x03\x0c\x16\x10\x22---\
1(\x17\x08\x0c\x0b\x06\x02\x02\x02\x0e\x17,30\x15\
\x06\xf4\xf6\xde\xd3\xd3\xd3\xcd\xcf\xd9\xe5\xeb\xf7\xff\x837\
\xfe\xfe--\xfe\xfe--\x14\x0c\x04\x02\x02\x02\x06\x0c\
\xc6\xcc\xdf\xdf\xdf\xf7\x08\x1b1=?\x05\x01\xf3\xeb\xf1\
\x02\x13'''\x0e\x08JGIII,\x1d\x08\xf7\
\xf3\xf1&'#\x1a\x00)\x815\xed\xf1\xf1\xed\x08\x0c\
\x0c\x08\xfd\xfd\x05\x0b\x08\x10\x13\x18\xdb\xe1\xea\xf2\xdb\xd8\
\xd8\xd8\xe4\xf2\xf6\xef\xde\xde\xf1\x04\x04\x04\xf9\xeb\xdf\xcf\
\xcb\x06\x05\x03\x08!,,,\x15\x05\x0e\x12\xfe\xf7\xfd\
\x83\x80\x02\x00\x0c\x00\x19\x00\x01\x00\x1c\x00\x00\x00\x82\x0b\
\xc7\xc7\xc7\x1f\x1f\xec\xec\x1f\x1f\xb9\xb9\x00@\xfft\x81\
\x89\x03\x14\xeb\xeb\x14\x83\x03'N'Y@\x00\x80\x0a\
Y\x1b\x1bNN\x16\x16pp\x00/\x81\x89\x03\xf8\x08\
\x08\xf8\x83\x80\x02\x00\x0c\x00J\x00\x01\x00J\x00\x00\x00\
#\x0e\x0e\x11\x11\x11\x10\x0c\x03\xfb\xfa\xf0\xe6\xe6\xe6\x0d\
\x0d\x0a\x01\xfa\xea\xdc\xdb\xdb\xdb\xe4\xe4\x0e\x0e\xf0\xf0\x0e\
\x0e\xf0\xf0\x00\xdb\x81\x80 \xe5\xd7!!\x19\x0b\x02\x02\
\x02\x04\x09\x0e\x1b\x1b-5000'\x0b\xef\xd6\xd6\
\x001\x08\x081\x13\xea\xea\x13\x83#\x13\x13\x14\x14\x14\
\x16\x1b%/GXYYY\x1a\x1a\x1e'09B\
FGGTT\x13\x13FF\x13\x13FF\x00\x5c\x81\
\x80 &(\x0d\x0d\x0b\x06\x04\x04\x04\xf7\xe2\xd5\xde\xde\
\xde\xd9\xd2\xd2\xd2\xda\xdc\xd399\x00\xf5\x05\x05\xf5\xfe\
\x0d\x0d\xfe\x83\x00\x80\x02\x00\x0c\x003\x00\x01\x004\x00\
\x00\x00\x11\x0c\x0c\xd1\xd1\x0e\x12\x1e'''\xec\xec\xec\
\xf5\x03\x09\x0e\x0e\x81\x01\x0e\x0e\x82\x00\xf6\x81\x82\x0a\xda\
\xda\xda\xe2\xe3\xd9\xef\xef\xe8\xf9\x02\x81\x07\xf6\xcf\xd9\x00\
\xe1\xba\xc4\xeb\x83\x0f\xfd\xfd??\x1b\x06\xf6\xf4\xf4\xf4\
:::7'\x13\x81\x01\x17\x17\x81\x03\x17\x17\x00;\
\x81\x82\x0a+++\x13\xe7\xca\xf4\xf4\xfb\xf6\xf9\x81\x07\
\x07\x16\x0c\xfd\x15$\x1a\x0b\x83\x80\x02\x00\x0c\x005\x00\
\x01\x005\x00\x00\x00\x1b\x09\x09\x09\x0a\x04\xfb\xee\xe8\xec\
\xec\xec\x1b\x1b\x1b\x0f\xff\xfb\xf4\xe5\xdb\xdb\xdb\x0a\x0a\xec\
\xec\x00\xf5\x81\x80\x08\x1e\x0d\xfa\xf2\xf2\xf2\xfa\x0d\x1e\x81\
\x08\x1a\x1b\x1d\x1d\x1d\x1d\x1e\x1c\x1a\x88\x1b\xfe\xfe\xfe\x06\
\x11\x16\x1a%...\xf1\xf1\xf1\xf3\x01\x16+::\
::!!\x0b\x0b\x00,\x81\x80\x08\xdf\xe8\xec\xea\xea\
\xea\xec\xe8\xdf\x81\x08\xfd\xf2\xda\xc7\xc7\xc7\xda\xf2\xfd\x88\
\x00\x80\x02\x00\x0c\x00H\x00\x01\x00H\x00\x00\x00#\x0c\
\x0c\xfa\xf4\x12\x00\xe9\xe9\x04\x0e\xdf\xe9\x0c\x0c\xe9\xe1\xfd\
\xfa\xe9\xe9\xf7\x01\xee\xf0\x0c\x0c\xea\x17\x17\xe9\xe9\x06\xdc\
\xdc\x00\xf3\x81\x17\x15\xf1\xf1\xfb\xfb\xf1\xf1\x15\x15\x15\x15\
\x15\x0b\xe7\xe7\xe7\xe7\xe7\xe7\x0b\x0b\x01\x01\x0b\x82@\xff\
n\x83@\x00\x84\x84#\xfe\xfe\xf7\xf4\x17\x0d##\xec\
\xed\x10\x10\xfe\xfe\x00\x01\x06\x0a##\x16\x19\x16\x1e\xfd\
\xfd.\xee\xee$$\xf366\x00!\x81\x179LL\
TTLL99HH9\xbd\xd0\xd0\xc0\xc0\xd0\xd0\
\xbd\xbd\xb5\xb5\xbd\x82@\x00\x94\x83@\xff{\x84\x00\x80\
\x02\x00\x0c\x00\x08\x00\x01\x00\x0c\x00\x00\x00\x80\x03\xfb\xce\
\x00\xbc\x81\x86\x80\x00d@\x00\x9b\x80@\x00\xcd\x81\x86\
\x00\x80\x02\x00\x0c\x00S\x00\x01\x00U\x00\x00\x00\x0d\x02\
\x02\xf7\xf7\xf2\xeb\xeb\xeb\xf2\xf9\xfb\xf7\xc7\xc7\x81\x10\xf4\
\xea\x09\xfc\xed\xed\xc7\x10\x10\x17\x1e\x1e\x1e\x13\x0b\x10\xc7\
\x81\x05\xed\xed\x03\x0b\xeb\xed\x83\x83$\x06\x19-<H\
IFFF\x000\x1b\x1b\x1b\x1b\x1b\x1b0\x1f\x1f\x1f\
'..)''''(\x13\x13(((((\
\x83\x0d\xfb\xfb..5;;;0!\x16\x17((\
\x81\x10\x0f\x0c\x05\xfe66(1'\x15\x09\x09\x09\x0f\
\x1f/(\x81\x0766\x00\x06\x0c\x0b\x00\x1d\x81\x83$\
\xfe\xf8\xf1\xd7\xc7\xcc\xd7\xd7\xd7\x00\xe3\xf3\xf3\xef\xef\xf2\
\xf2\xe3\xfe\xfe\xfe\x05\x02\xf5\xd7\xce\xd9\xd9\xd9\xe0\xef\xef\
\xe0\xe0\xe3\xe3\xe0\x83\x00\x80\x02\x00\x0c\x00;\x00\x01\x00\
;\x00\x00\x00\x0c\x02\x02\xf7\xf7\xf2\xeb\xeb\xeb\xf7\xfd\xf7\
\xc7\xc7\x81\x0e\xfd\xfd\xc7\x10\x10\x17\x1e\x1e\x1e\x13\x0b\x10\
\xc7\x00\xfb\x81\x83\x17\x02\x0e\x1e.0(((\x006\
!!6\x01\x01\x01\x0b\x19\x1f $'''\x83\x0c\
\xfb\xfb.07;;;6&\x17((\x81\x0e\x1f\
\x1f(1 \x0f\x09\x09\x09\x09\x18/(\x00E\x81\x83\
\x17\x03\xff\xf5\xe7\xdf\xe2\xe2\xe2\x00\xd9\xe9\xe9\xd9\x09\x09\
\x09\x09\x01\xf4\xe4\xd9\xd9\xd9\xd9\x83\x00\x80\x02\x00\x0c\x00\
W\x00\x01\x00V\x00\x00\x00*\x11\x07\x08\x06\x0b\xf6\xf6\
\xce\xe9\x05\x10\x10\x10\x05\xe8\xce\xf6\xf6\xda\xda\xd1\xef\xdb\
\xd3\xd8\xd8\xd8\xd4\xd5\xe3\xf6\x06\xf8\xe8\xd8\xd3\xda\xf6\xf6\
\xda\xda\x00\xe4\x81\x80\x0f\x1b\x17\x15\x15\x15\xeb\xeb\xeb\xf0\
\xf9\x00\x0e )))\x81\x0b))\x0c\x0c\x14\x12\x04\
\xfe\xff\x03\x09\x09\x82\x06\x0a\x14\x00\x1c\xf3\xf3\x1c\x83*\
\xf7\x10\x12\x0c\x08\x1f\x1f\x1f\x1f\x1f\x1f\x1f\x1f\x1d\x16\x0d\
\x1f\x1fTT\x1f;HTXXXTH1\x1f\x1f\
\x1f5QUC\x1f\x1fTT\x00G\x81\x80\x04\xd8\xdb\
\xdc\xdc\xdc\x82\x07\xf9\xec\xe4\xe2\xde\xdc\xdc\xdc\x81\x0b\xdc\
\xdc\x04\xf5\xe9\xe8\xe7\xe7\xe8\xe8\xe9\xe9\x82\x06\xf1\xdf\x00\
\xd5\xf9\xf9\xd5\x83\x80\x02\x00\x0c\x00M\x00\x01\x00M\x00\
\x00\x00%\x0e\x0e\x11\x11\x0e\x0e\x11\x11\x11\x10\x0c\x03\xfb\
\xfa\xf0\xe6\xe6\xe6\xe6\xe6\x0d\x0d\x0a\x01\xfa\xea\xdc\xdb\xdb\
\xdb\xf0\xf0\xdb\xdb\xe4\xe4\x00\xdb\x81\x80!\xe5\xd7''\
\xfe\xfe!!\x19\x0b\x02\x02\x02\x04\x09\x0e\x15\x1d\x1b\x1b\
-5000'\x0b\xef\xfe\xfe''\xd6\xd6\x84%\
\x13\x13\x14\x14\x13\x13\x14\x14\x14\x16\x1b%/GXY\
YYYY\x1a\x1a\x1e'09BFGGFF\
GGTT\x00\x5c\x81\x80!&(\xdf\xdf\x0e\x0e\x0d\
\x0d\x0b\x06\x04\x04\x04\xf7\xe2\xd5\xd9\xe2\xde\xde\xde\xd9\xd2\
\xd2\xd2\xda\xdc\xd3\x0d\x0d\xdf\xdf99\x84\x00\x80\x02\x00\
\x0c\x00\x10\x00\x01\x00\x10\x00\x00\x07\x06\x01\x02\x02\x02\x02\
\x02\x02\x06\x1e\x05\xfc\xe3\x05\xfc\x01\x02(\x00(\x81\x01\
(\x00\x06\xed\xfc$0\xfc$ \x02\xa8\xd9\xa8\x81\x01\
\xcf\x00\x00\x80\x02\x00\x0c\x00%\x00\x01\x00%\x00\x00\x00\
\x11\xec\xec\x14\x14\xec\xec\x14\x14\x1e\x1e\x05\x05\xfc\xfc\xe3\
\xe3\x00\x01\x81\x00\xe2\x81\x03\xe2\x00\x1e\x1e\x81\x01((\
\x81\x01((\x84\x01\x1f\x1f\x81\x01\x1f\x1f\x81\x09\xed\xed\
\xfc\xfc$$00\x00 \x81\x06\xf1\xe1\xe1\xf1\x00\xf1\
\xf1\x81\x01\xcf\xcf\x81\x01\xcf\xcf\x84\x00\x80\x02\x00\x0c\x00\
4\x00\x01\x004\x00\x00\x00\x1a\xf3\xf3\xfa\xfa\x01\xf8\xec\
\xe5\xf3\xf3\xfa\xfa\x07\xfe\xd0\xf0\x05\xe9\x01\x18\xeb\xea\x0e\
\xf5\xe0\x00\xe9\x81\x0b\x1f\xfb\xfb\x1f\x1f\x1f\x1f\x1f\x1f\xfb\
\xfb\x1f\x82\x03\x87\xf1\xf1\x8a\x83\x00m\x84\x1a\xf0\xf0\xf1\
\xf1\xb7\xb3\x13\x10\xf0\xf0\xf1\xf1\xd5\xf71\x0a\xda\x01\xd3\
\xaf\xe9\x0a\xc0\xec\x1d\x00\xe0\x81\x0b1CC119\
91\xb8\xcb\xcb\xb8\x82\x03n\x02\x02t\x83\x00\x91\x84\
\x00\x80\x02\x00\x0c\x00!\x00\x01\x00!\x00\x00\x10\x0f\x01\
\x02\x02\x02\x01\x01\x01\x01\x01\x01\x01\x02\x02\x02\x02\x02\x0f\
\x04\xf3\x04\xf3\x07\xf8\xc7\xeb\x08\xd5\xcb\xde\xcf\xde\xcf\xdb\
\x04\xf8\xd6\xfe\xdd\xdd\x81\x00\xa1\x81\x03\xdd\xfe\xd6\xf8\x81\
\x0f\xe2\xe7\xe2\xe7\xd8\xf76\x09\xd3\x0b+\x1d\x22\x1d\x22\
\x12\x04\x05\x0f\x10\x1e\x1e\x81\x00P\x81\x03\x1e\x10\x0f\x05\
\x81\x80\x02\x00\x0c\x00\x08\x00\x01\x00\x08\x00\x00\x03\x02\x01\
\x02\x02\x02-\xf8\x13\x02\xef\x12\x00\x02\x01/2\x02\x14\
\xea\x00\x00\x80\x02\x00\x0c\x00\x1d\x00\x01\x00\x1d\x00\x00\x00\
\x0d\xfd3\x07\xd2\x16\x16\xe6\xe6\x1f\x1f\xef\xef\x00\x03\x81\
\x80\x09\x09\x09\x00\x18\x09\x09\x18\x00\xf1\xf1\x84\x0d\xf7\x10\
\x0f\xf4\xf1\xf1\x0c\x0c\xf3\xf3\x0f\x0f\x00\xff\x81\x80\x09\xff\
\xff\x00\xe7\xff\xff\xe7\x00\x18\x18\x84\x00\x80\x02\x00\x0c\x00\
\x09\x00\x01\x00\x09\x00\x00\x00\x05\xf8\x0d\xdf\xcc\x00\xd8\x81\
\x87\x05\x0e,'\x09\x005\x81\x87\x00\x80\x02\x00\x0c\x00\
\x10\x00\x01\x00\x19 \x00\x07\x06\x01\x02\x02\x02\x02\x02\x02\
\x06\xfc\xfd\xfc\xd5\xcf\xd5\xcc\x06\x15\xec\xe1\xec\x15\x1c\x00\
\x07\x06\x00\x02\x02\x02\x02\x02\x03\x06\x05\x01\x05!!!\
\x22\x06\xfb\xf8\x06\xff\x06\xf8\x00\x80\x02\x00\x0c\x00\x08\x00\
\x01\x00\x08\x00\x00\x03\x02\x01\x02\x02\x02\xf5\xdf\xd4\x02\xec\
\x15\x00\x02\x18<T\x02\x06\xf8\x00\x00\x80\x02\x00\x0c\x00\
\x1e\x00\x01\x00\x1e\x00\x00\x00\x0d\xd8\xf2\x00\xf2\xd8\xe8\xf6\
\xdd\xce\xdd\xf6\xe8\x00\xcf\x81\x0b\x0e\xf5\x04\x13\xf8\xea\xf8\
\x13\x04\xf5\x0e\x1d\x83\x0d\x1a\x05 \x05\x195NbH\
bO5\x00g\x81\x0b\xd6\xe9\x04\x1e3\x183 \x04\
\xe9\xd6\xf0\x83\x00\x80\x02\x00\x0c\x00\x0f\x00\x01\x00\x10\x00\
\x00\x07\x06\x01\x02\x02\x02\x02\x02\x02\x06\x0b\xe5\x0b\xe7\x0b\
\xe7\xf1\x04\xec\x15\x01!\xdf\x81\x06\x10]5D5D\
n\x06\x06\xf8\x00\xf4\x0a\xfe\x00\x80\x02\x00\x0c\x00\x0c\x00\
\x01\x00\x0c\x00\x00\x05\x04\x01\x02\x02\x02\x02\x04\xfc\xed\xfc\
\xed\xe9\x04\xe3\x0c\xf5\x1e\x00\x04\x09\x12\x09\x12\x1b\x04\x0c\
\xfe\x00\xf2\x00\x00\x80\x02\x00\x0c\x00\x1e\x00\x01\x00\x1e\x00\
\x00\x00\x0d\x22\x14\xe7\xf6\xfc\xfc\xed\xed\xfc\xfc\xed\xed\x00\
\xe9\x81\x0b-\xd6\xd6-\x0c\xe3\xe3\x0c\x1e\xf5\xf5\x1e\x83\
\x0d\xfd\x1a\x15\xf7\x09\x09\x12\x12\x09\x09\x12\x12\x00\x1b\x81\
\x08\xe5\x0c\x0c\xe5\xfe\x0c\x0c\xfe\xf2\x81\x00\xf2\x83\x00\x80\
\x02\x00\x0c\x00\x14\x00\x01\x00\x14\x00\x00\x00\x08\xe1\xe1\xfe\
\xe1\xe1\xd2\xd2\x00\xdc\x81\x06%\xed\xff\x12\xd9\xe3\x1b\x83\
\x08\xfc\xfc\xf0\xfc\xfc\x13\x13\x00\x19\x81\x06\xf1\x13\xff\xeb\
\x0c\x08\xf5\x83\x00\x80\x02\x00\x0c\x00\x14\x00\x01\x00\x14\x00\
\x00\x00\x08\xfb\x0a\x0a\xfb\xfb\xde\xfb\x00\xdc\x81\x06%\x1b\
\xe3\xd9\x12\xff\xed\x83\x081\x1a\x1a11=1\x00\x19\
\x81\x06\xf1\xf5\x08\x0c\xeb\xff\x13\x83\x00\x80\x02\x00\x0c\x00\
\x1c\x00\x01\x00\x1c\x00\x00\x00\x0c\xe1\xe1\xd2\xd2\xe1\xe1\xfe\
\xe1\xe1\xd2\xd2\x00\xdc\x81\x0a\x1f\xf6\xf6\x1f%\xed\xff\x12\
\xd9\xe3\x1b\x83\x0c\xfc\xfc\x13\x13\xfc\xfc\xf0\xfc\xfc\x13\x13\
\x00\x19\x81\x0a\xe5\xf3\xf3\xe5\xfb\x1d\x09\xf5\x16\x12\xff\x83\
\x00\x80\x02\x00\x0c\x00\x1c\x00\x01\x00\x1c\x00\x00\x00\x0c\x0a\
\x0a\xfb\xfb\xfb\x0a\x0a\xfb\xfb\xde\xfb\x00\xdc\x81\x0a\x1f\xf6\
\xf6\x1f%\x1b\xe3\xd9\x12\xff\xed\x83\x0c\x1a\x1a111\
\x1a\x1a11=1\x00\x19\x81\x0a\xe5\xf3\xf3\xe5\xfb\xff\
\x12\x16\xf5\x09\x1d\x83\x00\x80\x02\x00\x0c\x00\x14\x00\x01\x00\
\x1f \x00\x09\x08\x01\x02\x02\x02\x02\x02\x02\x02\x02\x08\xfd\
\xcf\xfc\xfd\xfc\xd5\xcf\xd5\xcc\x08\xfb$\x15\xec\xe1\xec\x15\
\x1c\x00\x09\x08\x01\x02\x01\x02\x02\x02\x02\x02\x03\x08\x01!\
\x05\x01\x05!!!\x22\x08\xf3\xe5\x0e\x0b\x19\x12\x19\x0b\
\x00\x80\x02\x00\x0c\x00\x08\x00\x01\x00\x08\x00\x00\x00\x82\x00\
\xbf\x81\x01\xec\x16\x83\x82\x00\x22\x81\x01\x15\xf4\x83\x00\x80\
\x02\x00\x0c\x006\x00\x01\x006\x00\x00\x00\x19\xd9\xdf\xe3\
\xe6\xec\xef\xf7\xf3\x06\x07\xfa\xeb\xe7\xe1\xdf\xdc\xd4\xd3\xca\
\xcc\xba\xb8\xc4\xd3\x00\xbf\x81\x17\x1c\x1c\x1b\x1a\x1a\x1a\x1e\
\x17\xfc\xff\xf6\xec\xec\xec\xed\xef\xef\xef\xe9\xeb\x04\x04\x10\
\x1c\x83\x09\x1f\x1c\x12\x0b\x0e\x10\x11\x13\x05\x04\x81\x0d\x04\
\x07\x13\x19\x15\x14\x15\x11$&'#\x00\x22\x81\x17\xf6\
\xf6\xf6\xf7\xf7\xf7\xf6\xed\xfe\x05\x0d\x12\x12\x12\x12\x12\x12\
\x12\x16\x19\x10\x07\xfb\xf6\x83\x00\x80\x02\x00\x0c\x00\x0a\x00\
\x01\x00\x0a\x00\x00\x04\x03\x01\x02\x02\x02\x03\x02\x01\xd7\xda\
\x03\x17\xf2\x17\x00\x03?\x06[p\x80\x02\x1c\xd2\x00\x80\
\x02\x00\x0c\x00\x14\x00\x01\x00\x14\x00\x00\x00\x08\xf8\xf2\xbf\
\xb9\xf2\xd9\xc0\x00\xb2\x81\x00&\x81\x03&&.&\x83\
\x08\xfc\x05\x1a$\x00\x10 \x00!\x81\x00\xf4\x81\x03\xf4\
\xf4\xc4\xf4\x83\x00\x80\x02\x00\x0c\x00F\x00\x01\x001 \
\x00\x00!\xdf\xf6\xc1\xaa\xcf\xdb\xe9\xf1\xf1\xf1\xe9\xdb\xcf\
\xc4\xb4\xad\xad\xad\xb4\xc4\xcf\xd3\xdb\xdb\xdb\xd3\xcf\xcc\xc3\
\xc3\xc3\xcc\x00\xa0\x81\x1f\x15\xfe\xc9\xe0\x0b\x0b\x05\xf9\xef\
\xe5\xd9\xd3\xd3\xd3\xd9\xe5\xef\xf9\x05\x0b\xe8\xe8\xed\xef\xf1\
\xf6\xf6\xf6\xf1\xef\xed\xe8\x83\x0f\x0e\x00\x01\x01\x01\x02\x02\
\x06\x04\x04\x01\x02\x03\x01\x02\x03\x0e\x02\xf8CN\x17\xfb\
/K,88\x1a\x0e\x0eF\x0e\xe5\xef:0\xe8\x04\
7\x04\xf9\x05\x1a%\x1a\x05\x00\x80\x02\x00\x0c\x00e\x00\
\x01\x00f\x00\x00\x00\x01\xe8\xf4\x82,\xf4\xe8\xdf\xde\xec\
\xfb\xfe\xf7\xee\xe2\xe2\xe1\xee\xf7\xfe\xfb\xec\xde\xdf\xe8\xf5\
\x02\x0b\x02\xf5\xe8\xdc\xd9\xd9\xd9\xdc\xf6\x04\x09\x09\x09\x04\
\xf6\xe6\xd2\xc9\xd2\xe6\x00\xe2\x81/jjYQI:\
::8*9=?@IRZceekx\
kj;:JRYihg_QD<65\
HR]nnn[RI5\x831\x0f\x07\xff\xff\
\xff\x06\x0c\x09\x0f\x1a#($*///)#\x1e\
\x18\x14\x12\x11\x11\x11\x15\x15\x12\x11\x11\x11\x0f\x0f\x0f\x11\
\x1c\x1d\x1e\x1e\x1e\x1d\x1c\x1c\x17\x16\x18\x1b\x00.\x81/\
\x10\x10\x18\x1f%///4&2-/0%\x1f\
\x18\x0e\x10\x10\x13\x1a\x16\x10\x1f\x1f\x1d\x1d!\x1f\x1f\x1f\
\x1f\x1f\x1f\x1f\x19\x19\x1c\x1f#%&&$\x22\x1c\x18\
\x83\x80\x02\x00\x0c\x00=\x00\x01\x00?\x00\x00\x00\x1f\xe8\
\xef\xf0\xf8\xf8\xfa\xfa\xfb\xfd\xfe\xfe\xfe\xfe\xf6\xe8\xdf\xd7\
\xd6\xcf\xcf\xce\xcc\xcc\xc9\xc8\xc8\xc8\xc8\xd0\xde\x00\xc7\x81\
\x82\x0a\x02\xd9\xd8\xd9\xd9\xd9\xd9\xe7&\x17\x06\x83\x0a\xfe\
&''''&\x18\xd9\xea\xfb\x84\x1f\x0b\x0c\x05\x02\
\x02\x02\xfd\xfe\xf0\xf4\xf4\xf4\xf4\xf7\x04\x15\x14\x1b\x1d\x1d\
\x1f\x22\x22/,,,,)\x1b\x00\x11\x81\x81\x0b\xff\
\xff(((((\x14\x0b\x00\xfe\xfe\x82\x0b\x01\x00\xd8\
\xd8\xd7\xd7\xd7\xeb\xf4\x00\x02\x02\x84\x00\x80\x02\x00\x0c\x00\
\x0a\x00\x01\x00\x0a\x00\x00\x05\x04\x01\x02\x02\x02\x02\x04\x0b\
\xf8.\xd5\x03\x81\x00'\x81\x04\xf4@\x0e(5\x81\x00\
\xd0\x81\x00\x80\x02\x00\x0c\x00\x19\x00\x01\x00\x19\x00\x00\x00\
\x0b\x0a\x17\x0a\xe2\xe2\xcf\xe5\xd0\xe6\xe6\x00\xe8\x81\x80\x00\
\x0a\x81\x04((\x0a\xda\xda\x84\x0b\x01\xdd\x0111?\
(>11\x00\x17\x81\x80\x00\x10\x81\x04\xda\xda\x13(\
(\x84\x00\x80\x02\x00\x0c\x00\x15\x00\x01\x00\x15\x00\x00\x00\
\x0a\xfb\xec\xff\xff\xc1\xe2\x03\xd1\xc9\x00\xd0\x81\x80\x01\x1a\
\x1a\x81\x00\xb3\x86\x0a\x16.\x1c\x1cZ@\x0cEh\x00\
D\x81\x80\x01\xd8\xd8\x81\x00@\x86\x00\x80\x02\x00\x0c\x00\
0\x00\x01\x000\x00\x00\x00\x17\x01\x01\xcc\xcc\xcc\xdb\xdb\
\xe8\xff\x07\x07\xd0\xd0\x07\x07\xff\xe8\xdb\xd5\xce\xca\xca\x00\
\xdf\x81\x00\x03\x81\x06\xed\xd7\xd4\xd4\xd4\xe6\xf6\x83\x07\x0b\
\xfd\xee\xf6\xf8\x02\x0b\x03\x83\x17\xf7\xf7///*!\
\x19\x0a\x05\x05==\x05\x05\x0a\x18\x22#+..\x00\
2\x81\x00\xf4\x81\x06\x06\x10\x1d\x1d\x1d\x12\x0c\x83\x07\xf5\
\xfa\xff\x02\x02\x02\x02\xf4\x83\x00\x80\x02\x00\x0c\x00\x80\x00\
\x01\x00\x80\x00\x00\x00>\xec\xec\xfc\x0d\x0d\x0d\x0e\x0e\x06\
\x06\xed\xee\xea\xe4\xe0\xdf\xde\xdf\xe0\xe1\xe1\xe1\xeb\xf3\xf2\
\xeb\xea\xe1\xd3\xc6\xbd\xbd\xbd\xbd\xbc\xbb\xbb\xbb\xbf\xcb\xd8\
\xe6\xe8\xeb\xee\xee\xeb\xe6\xf2\xef\xe4\xdb\xd8\xda\xd9\xe2\xe1\
\xe0\xe0\xe0\xe3\x00\xc9\x81<\x01\x03\x04\x06\x09\x0d\x16\x1c\
\xd0\xf4\xff\xff\xff\xff\xfe\xfa\xf6\x00\x11\x1f\x1d$'$\
#\x03\x03\x03\x07\x10#23$\x0a\xe9\xc4\xb4\xd7\xf8\
\x02\x01\xdb\xdb\xe2\xe0\xd2\x15\x15'''\x1d\xfd\xdc%\
\x1d\x0c\x05\xe7\xdb\x83>\x16\x15\x09\xfe\xfe\xfe\xfe\xfd\x02\
\x00\xf7\xec\xe4\xe1\xe8\xed\xed\xed\xed\xec\xec\xec\x00\x0b\x00\
\x10\x13\x1c%-222222222,$\
\x1a\x13\x04\xf5\xef\xea\xee\xfd\x17!+9@A::\
:::(\x002\x81<\xff\xff\xf7\xea\xe3\xe0\xdb\xd8\
\x06\x01\xfc\xfc\xfc\x02\x06\x01\x00\xfc\xf7\xf5\xf4\xe0\xd3\xd4\
\xd5\xff\xff\xff\xff\xfe\xfc\xfa\xfa\xf9\xf8\xf7\xf6\xf6\xf2\xf3\
\xf9\xff\x18\x18\x0d\xec\xcb\xfe\xf3\xe9\xe9\xe9\xf2\x07\x17\xdb\
\xde\xe4\xe7\xfe\x18\x83\x00\x80\x02\x00\x0c\x00\xac\x00\x01\x00\
\x87\x00\x00\x00@\xff{\x01\xb1\x85@\xffP\x1d\xd0\xe9\
\x06\x06\x06\x06\xec\xd0\xb3\x98\x98\x98\x98\xb5\xd0\xca\xc8\xc9\
\xc9\xc9\xc9\xc7\xd0\xd8\xd5\xd5\xd5\xd5\xd6\xd5]\xff2\xff\
K\xffh\xffh\xffh\xffh\xffN\xff2\xff\x14\xfe\
\xfb\xfe\xfb\xfe\xfb\xfe\xfb\xff\x18\xff2\xff,\xff)\xff\
+\xff+\xff+\xff+\xff)\xff2\xff:\xff7\xff\
7\xff7\xff7\xff8\xff7\x80@\xff\x01\x81\x80>\
\x09\x09\x00%%\x0d\xf2A$\x0e\x0e\x0e =\xf4\x10\
%\xfe\xfe\xf8\xf1\xf2>>555>?\xf3\xf2\xf8\
\xfe\xff\xff\xe7\xcb\x1a\xfe\xe7\xe7\xe7\xfb\x17\xcd\xea\xff\xd7\
\xd7\xd1\xca\xcc\x17\x17\x0e\x0e\x0e\x18\x18\xcc\xcb\xd1\xd7\x83\
?+EC))\x15\x09\x09\x09\x09\x15)=JJ\
JJ=))'$$$$+)(---\
-*)H4((((4H[iiii\
\x5cHHECCCCJHGLLLLI\
H\x01\x00s\x81\x80>\xff\xff\x00\xe2\xe2\xe7\xfd\xe2\xf7\
\xfb\xfb\xfb\xf5\xdf\xfe\xea\xe2\xf9\xf9\xf7\xfc\x06\xd8\xe8\xe3\
\xe3\xe3\xea\xda\x06\xfc\xf7\xf9\x04\x04\x0a\x1f\x04\x1a\x1d\x1d\
\x1d\x18\x02!\x0d\x04\x1b\x1b\x19\x1d(\xfb\x0b\x05\x05\x05\
\x0c\xfc(\x1e\x19\x1b\x83\x80\x02\x00\x0c\x01\x02\x00\x01\x00\
\xdd\x00\x00\x00\x02\x81\xb7\x8c@\xffU\x1d\xd5\xee\x0d\x0d\
\x0d\x0d\xf2\xd5\xb9\x9e\x9e\x9e\x9e\xbc\xd5\xd0\xce\xcf\xcf\xcf\
\xcf\xcd\xd5\xdd\xdb\xdb\xdb\xdb\xdc\xdaz\xff8\xffQ\xff\
o\xffo\xffo\xffo\xffT\xff8\xff\x1a\xff\x01\xff\
\x01\xff\x01\xff\x01\xff\x1e\xff8\xff3\xff1\xff2\xff\
2\xff2\xff2\xff0\xff8\xff@\xff=\xff=\xff\
=\xff=\xff>\xff=\xfe\xc9\xfe\xe2\xff\x01\xff\x01\xff\
\x01\xff\x01\xfe\xe6\xfe\xc9\xfe\xac\xfe\x92\xfe\x92\xfe\x92\xfe\
\x92\xfe\xb0\xfe\xc9\xfe\xc4\xfe\xc2\xfe\xc3\xfe\xc3\xfe\xc3\xfe\
\xc3\xfe\xc1\xfe\xc9\xfe\xd1\xfe\xcf\xfe\xcf\xfe\xcf\xfe\xcf\xfe\
\xd0\x80@\xfe\x9f\x81\x80?\x09\x09\x00%%\x0d\xf2A\
$\x0e\x0e\x0e =\xf4\x10%\xfe\xfe\xf8\xf1\xf2>>\
555>?\xf3\xf2\xf8\xfe\xff\xff\xe7\xcb\x1a\xfe\xe7\
\xe7\xe7\xfb\x17\xcd\xea\xff\xd7\xd7\xd1\xca\xcc\x17\x17\x0e\x0e\
\x0e\x18\x18\xcc\xcb\xd1\xd7\xfe\x1b\xfe\xe7\xca\x1a\xfe\xe6\xe6\
\xe6\xfa\x17\xcc\xe9\xfe\xd7\xd7\xd1\xcb\xcc\x17\x17\x0e\x0e\x0e\
\x17\x17\xcc\xca\xd7\x83?+DC((\x14\x09\x09\x09\
\x09\x14(<JJJJ<(('$$$$\
*((,,,,)(G3((((3\
GZiiii[GGFCCCCIG\
GKKKKHG@\x00\x86\x05rffff\
rU\x00\x86\x00\x99\x00\xa7\x00\xa7\x00\xa7\x00\xa7\x00\x9a\
\x00\x86\x00\x86\x00\x84\x00\x81\x00\x81\x00\x81\x00\x81\x00\x88\
\x00\x86\x00\x85\x00\x8b\x00\x8b\x00\x8b\x00\x8b\x00\x86\x80@\
\x00\xb3\x81\x80?\xff\xff\x00\xe2\xe2\xe7\xfd\xe2\xf7\xfb\xfb\
\xfb\xf5\xdf\xfe\xea\xe2\xf9\xf9\xf7\xfc\x06\xd8\xe8\xe3\xe3\xe3\
\xea\xda\x06\xfc\xf7\xf9\x04\x04\x0a\x1f\x04\x1a\x1d\x1d\x1d\x18\
\x02!\x0d\x04\x1b\x1b\x19\x1d(\xfb\x0b\x05\x05\x05\x0c\xfc\
(\x1e\x19\x1b\x04\x1b\x04\x0a\x1f\x05\x1a\x1d\x1d\x1d\x18\x02\
!\x0d\x04\x1b\x1b\x19\x1e(\xfb\x0b\x05\x05\x05\x0c\xfc)\
\x19\x1b\x83\x80\x02\x00\x0c\x00\x18\x00\x01\x00\x1a\x00\x00\x00\
\x0b\xed\x05\xed\xde\xc6\xde\xe6\xe8\xe5\xe4\x00\xcb\x81\x81\x01\
\xff\xff\x81\x02\xde\x00&\x84\x80\x0a\xff\x05\x0f\x16\x09\x07\
\xfb\x09\x1a\x00\x15\x81\x80\x08\x01\xff\xff\x01\x00\x22\x01\xdf\
\x01\x83\x00\x80\x02\x00\x0c\x00 \x00\x01\x00 \x00\x00\x00\
\x0d\x03\x19\x17\x15\xfc\xfc\x09\x03\xfc\x09\x0c\xf2\xf0\xec\x83\
\x0d\xfe\xfe\xe6\xe5\xe5\xde\xe3\xe3\xe3\xdd\xe5\xe5\xe6\xfe\x83\
\x0d\xf7\xf8\xdd\xdd\xfb\xfa\xf8\xf7\xf4\xf3\xf3\x10\x10\xf5\x83\
\x0d\x02\x02\x04\x16\x16\x15\x18\x18\x18\x15\x16\x16\x04\x02\x83\
\x00\x80\x02\x00\x0c\x00\x0a\x00\x01\x00\x0a\x00\x00\x04\x03\x01\
\x02\x02\x02\x03\x14\xe0 \xeb\x80\x02#\x00#\x03\x0c\x22\
\xde\xf4\x80\x02\xdb\x00\xdb\x80\x02\x00\x0c\x00\x06\x00\x01\x00\
\x06\x00\x00\x02\x01\x01\x02\x01\x18\xe8\x01\xf6\x05\x01\xe9\x17\
\x01\x10\xed\x80\x02\x00\x0c\x00\x0b\x00\x01\x00\x0c\x00\x00\x00\
\x03\x0a(\xf3\xf0\x83\x80\x01\xfc\xfc\x84\x03\xe9\xd9\x16\x1a\
\x83\x03\x10\x13\x13\x10\x83\x80\x02\x00\x0c\x00\x0b\x00\x01\x00\
\x0c\x00\x00\x00\x03\x0f\x14\xdf\xf5\x83\x80\x01\xfc\xfc\x84\x03\
\xe6\xea%\x17\x83\x03\x10\x13\x13\x10\x83\x80\x02\x00\x0c\x00\
\x14\x00\x01\x00\x14\x00\x00\x00\x07\xfc\xf8\xca\xe4\x22!\xfe\
\x09\x83\x07\x1b\x09\x09\x1b\x1b\x09\x09\x1b\x83\x07\x02\x08(\
\x1f\xce\xe3\x0f\xec\x83\x07\xf9&&\xf9\xf9&&\xf9\x83\
\x00\x80\x02\x00\x0c\x00\x1a\x00\x01\x00\x1a\x00\x00\x00\x04\xf8\
\xfb\xfa\xeb\xeb\x81\x03\xd2\xd2\xd2\xe8\x83\x05\x22\x0b\x15\x0b\
\x0a\x0a\x81\x02\x13\x1a%\x83\x04\x09\x10\x0f\x1d\x1d\x81\x03\
,,,\x1a\x83\x0a\xc1\xc7\xc5\xbe\xca\xca\xf1\xf1\xdc\xc7\
\xb5\x83\x00\x80\x02\x00\x0c\x00\x19\x00\x01\x00\x12\x00\x00\x00\
F\x00\xac\x00\xac\x00\x81\x00\x7f\x00\xaa\x00\x97\x00\x83\x83\
\x00\xfb\x81\x03\xfb\xfb\x1b\xfb\x83\x06\xea\xf3\x0b\x16\xef\x00\
\x11\x83\x06\x0e\x1f\x1f\x0e\x0e\x0c\x0e\x83\x80\x02\x00\x0c\x00\
\x18\x00\x01\x00\x12\x00\x00\x00D\x00\xb7\x00\xb9\x00\x94\x00\
\x96\x00\x98\x01sv\x83\x00\x0a\x81\x00\xfb\x81\x00\x0a\x83\
\x06\xe6\xe5\x07\x00\xf9\x1b\x1b\x83\x06\x02\x10\x10\x17\x10\x10\
\x02\x83\x00\x80\x02\x00\x0c\x00 \x00\x01\x00 \x00\x00\x00\
\x80\x0c\x16\x14\x12\xf9\xf9\x06\x00\xf9\x06\x09\xef\xed\xe9\x83\
\x0d\xfe\xfe\xe6\xe5\xe5\xde\xe3\xe3\xe3\xdd\xe5\xe5\xe6\xfe\x83\
\x0d\x01\x02\xe7\xe7\x05\x04\x02\x01\xfe\xfd\xfd\x1a\x1a\xff\x83\
\x0d\x02\x02\x04\x16\x16\x15\x18\x18\x18\x15\x16\x16\x04\x02\x83\
\x00\x80\x02\x00\x0c\x003\x00\x01\x004\x00\x00\x00\x80\x16\
\x13\x1a\x1a\x1a\x13\x00\xee\xe6\xe6\xe6\xee\x00\xfa\xfb\xfb\xfb\
\xfa\x00\x07\x05\x05\x05\x07\x83\x0455 \x1a\x14\x82\x0f\
\x14\x1a 5\x1e\x1e\x18\x1a\x1c\x17\x17\x17\x1c\x1a\x18\x1e\
\x83\x17\xff\x02\xfb\xfb\xfb\x02\xff\xfc\x05\x05\x05\xfd\xff\xfe\
\xf7\xf7\xf7\xfe\xff\x02\x08\x08\x08\x02\x83\x17\x1a\x1a\x14\x17\
\x1b\x16\x16\x16\x1a\x17\x14\x1a\x1d\x1d\x1d\x17\x11\x12\x12\x12\
\x11\x17\x1d\x1d\x83\x80\x02\x00\x0c\x004\x00\x01\x003\x00\
\x00\x00\x17\xe8\xee\xf6\xfe\x04\x07\x07\x07  \x1a\x11\x0e\
\x0d\x08\xff\xfa\xf9\xf9\xfa\xe0\xe0\xe4\xe8\x83\x17\xf3\xf3\xf2\
\xf1\xf1\xf1\xef\xf3\xf3\xde\xd1\xd3\xd3\xd3\xd4\xd4\xd4\xd4\xd6\
\xd7\xd7\xea\xf4\xf3\x83\x17\x05\x08\x09\x09\x0b\x06\x09\x09\xf8\
\xf8\xf9\xfe\x02\x02\x00\xfe\xfe\xfe\xfc\xfc\x08\x08\x0b\x0a\x83\
\x0a\xe0\xe0\xdf\xde\xde\xde\xd7\xde\xde\xe9\xf8\x82\x04\x02\x04\
\x04\x04\x08\x81\x02\xfe\xee\xe0\x83\x80\x02\x00\x0c\x00\x06\x00\
\x01\x00\x06\x00\x00\x02\x01\x01\x02\x01\x0a\xf6\x01\xf6\x0f\x01\
\xd6*\x01\xf9\xed\x80\x02\x00\x0c\x00.\x00\x01\x00-\x00\
\x00\x00\x14\xfe\x0a\x04\xf9\xf9\xf9\x06\x08\x0a\x0e\x0f\x0f\x03\
\xf3\xee\xde\xd2\xd2\xd2\xdd\xf0\x83\x14\x18\x07\x07\x06\x03\x00\
\xfe\xfe\xfe\xfe\x00\xe6\xe2\xe2\xe2\xe7\xf3\xfd\x06\x11\x16\x83\
\x13\xff\xea\xeb\xf1\xf1\xf1\xf4\xf5\xf2\xea\xea\xea\xf3\xff\x00\
\x06\x0a\x0a\x0a\x05\x84\x14\xf7\x03\x04\x05\x09\x08\x05\x05\x05\
\x04\x05\x13\x16\x16\x16\x14\x10\x0a\x04\xfc\xf8\x83\x80\x02\x00\
\x0c\x00\x14\x00\x01\x00\x14\x00\x00\x00\x07\x10*\xf9\xf7\xf2\
\xf9\xd5\xd7\x83\x00\x17\x81\x01\x17\x17\x81\x00\x17\x83\x07\xda\
\xe6\xf6\xfc\x09\xf7\x16)\x83\x07\xfe##\xfe\xfe##\
\xfe\x83\x00\x80\x02\x00\x0c\x00#\x00\x01\x00$\x00\x00\x00\
\x0f\x12\x13\x1b\x14\x00\xed\xe6\xed\xee\x08\x07\xfa\x00\x06\xf9\
\xf8\x83\x02&\x22\x10\x82\x09\x10\x22&&!\x1a\x1a\x1a\
\x22&\x83\x0f\xe7\xe6\xf7\x05\x00\xfc\x09\x19\x19\xfc\xfc\xfd\
\x00\x02\x03\x04\x83\x0f\xf4\xfe\x01\xfe\xfe\xfe\x01\xfe\xf4\xf4\
\xeb\xe8\xe8\xe8\xed\xf4\x83\x80\x02\x00\x0c\x00\x1a\x00\x01\x00\
\x1a\x00\x00\x00\x0a\xfb\xed\xf2\xfc\xfc\xe8\xe8\x13\x13\x13\x0d\
\x83\x05\xd4\xf4\xe5\xd1\xde\xde\x81\x02\xd7\xd1\xc6\x83\x0a\x16\
\x08\x0b\xf9\xf9\x17\x17\xea\xea\xea\x08\x83\x0aDC?=\
00\x05\x05 5D\x83\x00\x80\x02\x00\x0c\x00\x09\x00\
\x01\x00\x12 \x00\x04\x03\x03\x02\x02\x02\x81\x01\xd6\x00\x80\
\x02\xf5\x05\x16\x05\x04\x02\x03\x02\x01\x01\x81\x02\x1f\x07\xfe\
\x80\x03\x0c\x01\xf7\xf7\x00\x80\x02\x00\x0c\x00\x06\x00\x01\x00\
\x06\x00\x00\x02\x01\x01\x02\x01\x18\xe8\x01\x03)\x01\xf1\x10\
\x01\xf9\xe0\x80\x02\x00\x0c\x00\x04\x00\x01\x00\x04\x00\x00\x00\
\x84\x00\x03\x83\x84\x00\xf9\x83\x00\x80\x02\x00\x0c\x00\x1a\x00\
\x01\x00\x1a\x00\x00\x00\x0a\x05\x13\x0e\x04\x04\x18\x18\xed\xed\
\xed\xf3\x83\x0a/\x0f\x1e2%%\x03\x03,3>\x83\
\x0a\xea\xf8\xf5\x07\x07\xe9\xe9\x16\x16\x16\xf8\x83\x0a\xba\xbb\
\xbe\xc0\xce\xce\xf9\xf9\xde\xc9\xba\x83\x00\x80\x02\x00\x0c\x00\
4\x00\x01\x004\x00\x00\x00\x17\xeb\xf4\x08\x11\x11\x0a\xfb\
\xf4\xfd\xfb\xfb\xfb\x00\x08\x0c\x0c\xf3\xf3\xec\xd4\xd4\xd4\xde\
\xea\x83\x0e11,)\x10\x13\x15\x15\x15\x17\x18\x14\x13\
\x13\x11\x81\x06\x09\x07\x10\x1b$-1\x83\x17\x07\x04\xff\
\xfe\xfe\xfc\x00\x04\x04\x05\x05\x05\xfc\xf8\xfe\xfe\x03\x03\x0f\
\x1d\x1d\x1d\x15\x0b\x83\x0e\xd6\xd6\xd6\xd8\xe8\xe9\xe7\xe7\xe7\
\xe5\xe3\xe4\xe5\xe2\xdf\x81\x06\xf6\xf6\xf1\xe4\xde\xd7\xd6\x83\
\x00\x80\x02\x00\x0c\x004\x00\x01\x004\x00\x00\x00\x17\x04\
\x09\x16\x22+++\x1e\x0f\x0b\xf3\xf2\xfb\x04\x04\x04\xfa\
\xfc\xf9\xf1\xee\xfa\xfe\x04\x83\x08\x1e\x1e#%!\x18\x0f\
\xfe\xf9\x81\x0c\xfd\x01\x0a\x0c\x0f\x07\x07\x07\x07\x07\x1d\x1d\
\x1e\x83\x17+-'\x1e\x17\x17\x17\x0b\xfc\xf6\x09\x12(\
999,))(&(*-\x83\x08\xe3\xe3\xe4\
\xe8\xf1\xf9\xf2\xef\xf6\x81\x0c\xff\x01\x06\x08\x05\xfd\xfd\xfd\
\xfd\xfd\xe3\xe3\xe3\x83\x00\x80\x02\x00\x0c\x00\x04\x00\x01\x00\
\x04\x00\x00\x00\x84\x00\x03\x83\x84\x00\xfe\x83\x00\x80\x02\x00\
\x0c\x00\x04\x00\x01\x00\x04\x00\x00\x00\x84\x00\x03\x83\x84\x00\
\xfe\x83\x00\x80\x02\x00\x0c\x00\x06\x00\x01\x00\x06\x00\x00\x02\
\x01\x01\x02\x01\x0a\xf5\x80\x00\x1c\x01\xe1\x1f\x01\x10\x04\x80\
\x02\x00\x0c\x00(\x00\x01\x00(\x00\x00\x00\x11\x11\x12\xdd\
\xed\x00\x16\x14\x12\xf9\xf9\x06\x00\xf9\x06\x09\xef\xed\xe9\x83\
\x11\xea\xe9\xe9\xea\x11\x11\xf9\xf8\xf8\xf1\xf6\xf6\xf6\xf0\xf8\
\xf8\xf9\x11\x83\x11\xf1\xf8\x12\x0f\x01\x02\xe7\xe7\x05\x04\x02\
\x01\xfe\xfd\xfd\x1a\x1a\xff\x83\x11\x1a\x18\x18\x1a\x11\x11\x13\
%%#'''$%%\x13\x11\x83\x00\x80\x02\x00\
\x0c\x00(\x00\x01\x00(\x00\x00\x00\x11\x1f/\xfa\xfb\x00\
\x16\x14\x12\xf9\xf9\x06\x00\xf9\x06\x09\xef\xed\xe9\x83\x11\xea\
\xe9\xe9\xea\x11\x11\xf9\xf8\xf8\xf1\xf6\xf6\xf6\xf0\xf8\xf8\xf9\
\x11\x83\x11\xf7\xf4\x0d\x14\x01\x02\xe7\xe7\x05\x04\x02\x01\xfe\
\xfd\xfd\x1a\x1a\xff\x83\x11\x1a\x18\x18\x1a\x11\x11\x13%%\
#'''$%%\x13\x11\x83\x00\x80\x02\x00\x0c\x00\
H\x00\x01\x00H\x00\x00\x00!\x01\x0d\x0e\x0b\x0b\x0b\x12\
\x11\x10\x13\x12\x12\x0e\x06\x00\xf8\xe4\xe4\xe4\xf2\x00\x16\x14\
\x12\xf9\xf9\x06\x00\xf9\x06\x09\xef\xed\xe9\x83!\xdc\xcb\xcb\
\xca\xc7\xc3\xc2\xc2\xc2\xc2\xc2\xa7\xa7\xa6\xa6\xa6\xb1\xc1\xcd\
\xd9\xfe\xfe\xe6\xe5\xe5\xde\xe3\xe3\xe3\xdd\xe5\xe5\xe6\xfe\x83\
!\x0a\xfe\xf9\xf3\xf3\xf3\xf7\xf6\xf1\xf1\xf1\xf1\xf3\xf8\xfb\
\x02\x08\x08\x08\x06\x01\x02\xe7\xe7\x05\x04\x02\x01\xfe\xfd\xfd\
\x1a\x1a\xff\x83!\x18!\x22##!$$$!!\
/2555.)#\x1b\x02\x02\x04\x16\x16\x15\x18\
\x18\x18\x15\x16\x16\x04\x02\x83\x00\x80\x02\x00\x0c\x00\x05\x00\
\x01\x00\x05\x00\x00\x00\x85\x80\x00\xed\x83\x85\x80\x00;\x83\
\x00\x80\x02\x00\x0c\x00\x1a\x00\x01\x00\x1a\x00\x00\x00\x0a\x16\
\x16\xeb\xe9\x14\x01\xed\xe8\xe8\xbf\xcc\x83\x0a\xfb\xec\xec\xfb\
\xfb\x09\xfb\xec\xec\xec\xec\x83\x0a\xea\xf3\x0b\x16\xf3\x00\x0d\
\x08\x08$\x1c\x83\x0a\x0e\x1a\x1a\x0e\x0e\x0d\x0e\x1c$$\
\x1c\x83\x00\x80\x02\x00\x0c\x00\x1a\x00\x01\x00\x1a\x00\x00\x00\
\x0a\x16\x16\xeb\xe9\x14\x01\xed\xe9\xf6\xcd\xcd\x83\x0a\xfb\xec\
\xec\xfb\xfb\x09\xfb\xec\xec\xec\xec\x83\x0a\xea\xf3\x0b\x16\xf3\
\x00\x0d\x0c\x04!!\x83\x0a\x0e\x1a\x1a\x0e\x0e\x0d\x0e\x1c\
$$\x1c\x83\x00\x80\x02\x00\x0c\x00:\x00\x01\x00:\x00\
\x00\x00\x1a\xde\xea\xeb\xe8\xe8\xe8\xef\xee\xed\xf0\xef\xef\xeb\
\xe3\xdd\xd5\xc1\xc1\xc1\xcf\x16\x16\xeb\xe9\x14\x01\xed\x83\x1a\
\x01\xf0\xf0\xef\xec\xe8\xe7\xe7\xe7\xe7\xe7\xcc\xcc\xcb\xcb\xcb\
\xd6\xe6\xf4\xfe\xfb\xec\xec\xfb\xfb\x09\xfb\x83\x09\x19\x0d\x08\
\x02\x02\x02\x06\x05\xff\xff\x81\x0e\x02\x06\x09\x10\x16\x16\x16\
\x14\xea\xf3\x0b\x16\xf3\x00\x0d\x83\x1a\x18!\x22##!\
$$$!!/2555.)%\x1b\x0e\x1a\
\x1a\x0e\x0e\x0d\x0e\x83\x00\x80\x02\x00\x0c\x00\x05\x00\x01\x00\
\x05\x00\x00\x00\x85\x80\x00\xfd\x83\x85\x80\x00=\x83\x00\x80\
\x02\x00\x0c\x00\x12\x00\x01\x00\x12\x00\x00\x00\x06\x16\x16\xeb\
\xe9\x14\x01\xed\x83\x06\xfb\xec\xec\xfb\xfb\x09\xfb\x83\x06\xea\
\xf3\x0b\x16\xf3\x00\x0d\x83\x06\x0e\x1a\x1a\x0e\x0e\x0d\x0e\x83\
\x00\x80\x02\x00\x0c\x00\x09\x00\x01\x00\x12 \x00\x04\x03\x03\
\x02\x02\x02\x81\x01\xd6\x00\x80\x02\xf5\x05\x16\x05\x04\x02\x03\
\x02\x01\x01\x81\x02\x1f\x07\xfe\x80\x03\x0c\x01\xf7\xf7\x00\x80\
\x02\x00\x0c\x00\x0c\x00\x01\x00\x0c\x00\x00\x05\x04\x01\x02\x02\
\x02\x02\x04\x02\xce\x0e\xda\xe4\x80\x03#\x00#\x00\x04\x18\
/\xeb\x02\x19\x80\x03\xdb\x00\xdb\x00\x00\x80\x02\x00\x0c\x00\
\x08\x00\x01\x00\x08\x00\x00\x03\x02\x01\x02\x02\x02\x13\xe6\xfb\
\x02\xe6\xfd\x00\x02\x1dIU\x02!\xf9\x00\x00\x80\x02\x00\
\x0c\x00\x0e\x00\x01\x00\x0e\x00\x00\x00\x05\xdc\xf9\xc4\xc2\x00\
\xbb\x81\x00\x04\x81\x00\x04\x83\x05\xff\xf0+/\x00\x1d\x81\
\x00\xfc\x81\x00\xfc\x83\x00\x80\x02\x00\x0c\x00\x0e\x00\x01\x00\
\x0e\x00\x00\x00\x05\xf2\xf8\xc3\xd9\x00\xb9\x81\x00\x04\x81\x00\
\x04\x83\x05\xfe\x00<.\x00\x1e\x81\x00\xfc\x81\x00\xfc\x83\
\x00\x80\x02\x00\x0c\x00\x06\x00\x01\x00\x06\x00\x00\x00\x02\xde\
\x00\xa8\x81\x84\x022\x00Z\x81\x84\x00\x80\x02\x00\x0c\x00\
\x14\x00\x01\x00\x14\x00\x00\x00\x08\x09\x09\xde\xdc\x07\xf4\xe0\
\x00\xe9\x81\x00\x04\x81\x03\x04\x04\x1b\x04\x83\x08\x0e\x16/\
9\x13$5\x00?\x81\x00\xf8\x81\x03\xf8\xf8\xed\xf8\x83\
\x00\x80\x02\x00\x0c\x00\x05\x00\x01\x00\x05\x00\x00\x00\x81\x00\
C\x81\x84\x81\x00T\x81\x84\x00\x80\x02\x00\x0c\x00\x14\x00\
\x01\x00\x14\x00\x00\x00\x08\x03\x05\xe1\xe3\xe5\xc1\xc2\x00\xc4\
\x81\x00\x0a\x81\x00\xfb\x81\x00\x0a\x83\x08\x05\x05'\x1e\x18\
:8\x00A\x81\x00\xf3\x81\x00\x08\x81\x00\xf3\x83\x00\x80\
\x02\x00\x0c\x00&\x00\x01\x00&\x00\x00\x00\x11\x06\x1a!\
\x1a\x18\xff\xff\x0c\x06\xff\x0c\x0f\xf5\xf4\xeb\xf2\x00\x0b\x81\
\x03&&\x16\x04\x81\x04\x05\x0b\x0b\x0b\x04\x81\x02\x04\x16\
&\x83\x11\xed\xfa\xfa\xf1\xf1\xf9\xf8\xf3\xed\xe7\xe2\xe2\xea\
\xea\xe0\xe0\x00\xe9\x81\x03\x19\x19\x0e\x03\x81\x04\x11\x1e\x1e\
\x1e\x11\x81\x02\x03\x0e\x19\x83\x00\x80\x02\x00\x0c\x005\x00\
\x01\x006\x00\x00\x00\x19\xff\x12\x19\x19\x19\x12\xff\xed\xe6\
\xe6\xe6\xed\xff\xf9\xfb\xfb\xfb\xf9\xff\x06\x04\x04\x04\x06\x00\
\xff\x81\x0455 \x1a\x14\x82\x0f\x14\x1a 5\x1e\x1e\
\x18\x1a\x1c\x17\x17\x17\x1c\x1a\x18\x1e\x83\x19\x11\x14\x0d\x0d\
\x0d\x14\x11\x0e\x17\x17\x17\x0f\x11\x10\x09\x09\x09\x10\x11\x14\
\x1a\x1a\x1a\x14\x00$\x81\x17\x06\x06\x01\x04\x08\x02\x02\x02\
\x07\x04\x01\x06\x09\x09\x0a\x04\xfd\xfe\xfe\xfe\xfd\x04\x0a\x09\
\x83\x80\x02\x00\x0c\x008\x00\x01\x006\x00\x00\x00\x07\xc9\
\xd0\xe0\xef\xf3\xf0\xe7\xe7\x81\x10\xfd\xf8\xf5\xf5\xee\xdc\xce\
\xcc\xd2\xda\xdb\xc1\xc1\xc6\xca\x00\xc3\x81\x13\x1d\x1f\x1b\x18\
\x19\x1d\x1c\x1c\x1c\x0c\x00\xfe\xfe\xfb\xf9\xfc\xfe\xfd\xfb\xfe\
\x81\x02\x12\x1b\x1a\x83\x18\x1d\x1e\x18\x11\x10\x0d\x0d\x0d\xfc\
\xfc\xfa\xf8\xf8\xf8\xfe\xff\xfc\xfb\x00\x01\x01\x0c\x0c\x12\x1a\
\x83\x13\xe0\xde\xde\xde\xde\xdd\xd7\xde\xde\xe5\xf1\xf8\xfd\xff\
\x02\x06\x06\x05\x03\x07\x81\x02\xfe\xf0\xe3\x83\x00\x80\x02\x00\
\x0c\x00\x08\x00\x01\x00\x08\x00\x00\x03\x02\x01\x02\x02\x02,\
\x17C\x80\x01\x1c\x00\x02\x0bIT\x80\x01\xf4\x00\x00\x80\
\x02\x00\x0c\x00\x06\x00\x01\x00\x06\x00\x00\x00\x02\xef\x00\xc3\
\x81\x84\x02\xf3\x00\x01\x81\x84\x00\x80\x02\x00\x0c\x00\x06\x00\
\x01\x00\x06\x00\x00\x00\x02\xd5\x00\xc3\x81\x84\x02\xf8\x00.\
\x81\x84\x00\x80\x02\x00\x0c\x00\x05\x00\x01\x00\x06\x00\x00\x00\
\x81\x00\x80\x81\x84\x02X\x00\x10\x81\x84\x80\x02\x00\x0c\x00\
\x05\x00\x01\x00\x05\x00\x00\x00\x81\x00\xc8\x81\x84\x81\x00\xfb\
\x81\x84\x00\
\x00\x00\x02\xd0\
\x89\
PNG\x0d\x0a\x1a\x0a\x00\x00\x00\x0dIHDR\x00\
\x00\x00`\x00\x00\x00`\x08\x06\x00\x00\x00\xe2\x98w8\
\x00\x00\x00\x01sRGB\x00\xae\xce\x1c\xe9\x00\x00\x02\
\x8aIDATx^\xed\x9dQR\xc20\x14E[\
\x5c\x82\x83\xa3\x7f\xb84W\xaa;\x91?\x1cg\x1cW\
 u:\x82\x02\x02\xcd\xebKr\xd3\xe6\xf0\x9d\xe4\xc1\
9\xef\x86\xc6\x02\xb6\x0d\x0f)\x81VZ\x9d\xe2\x0d\x02\
\xc4M\x80\x00\x04\x88\x09\x88\xcb\x93\x00\x04\x88\x09\x88\xcb\
\x93\x00\x04\x88\x09\x88\xcb\x93\x00\x04\x88\x09\x88\xcb\x93\x00\
\x04\xc4%\xf0\xf6\xfe\xd1\xc5]\xd1\xb6\xda\xfd\xdd\xad\xa9\
\xa9M\x83mOE3\x1a\x01\x1a\xee\xbfU\x11\x80\x00\
\xd3\xaeb\x1a,f\x1bT\x9e\x04\x04aJ7\x08\x01\
\xe9\xd8\x06\xad\x8c\x80 L\xe9\x06! \x1d\xdbl+\
o6\x9f\xab\xf6f\xfb:\xa6`\xf5\xe7\x801\xd0\x0e\
\xe7x\xe0\xf7\xeb \xc0a\xc0\x0b\x1f\x01b\xf8\x08\x18\
) F\xe7\xefK\xb3\x05\x19%\x18\xe1\xaf\x9b\xa6Y\
]+\x81\x00\x83\x00+\xfc\xae\xdd>\xb5\xdd\xe2\x19\x01\
\x06\xc8\x97\x86\x8e\x81\xff\xb0\x5c\xbe\x0c\x9d3H@\x80\
\x9c\xb1\xf0\xfb\xa5\x11\x10\x00\xf8\xda\x10\x0f|\x04\x88\xe1\
#\xc0!\xc0\xdb\xf9\xfb\xd2lA#$\xc4\x82O\x02\
\xc4\xf0\x11`\x14\x10\xb3\xf3\xd9\x82\x0a\x80O\x02\x02%\
\xa4\xe8|\x12P\x00|\x120 !e\xe7\x93\x80\x02\
\xe0\x93\x80\x0b\x12rt>\x09(\x00>\x098\x91\x90\
\xb3\xf3I@\x01\xf0I\xc0N\x82\xa2\xf3\x03\xaf\x82\xcd\
\xc3&\xf7\xe1\xdc9\xc1\xefmMJ\xc0\xdc\xe0OJ\
\xc0\x1c\xe1OF\xc0\x5c\xe1OB\xc0\x9c\xe1\x17/`\
\xee\xf0\x8b\x16P\x03\xfcQ\x02b\xdf\x94>w\xe1\x5c\
\x0b\xfc\x22\x05\xd4\x04\xbf8\x01\xb5\xc1/J@\x8d\xf0\
\x8b\x11P+\xfc\x22\x04\xd4\x0c_.\xa0v\xf8R\x01\
\xc0\xff\xb9\x007\xff54\xc69\x00\xf8\x7f\xa7\x9f\xec\
\x02\x80\x7f|\xf4\xcc*\x00\xf8\xff\xcf\xfd\xd9\x04\x00\xff\
\xfc\xdd\xca,\x02\x80\x7f\xf9Vqr\x01\xc0\xbf~\x9f\
>\xa9\x00\xe0\x0f\x7fH\x22\x99\x00\xe0\x0f\xc3Ov\x0e\
\x00~\x18\xfc$\x02\xba\xaf\xc5\xa3\xe1\xc7\x8e\xd6\xfd\xd7\
\xff\xfbo\xa0\x87?\xe5y\x8d\x8c\xbe\x05\x19\xf0T\x0f\
?I\x02\x02\x05\x00\x7f\x07J\x91\x00\xe0\x1ftin\
\x01\xc0?\xd9\x22r\x0a\x00\xfe\x99\xfd9\x97\x00\xe0_\
xs\xcc% \xf0\xbdyx\x98\xf5\x07\x91\x86W\xd4\
\x8e@\x80\x96\x7f\xfc;b\xa9_\x0f\x09\x98\xd8\xbf\x08\
I\xdd\x10\xde\xf5\xd9\x82\xbc\x04\x9d\xf3\x11\xe0\x04\xe8\x9d\
\x8e\x00/A\xe7|\x048\x01z\xa7\x9b\x05x\x0b2\
\xff\x98\x00\x02\xc4\x1d\x81\x00\x04\x88\x09\x88\xcb\x93\x00\x04\
\x88\x09\x88\xcb\x93\x00\x04\x88\x09\x88\xcb\x93\x00\x04\x88\x09\
\x88\xcb\x93\x00\x04\x88\x09\x88\xcb\x7f\x03\xfb\xa7\xa7\x7f&\
\x9b\xb8+\x00\x00\x00\x00IEND\xaeB`\x82\
\x00\x00\x00\x9a\
<\
svg xmlns=\x22http:\
//www.w3.org/200\
0/svg\x22 height=\x222\
4px\x22 viewBox=\x220 \
-960 960 960\x22 wi\
dth=\x2224px\x22 fill=\
\x22#e8eaed\x22><path \
d=\x22M480-360 280-\
560h400L480-360Z\
\x22/></svg>\
\x00\x00\x01\x83\
\x89\
PNG\x0d\x0a\x1a\x0a\x00\x00\x00\x0dIHDR\x00\
\x00\x002\x00\x00\x002\x08\x06\x00\x00\x00\x1e?\x88\xb1\
\x00\x00\x00\x09pHYs\x00\x00\x0b\x13\x00\x00\x0b\x13\
\x01\x00\x9a\x9c\x18\x00\x00\x015IDATx\x9c\xed\
\x99MN\xc30\x10\x85\xbf\x0d\xddQ\xba-\x94;\x01\
\xc7\x00\xce\xd1\x96\xfb\xa0\xb2\xa7\xe2\xa7R\xc5\x9a\xee\x1b\
\x0e\x00\x070\xb24\x8b(\x1b~\xe2\x89mx\x9f4\
\x0bG\xd1\x8c_\xde\x93#% D\x91\x8c\x80\x1b\xe0\
\x0d\x08\xbf\xac\x06XZ\xafl,{\x08\xe8\xd6\x22\x9f\
\x8c~Nt+\xf6\xcaFH\x5c\xd9\x90\x10\xe4\x88\x0f\
\x8a\x16\x8a\x96\x0f\x8a\x16\x8a\x96\x0f\x8a\x16\x99\xa3\xb5\x01\
\x9e\x06pdm\xe5Fw\xa0\x97\x90\xe0\xed\x90\x84 \
G|\xf8\xb3\xd1\xf2\x22H\xc8\x7f\x8fV\x90\x10\xear\
\xe4\x168\x01f\xc0\xaa\xe6h\xcdZ\xf7\x9eJH\x01\
\x8e\xac\xcc\x95\xe8\xc6]\xc9\x8e4\x09O\xad\xfd\x90B\
\xdem\xc0\xa1\xad\x17\x09\x85\xcc\xad\xe7\x91\xad\xe3,7\
\x9em\xc8\x99\xadG&\xa6\xe9\xe9\xc4\xbc\xf5\x7f\xe4\xc2\
\xae?z\x0a\xb9\xb6!\xaf\xc0\xc4\xa1\xff\x04\xd8\xd9\x8c\
K\x1c\x89O\xed\xa5%\xe6\x1c\x18'\xe8;6'v\
\xd6{\x0b\x1c\xe0\xccqK\x8cGm\x81)\x03\x11\x9d\
\xb9\xb2\x1c\x7f$\xd8|\xec\xf1`qrw\xe2\xa7|\
\xf5\xae\xa8\x86 !\x85!GJ\xa3:G\xd6\x09\x8e\
_\xd7\xef\xbcC\x0a\xb9\xff\xf64A\x1d|\x02V\xdd\
\x19\x97\x8d\xdb\xa1#\x00\x00\x00\x00IEND\xaeB\
`\x82\
\x00\x00\x01-\
<\
svg xmlns=\x22http:\
//www.w3.org/200\
0/svg\x22 height=\x222\
4px\x22 viewBox=\x220 \
-960 960 960\x22 wi\
dth=\x2224px\x22 fill=\
\x22#e8eaed\x22><path \
d=\x22M160-160q-33 \
0-56.5-23.5T80-2\
40v-480q0-33 23.\
5-56.5T160-800h2\
40l80 80h320q33 \
0 56.5 23.5T880-\
640v400q0 33-23.\
5 56.5T800-160H1\
60Zm0-80h640v-40\
0H447l-80-80H160\
v480Zm0 0v-480 4\
80Z\x22/></svg>\
"

qt_resource_name = b"\
\x00\x05\
\x00o\xa6S\
\x00i\
\x00c\x00o\x00n\x00s\
\x00\x0f\
\x0e\xaa%\xa7\
\x00m\
\x00i\x00c\x00r\x00o\x00_\x00g\x00r\x00e\x00e\x00n\x00.\x00p\x00n\x00g\
\x00\x09\
\x08\x97\xa2\x07\
\x00s\
\x00t\x00a\x00r\x00t\x00.\x00p\x00n\x00g\
\x00\x08\
\x0bcX\x07\
\x00s\
\x00t\x00o\x00p\x00.\x00p\x00n\x00g\
\x00\x09\
\x0a\x92\xb0\xa7\
\x00m\
\x00i\x00c\x00r\x00o\x00.\x00p\x00n\x00g\
\x00\x09\
\x0c\x98\xbaG\
\x00p\
\x00a\x00u\x00s\x00e\x00.\x00p\x00n\x00g\
\x00\x09\
\x06\x98\x8e\xa7\
\x00c\
\x00l\x00o\x00s\x00e\x00.\x00s\x00v\x00g\
\x00\x0c\
\x08\xfc\xe1G\
\x00c\
\x00o\x00n\x00t\x00i\x00n\x00u\x00e\x00.\x00p\x00n\x00g\
\x00\x0c\
\x0f\x88\xf7\xc7\
\x00m\
\x00i\x00n\x00i\x00m\x00i\x00z\x00e\x00.\x00p\x00n\x00g\
\x00\x0a\
\x06\xceI\xc7\
\x00a\
\x00r\x00r\x00_\x00u\x00p\x00.\x00s\x00v\x00g\
\x00\x08\
\x08zZ'\
\x00d\
\x00r\x00a\x00g\x00.\x00p\x00n\x00g\
\x00\x1c\
\x05\x8d\x95\xa6\
\x00O\
\x00s\x00w\x00a\x00l\x00d\x00-\x00V\x00a\x00r\x00i\x00a\x00b\x00l\x00e\x00F\x00o\
\x00n\x00t\x00_\x00w\x00g\x00h\x00t\x00.\x00t\x00t\x00f\
\x00\x08\
\x0c/Z\xe7\
\x00f\
\x00u\x00l\x00l\x00.\x00p\x00n\x00g\
\x00\x0a\
\x05\xb7I\xc7\
\x00a\
\x00r\x00r\x00_\x00d\x00w\x00.\x00s\x00v\x00g\
\x00\x08\
\x0aaZ\xa7\
\x00i\
\x00c\x00o\x00n\x00.\x00p\x00n\x00g\
\x00\x08\
\x08\xc8U\xe7\
\x00s\
\x00a\x00v\x00e\x00.\x00s\x00v\x00g\
"

qt_resource_struct = b"\
\x00\x00\x00\x00\x00\x02\x00\x00\x00\x01\x00\x00\x00\x01\
\x00\x00\x00\x00\x00\x00\x00\x00\
\x00\x00\x00\x00\x00\x02\x00\x00\x00\x0f\x00\x00\x00\x02\
\x00\x00\x00\x00\x00\x00\x00\x00\
\x00\x00\x01\x16\x00\x00\x00\x00\x00\x01\x00\x00(\xdb\
\x00\x00\x01\x94e]\xc2?\
\x00\x00\x01j\x00\x00\x00\x00\x00\x01\x00\x02\xc0G\
\x00\x00\x01\x91\xef-\x98{\
\x00\x00\x00\x92\x00\x00\x00\x00\x00\x01\x00\x00\x18\xfc\
\x00\x00\x01\x91\xed>d\xca\
\x00\x00\x00\xe6\x00\x00\x00\x00\x00\x01\x00\x00#\xdc\
\x00\x00\x01\x91\xef-\x93\x15\
\x00\x00\x01\x00\x00\x00\x00\x00\x00\x01\x00\x00$z\
\x00\x00\x01\x91\xef\xe5\xcae\
\x00\x00\x004\x00\x00\x00\x00\x00\x01\x00\x00\x0aM\
\x00\x00\x01\x91\xefW\xb5p\
\x00\x00\x01\x9a\x00\x00\x00\x00\x00\x01\x00\x02\xc2l\
\x00\x00\x01\x91\xed\x13m\x88\
\x00\x00\x00\xaa\x00\x00\x00\x00\x00\x01\x00\x00\x19\xde\
\x00\x00\x01\x91\xefW3\x92\
\x00\x00\x01\x84\x00\x00\x00\x00\x00\x01\x00\x02\xc0\xe5\
\x00\x00\x01\x91\xe2K\xec)\
\x00\x00\x00b\x00\x00\x00\x00\x00\x01\x00\x00\x12\x04\
\x00\x00\x01\x91\xed\x16\xd2\x05\
\x00\x00\x00L\x00\x00\x00\x00\x00\x01\x00\x00\x0f\xb8\
\x00\x00\x01\x91\xefWQ\xe0\
\x00\x00\x01T\x00\x00\x00\x00\x00\x01\x00\x02\xbds\
\x00\x00\x01\x91\xef\xdf\x9a\xdd\
\x00\x00\x00z\x00\x00\x00\x00\x00\x01\x00\x00\x16\xc3\
\x00\x00\x01\x91\xefW\x0d\x9f\
\x00\x00\x00\x10\x00\x00\x00\x00\x00\x01\x00\x00\x00\x00\
\x00\x00\x01\x91\xed$\x80\xfb\
\x00\x00\x00\xc8\x00\x00\x00\x00\x00\x01\x00\x00\x1c\xa0\
\x00\x00\x01\x91\xedG\xaa\x8a\
"

def qInitResources():
    qRegisterResourceData(0x03, qt_resource_struct, qt_resource_name, qt_resource_data)

def qCleanupResources():
    qUnregisterResourceData(0x03, qt_resource_struct, qt_resource_name, qt_resource_data)

qInitResources()
